BestellungID;KundeID;VereinsPartnerID;Kaufdatum;Kreditkarte;GueltigBis;KKFirma;ProduktID;Menge;Preis;Rabatt
RS0000901;;VolleRose;13.03.2022;;;;50;15;5,4;0
RS0000902;;VolleRose;13.03.2022;;;;60;41;0,3;0
RS0000903;;VolleRose;13.03.2022;;;;72;21;1,8;0
RS0000904;;VolleRose;13.03.2022;;;;48;36;4,3;0
RS0000905;;VolleRose;13.03.2022;;;;63;5;4,3;0
RS0000906;;VolleRose;13.03.2022;;;;69;4;1,8;0
RS0000907;;VolleRose;13.03.2022;;;;63;15;4,3;0
RS0000908;;VolleRose;13.03.2022;;;;24;12;2,8;0
RS0000909;;VolleRose;13.03.2022;;;;55;31;4,8;0
RS0000910;;VolleRose;13.03.2022;;;;112;19;3,8;0
RS0000911;;VolleRose;13.03.2022;;;;70;46;7,8;0
RS0000912;;VolleRose;13.03.2022;;;;57;23;7,8;0
RS0000913;;VolleRose;13.03.2022;;;;35;6;0,8;0
RS0000914;;VolleRose;13.03.2022;;;;75;47;6,8;0
RS0000915;;VolleRose;13.03.2022;;;;36;41;0,3;0
RS0000916;;VolleRose;13.03.2022;;;;33;38;0,6;0
RS0000917;;VolleRose;13.03.2022;;;;115;36;4,3;0
RS0000918;;VolleRose;13.03.2022;;;;10;32;0,3;0
RS0000919;;VolleRose;13.03.2022;;;;42;5;2,2;0
RS0000920;;VolleRose;13.03.2022;;;;22;40;1,8;0
RS0000921;;VolleRose;13.03.2022;;;;119;41;1,8;0
RS0000922;;VolleRose;13.03.2022;;;;3;17;4,8;0
RS0000923;;VolleRose;13.03.2022;;;;125;28;6,8;0
RS0000924;;VolleRose;13.03.2022;;;;67;18;3,3;0
RS0000925;;VolleRose;13.03.2022;;;;4;47;4,8;0
RS0000926;;VolleRose;13.03.2022;;;;8;13;7,8;0
RS0000927;;VolleRose;13.03.2022;;;;75;37;6,8;0
RS0000928;;VolleRose;13.03.2022;;;;56;10;6,8;0
RS0000929;;VolleRose;13.03.2022;;;;92;14;2,2;0
RS0000930;;VolleRose;13.03.2022;;;;74;1;2,8;0
RS0000931;;VolleRose;13.03.2022;;;;52;40;3,8;0
RS0000932;;VolleRose;13.03.2022;;;;64;48;4,3;0
RS0000933;;VolleRose;13.03.2022;;;;107;37;7,8;0
RS0000934;;VolleRose;13.03.2022;;;;87;48;0,3;0
RS0000935;;VolleRose;13.03.2022;;;;19;21;1,8;0
RS0000936;;VolleRose;13.03.2022;;;;10;22;0,3;0
RS0000937;;VolleRose;13.03.2022;;;;21;40;3,8;0
RS0000938;;VolleRose;13.03.2022;;;;8;36;7,8;0
RS0000939;;VolleRose;13.03.2022;;;;22;31;1,8;0
RS0000940;;VolleRose;13.03.2022;;;;84;10;0,55;0
RS0000941;;VolleRose;13.03.2022;;;;62;11;3,8;0
RS0000942;;VolleRose;13.03.2022;;;;5;4;4,8;0
RS0000943;;VolleRose;13.03.2022;;;;6;29;6,8;0
RS0000944;;VolleRose;13.03.2022;;;;83;23;0,6;0
RS0000945;;VolleRose;13.03.2022;;;;78;32;1,8;0
RS0000946;;VolleRose;13.03.2022;;;;68;14;5,8;0
RS0000947;;VolleRose;13.03.2022;;;;117;39;3,3;0
RS0000948;;VolleRose;13.03.2022;;;;67;3;3,3;0
RS0000949;;VolleRose;13.03.2022;;;;81;17;1,8;0
RS0000950;;VolleRose;13.03.2022;;;;109;41;2,8;0
RS0000951;;VolleRose;13.03.2022;;;;43;38;2,1;0
RS0000952;;VolleRose;13.03.2022;;;;19;42;1,8;0
RS0000953;;VolleRose;13.03.2022;;;;56;27;6,8;0
RS0000954;;VolleRose;13.03.2022;;;;78;41;1,8;0
RS0000955;;VolleRose;13.03.2022;;;;115;31;4,3;0
RS0000956;;VolleRose;13.03.2022;;;;44;10;3,8;0
RS0000957;;VolleRose;13.03.2022;;;;63;4;4,3;0
RS0000958;;VolleRose;13.03.2022;;;;14;5;4,3;0
RS0000959;;VolleRose;13.03.2022;;;;24;34;2,8;0
RS0000959;;VolleRose;13.03.2022;;;;77;28;1,8;0
RS0000960;;VolleRose;13.03.2022;;;;105;9;4,8;0
RS0000961;;VolleRose;13.03.2022;;;;27;34;1,8;0
RS0000962;;VolleRose;13.03.2022;;;;25;43;6,8;0
RS0000963;;VolleRose;13.03.2022;;;;41;15;1;0
RS0000964;;VolleRose;13.03.2022;;;;79;27;1,3;0
RS0000965;;VolleRose;13.03.2022;;;;19;17;1,8;0
RS0000966;;VolleRose;13.03.2022;;;;19;42;1,8;0
RS0000967;;VolleRose;13.03.2022;;;;92;4;2,2;0
RS0000968;;VolleRose;13.03.2022;;;;96;9;7,8;0
RS0000969;;VolleRose;13.03.2022;;;;9;8;2,8;0
RS0000970;;VolleRose;13.03.2022;;;;125;2;6,8;0
RS0000971;;VolleRose;13.03.2022;;;;94;44;3,8;0
RS0000972;;VolleRose;13.03.2022;;;;109;40;2,8;0
RS0000973;;VolleRose;13.03.2022;;;;29;48;1,3;0
RS0000974;;VolleRose;13.03.2022;;;;67;29;3,3;0
RS0000974;;VolleRose;13.03.2022;;;;85;15;0,8;0
RS0000975;;VolleRose;13.03.2022;;;;120;16;7,8;0
RS0000976;;VolleRose;13.03.2022;;;;83;24;0,6;0
RS0000977;;VolleRose;13.03.2022;;;;73;47;2,8;0
RS0000978;;VolleRose;13.03.2022;;;;80;32;3,8;0
RS0000979;;VolleRose;13.03.2022;;;;76;15;3,8;0
RS0000980;;VolleRose;13.03.2022;;;;7;49;7,8;0
RS0000981;;VolleRose;13.03.2022;;;;67;4;3,3;0
RS0000982;;VolleRose;13.03.2022;;;;5;15;4,8;0
RS0000983;;VolleRose;13.03.2022;;;;103;24;4,8;0
RS0000984;;VolleRose;13.03.2022;;;;82;11;4,8;0
RS0000985;;VolleRose;13.03.2022;;;;76;18;3,8;0
RS0000986;;VolleRose;13.03.2022;;;;112;34;3,8;0
RS0000987;;VolleRose;13.03.2022;;;;27;14;1,8;0
RS0000988;;VolleRose;13.03.2022;;;;125;11;6,8;0
RS0000989;;VolleRose;13.03.2022;;;;18;22;5,8;0
RS0000989;;VolleRose;13.03.2022;;;;35;48;0,8;0
RS0000989;;VolleRose;13.03.2022;;;;44;38;3,8;0
RS0000990;;VolleRose;13.03.2022;;;;44;38;3,8;0
RS0000991;;VolleRose;13.03.2022;;;;24;34;2,8;0
RS0000992;;VolleRose;13.03.2022;;;;67;29;3,3;0
RS0000993;;VolleRose;13.03.2022;;;;18;22;5,8;0
RS0000994;;VolleRose;13.03.2022;;;;36;25;0,3;0
RS0000995;;VolleRose;13.03.2022;;;;45;23;1,8;0
RS0000996;;VolleRose;13.03.2022;;;;1;9;1,8;0
RS0000997;;VolleRose;13.03.2022;;;;81;29;1,8;0
RS0000998;;VolleRose;13.03.2022;;;;37;12;0,3;0
RS0000999;;VolleRose;13.03.2022;;;;28;41;1,8;0
RS0001000;;VolleRose;13.03.2022;;;;80;13;3,8;0
RS0001001;;VolleRose;13.03.2022;;;;54;37;4,8;0
RS0001002;;VolleRose;13.03.2022;;;;96;49;7,8;0
RS0001003;;VolleRose;13.03.2022;;;;24;10;2,8;0
RS0001004;;VolleRose;13.03.2022;;;;36;25;0,3;0
RS0001004;;VolleRose;13.03.2022;;;;68;25;5,8;0
RS0001005;;VolleRose;13.03.2022;;;;65;8;4,3;0
RS0001006;;VolleRose;13.03.2022;;;;71;47;3,8;0
RS0001007;;VolleRose;13.03.2022;;;;44;16;3,8;0
RS0001008;;VolleRose;13.03.2022;;;;63;40;4,3;0
RS0001009;;VolleRose;13.03.2022;;;;96;42;7,8;0
RS0001010;;VolleRose;13.03.2022;;;;53;38;4,8;0
RS0001011;;VolleRose;13.03.2022;;;;87;43;0,3;0
RS0001012;;VolleRose;13.03.2022;;;;47;27;8,8;0
RS0001013;;VolleRose;13.03.2022;;;;37;37;0,3;0
RS0001014;;VolleRose;13.03.2022;;;;125;42;6,8;0
RS0001015;;VolleRose;13.03.2022;;;;43;37;2,1;0
RS0001016;;VolleRose;13.03.2022;;;;81;25;1,8;0
RS0001017;;VolleRose;13.03.2022;;;;84;3;0,55;0
RS0001018;;VolleRose;13.03.2022;;;;34;37;0,55;0
RS0001019;;VolleRose;13.03.2022;;;;45;23;1,8;0
RS0001019;;VolleRose;13.03.2022;;;;65;19;4,3;0
RS0001020;;VolleRose;13.03.2022;;;;51;30;1,8;0
RS0001021;;VolleRose;13.03.2022;;;;100;3;5,4;0
RS0001022;;VolleRose;13.03.2022;;;;19;22;1,8;0
RS0001023;;VolleRose;13.03.2022;;;;76;39;3,8;0
RS0001024;;VolleRose;13.03.2022;;;;32;17;4,8;0
RS0001025;;VolleRose;13.03.2022;;;;123;7;2,8;0
RS0001026;;VolleRose;13.03.2022;;;;38;45;0,3;0
RS0001027;;VolleRose;13.03.2022;;;;9;36;2,8;0
RS0001028;;VolleRose;13.03.2022;;;;39;22;0,6;0
RS0001029;;VolleRose;13.03.2022;;;;65;27;4,3;0
RS0001030;;VolleRose;13.03.2022;;;;89;7;0,6;0
RS0001031;;VolleRose;13.03.2022;;;;76;37;3,8;0
RS0001032;;VolleRose;13.03.2022;;;;79;7;1,3;0
RS0001033;;VolleRose;13.03.2022;;;;125;16;6,8;0
RS0001034;;VolleRose;13.03.2022;;;;1;9;1,8;0
RS0001034;;VolleRose;13.03.2022;;;;75;6;6,8;0
RS0001035;;VolleRose;13.03.2022;;;;121;43;3,8;0
RS0001036;;VolleRose;13.03.2022;;;;23;32;2,8;0
RS0001037;;VolleRose;13.03.2022;;;;31;29;1,8;0
RS0001037;;VolleRose;13.03.2022;;;;50;15;5,4;0
RS0001038;;VolleRose;13.03.2022;;;;15;39;4,3;0
RS0001039;;VolleRose;13.03.2022;;;;109;9;2,8;0
RS0001040;;VolleRose;13.03.2022;;;;103;38;4,8;0
RS0001041;;VolleRose;13.03.2022;;;;82;37;4,8;0
RS0001042;107;VolleRose;13.03.2022;0000 6425 0800 2000;10/23;Mastercard;60;41;0,3;0
RS0001042;107;VolleRose;13.03.2022;0000 6425 0800 2000;10/23;Mastercard;99;28;3,6;0
RS0001043;;VolleRose;13.03.2022;;;;3;10;4,8;0
RS0001044;;VolleRose;13.03.2022;;;;43;7;2,1;0
RS0001045;;VolleRose;13.03.2022;;;;93;9;2,1;0
RS0001046;;VolleRose;13.03.2022;;;;6;9;6,8;0
RS0001047;;VolleRose;13.03.2022;;;;49;18;3,6;0
RS0001048;;VolleRose;13.03.2022;;;;85;18;0,8;0
RS0001049;;VolleRose;13.03.2022;;;;81;29;1,8;0
RS0001049;;VolleRose;13.03.2022;;;;108;46;7,8;0
RS0001050;;VolleRose;13.03.2022;;;;88;42;0,3;0
RS0001051;;VolleRose;13.03.2022;;;;47;44;8,8;0
RS0001052;;VolleRose;13.03.2022;;;;35;38;0,8;0
RS0001053;;VolleRose;13.03.2022;;;;10;3;0,3;0
RS0001054;;VolleRose;13.03.2022;;;;99;44;3,6;0
RS0001055;;VolleRose;13.03.2022;;;;101;33;1,8;0
RS0001056;;VolleRose;13.03.2022;;;;52;17;3,8;0
RS0001057;;VolleRose;13.03.2022;;;;76;48;3,8;0
RS0001058;;VolleRose;13.03.2022;;;;26;22;3,8;0
RS0001059;;VolleRose;13.03.2022;;;;56;49;6,8;0
RS0001059;;VolleRose;13.03.2022;;;;67;14;3,3;0
RS0001060;;VolleRose;13.03.2022;;;;44;1;3,8;0
RS0001061;;VolleRose;13.03.2022;;;;38;27;0,3;0
RS0001062;;VolleRose;13.03.2022;;;;13;12;4,3;0
RS0001063;;VolleRose;13.03.2022;;;;120;31;7,8;0
RS0001064;;VolleRose;13.03.2022;;;;37;12;0,3;0
RS0001064;;VolleRose;13.03.2022;;;;95;25;1,8;0
RS0001065;;VolleRose;13.03.2022;;;;71;47;3,8;0
RS0001066;;VolleRose;13.03.2022;;;;34;22;0,55;0
RS0001067;;VolleRose;13.03.2022;;;;116;49;2,8;0
RS0001068;;VolleRose;13.03.2022;;;;95;35;1,8;0
RS0001069;;VolleRose;13.03.2022;;;;56;49;6,8;0
RS0001070;;VolleRose;13.03.2022;;;;57;32;7,8;0
RS0001071;;VolleRose;13.03.2022;;;;69;14;1,8;0
RS0001072;;VolleRose;13.03.2022;;;;86;28;0,3;0
RS0001073;;VolleRose;13.03.2022;;;;9;6;2,8;0
RS0001074;;VolleRose;13.03.2022;;;;7;18;7,8;0
RS0001075;;VolleRose;13.03.2022;;;;117;32;3,3;0
RS0001076;;VolleRose;13.03.2022;;;;52;16;3,8;0
RS0001077;;VolleRose;13.03.2022;;;;72;26;1,8;0
RS0001078;;VolleRose;13.03.2022;;;;60;22;0,3;0
RS0001079;;VolleRose;13.03.2022;;;;28;41;1,8;0
RS0001079;;VolleRose;13.03.2022;;;;35;12;0,8;0
RS0001079;;VolleRose;13.03.2022;;;;57;32;7,8;0
RS0001080;;VolleRose;13.03.2022;;;;53;17;4,8;0
RS0001081;;VolleRose;13.03.2022;;;;16;27;2,8;0
RS0001082;;VolleRose;13.03.2022;;;;19;17;1,8;0
RS0001083;;VolleRose;13.03.2022;;;;123;29;2,8;0
RS0001084;;VolleRose;13.03.2022;;;;90;32;0,8;0
RS0001085;;VolleRose;13.03.2022;;;;13;4;4,3;0
RS0001086;;VolleRose;13.03.2022;;;;25;31;6,8;0
RS0001087;;VolleRose;13.03.2022;;;;93;36;2,1;0
RS0001088;;VolleRose;13.03.2022;;;;92;31;2,2;0
RS0001089;;VolleRose;13.03.2022;;;;73;7;2,8;0
RS0001090;;VolleRose;13.03.2022;;;;66;5;2,8;0
RS0001091;;VolleRose;13.03.2022;;;;37;10;0,3;0
RS0001092;;VolleRose;13.03.2022;;;;113;30;4,3;0
RS0001093;;VolleRose;13.03.2022;;;;104;33;4,8;0
RS0001094;;VolleRose;13.03.2022;;;;64;40;4,3;0
RS0001094;;VolleRose;13.03.2022;;;;80;13;3,8;0
RS0001095;;VolleRose;13.03.2022;;;;117;41;3,3;0
RS0001096;;VolleRose;13.03.2022;;;;66;47;2,8;0
RS0001097;;VolleRose;13.03.2022;;;;1;19;1,8;0
RS0001098;;VolleRose;13.03.2022;;;;32;10;4,8;0
RS0001099;;VolleRose;13.03.2022;;;;36;26;0,3;0
RS0001099;;VolleRose;13.03.2022;;;;69;14;1,8;0
RS0001100;;VolleRose;13.03.2022;;;;92;45;2,2;0
RS0001101;;VolleRose;13.03.2022;;;;42;33;2,2;0
RS0001102;;VolleRose;13.03.2022;;;;12;43;3,8;0
RS0001103;;VolleRose;13.03.2022;;;;29;31;1,3;0
RS0001104;;VolleRose;13.03.2022;;;;82;18;4,8;0
RS0001105;;VolleRose;13.03.2022;;;;57;44;7,8;0
RS0001106;;VolleRose;13.03.2022;;;;6;39;6,8;0
RS0001107;;VolleRose;13.03.2022;;;;83;42;0,6;0
RS0001108;;VolleRose;13.03.2022;;;;58;18;7,8;0
RS0001109;;VolleRose;13.03.2022;;;;11;30;7,8;0
RS0001109;;VolleRose;13.03.2022;;;;54;37;4,8;0
RS0001110;;VolleRose;13.03.2022;;;;40;36;0,8;0
RS0001111;;VolleRose;13.03.2022;;;;32;28;4,8;0
RS0001112;;VolleRose;13.03.2022;;;;62;23;3,8;0
RS0001113;;VolleRose;13.03.2022;;;;67;18;3,3;0
RS0001114;;VolleRose;13.03.2022;;;;44;1;3,8;0
RS0001115;;VolleRose;13.03.2022;;;;86;33;0,3;0
RS0001116;;VolleRose;13.03.2022;;;;66;22;2,8;0
RS0001117;;VolleRose;13.03.2022;;;;10;3;0,3;0
RS0001118;;VolleRose;13.03.2022;;;;93;19;2,1;0
RS0001119;;VolleRose;13.03.2022;;;;49;38;3,6;0
RS0001119;;VolleRose;13.03.2022;;;;86;28;0,3;0
RS0001120;;VolleRose;13.03.2022;;;;93;23;2,1;0
RS0001121;;VolleRose;13.03.2022;;;;46;32;7,8;0
RS0001122;;VolleRose;13.03.2022;;;;70;35;7,8;0
RS0001123;;VolleRose;13.03.2022;;;;42;1;2,2;0
RS0001124;;VolleRose;13.03.2022;;;;85;9;0,8;0
RS0001124;;VolleRose;13.03.2022;;;;96;49;7,8;0
RS0001125;;VolleRose;13.03.2022;;;;38;9;0,3;0
RS0001126;;VolleRose;13.03.2022;;;;58;19;7,8;0
RS0001127;;VolleRose;13.03.2022;;;;95;20;1,8;0
RS0001128;;VolleRose;13.03.2022;;;;66;28;2,8;0
RS0001129;;VolleRose;13.03.2022;;;;31;30;1,8;0
RS0001130;;VolleRose;13.03.2022;;;;107;35;7,8;0
RS0001131;;VolleRose;13.03.2022;;;;43;5;2,1;0
RS0001132;;VolleRose;13.03.2022;;;;16;2;2,8;0
RS0001133;;VolleRose;13.03.2022;;;;100;45;5,4;0
RS0001134;;VolleRose;13.03.2022;;;;39;49;0,6;0
RS0001135;;VolleRose;13.03.2022;;;;112;6;3,8;0
RS0001136;;VolleRose;13.03.2022;;;;125;44;6,8;0
RS0001137;;VolleRose;13.03.2022;;;;104;28;4,8;0
RS0001138;;VolleRose;13.03.2022;;;;16;11;2,8;0
RS0001139;;VolleRose;13.03.2022;;;;9;6;2,8;0
RS0001139;;VolleRose;13.03.2022;;;;18;13;5,8;0
RS0001139;;VolleRose;13.03.2022;;;;24;10;2,8;0
RS0001139;;VolleRose;13.03.2022;;;;46;32;7,8;0
RS0001139;;VolleRose;13.03.2022;;;;93;19;2,1;0
RS0001139;;VolleRose;13.03.2022;;;;116;49;2,8;0
RS0001139;;VolleRose;13.03.2022;;;;120;31;7,8;0
RS0001140;;VolleRose;13.03.2022;;;;95;9;1,8;0
RS0001141;;VolleRose;13.03.2022;;;;35;2;0,8;0
RS0001142;;VolleRose;13.03.2022;;;;28;41;1,8;0
RS0001143;;VolleRose;13.03.2022;;;;13;13;4,3;0
RS0001144;;VolleRose;13.03.2022;;;;43;19;2,1;0
RS0001145;;VolleRose;13.03.2022;;;;103;24;4,8;0
RS0001146;;VolleRose;13.03.2022;;;;16;31;2,8;0
RS0001147;;VolleRose;13.03.2022;;;;40;47;0,8;0
RS0001148;;VolleRose;13.03.2022;;;;86;10;0,3;0
RS0001149;;VolleRose;13.03.2022;;;;80;21;3,8;0
RS0001150;;VolleRose;13.03.2022;;;;68;27;5,8;0
RS0001151;;VolleRose;13.03.2022;;;;77;1;1,8;0
RS0001152;;VolleRose;13.03.2022;;;;121;48;3,8;0
RS0001153;;VolleRose;13.03.2022;;;;26;34;3,8;0
RS0001154;;VolleRose;13.03.2022;;;;68;25;5,8;0
RS0001154;;VolleRose;13.03.2022;;;;79;33;1,3;0
RS0001155;;VolleRose;13.03.2022;;;;65;40;4,3;0
RS0001156;;VolleRose;13.03.2022;;;;55;16;4,8;0
RS0001157;;VolleRose;13.03.2022;;;;15;40;4,3;0
RS0001158;;VolleRose;13.03.2022;;;;46;2;7,8;0
RS0001159;;VolleRose;13.03.2022;;;;7;18;7,8;0
RS0001159;;VolleRose;13.03.2022;;;;53;17;4,8;0
RS0001160;;VolleRose;13.03.2022;;;;26;5;3,8;0
RS0001161;;VolleRose;13.03.2022;;;;14;32;4,3;0
RS0001162;;VolleRose;13.03.2022;;;;27;46;1,8;0
RS0001163;;VolleRose;13.03.2022;;;;97;41;8,8;0
RS0001164;;VolleRose;13.03.2022;;;;120;49;7,8;0
RS0001165;;VolleRose;13.03.2022;;;;119;19;1,8;0
RS0001166;;VolleRose;13.03.2022;;;;109;13;2,8;0
RS0001167;;VolleRose;13.03.2022;;;;49;32;3,6;0
RS0001168;;VolleRose;13.03.2022;;;;88;12;0,3;0
RS0001169;;VolleRose;13.03.2022;;;;13;2;4,3;0
RS0001169;;VolleRose;13.03.2022;;;;65;8;4,3;0
RS0001170;;VolleRose;13.03.2022;;;;60;3;0,3;0
RS0001171;;VolleRose;13.03.2022;;;;119;22;1,8;0
RS0001172;;VolleRose;13.03.2022;;;;66;49;2,8;0
RS0001173;;VolleRose;13.03.2022;;;;109;14;2,8;0
RS0001174;;VolleRose;13.03.2022;;;;74;13;2,8;0
RS0001175;;VolleRose;13.03.2022;;;;76;27;3,8;0
RS0001176;;VolleRose;13.03.2022;;;;99;42;3,6;0
RS0001177;;VolleRose;13.03.2022;;;;30;5;3,8;0
RS0001178;;VolleRose;13.03.2022;;;;121;23;3,8;0
RS0001179;;VolleRose;13.03.2022;;;;111;25;7,8;0
RS0001179;;VolleRose;13.03.2022;;;;117;32;3,3;0
RS0001180;;VolleRose;13.03.2022;;;;83;32;0,6;0
RS0001181;;VolleRose;13.03.2022;;;;15;32;4,3;0
RS0001182;;VolleRose;13.03.2022;;;;52;15;3,8;0
RS0001183;;VolleRose;13.03.2022;;;;16;49;2,8;0
RS0001184;;VolleRose;13.03.2022;;;;69;32;1,8;0
RS0001184;;VolleRose;13.03.2022;;;;71;47;3,8;0
RS0001185;;VolleRose;13.03.2022;;;;49;37;3,6;0
RS0001186;;VolleRose;13.03.2022;;;;106;35;6,8;0
RS0001187;;VolleRose;13.03.2022;;;;28;39;1,8;0
RS0001188;;VolleRose;13.03.2022;;;;40;30;0,8;0
RS0001189;;VolleRose;13.03.2022;;;;57;48;7,8;0
RS0001190;;VolleRose;13.03.2022;;;;34;25;0,55;0
RS0001191;;VolleRose;13.03.2022;;;;39;31;0,6;0
RS0001192;;VolleRose;13.03.2022;;;;1;26;1,8;0
RS0001193;;VolleRose;13.03.2022;;;;96;33;7,8;0
RS0001194;;VolleRose;13.03.2022;;;;111;24;7,8;0
RS0001195;;VolleRose;13.03.2022;;;;58;40;7,8;0
RS0001196;;VolleRose;13.03.2022;;;;106;26;6,8;0
RS0001197;;VolleRose;13.03.2022;;;;14;19;4,3;0
RS0001198;;VolleRose;13.03.2022;;;;89;19;0,6;0
RS0001199;;VolleRose;13.03.2022;;;;38;5;0,3;0
RS0001199;;VolleRose;13.03.2022;;;;44;16;3,8;0
RS0001199;;VolleRose;13.03.2022;;;;52;16;3,8;0
RS0001200;;VolleRose;13.03.2022;;;;53;28;4,8;0
RS0001201;;VolleRose;13.03.2022;;;;55;25;4,8;0
RS0001202;;VolleRose;13.03.2022;;;;94;29;3,8;0
RS0001203;;VolleRose;13.03.2022;;;;119;29;1,8;0
RS0001204;;VolleRose;13.03.2022;;;;119;7;1,8;0
RS0001205;;VolleRose;13.03.2022;;;;50;7;5,4;0
RS0001206;;VolleRose;13.03.2022;;;;101;18;1,8;0
RS0001207;;VolleRose;13.03.2022;;;;17;25;3,3;0
RS0001208;;VolleRose;13.03.2022;;;;110;13;0,3;0
RS0001209;;VolleRose;13.03.2022;;;;89;20;0,6;0
RS0001210;;VolleRose;13.03.2022;;;;78;3;1,8;0
RS0001211;;VolleRose;13.03.2022;;;;89;8;0,6;0
RS0001212;;VolleRose;13.03.2022;;;;94;14;3,8;0
RS0001213;;VolleRose;13.03.2022;;;;51;5;1,8;0
RS0001214;;VolleRose;13.03.2022;;;;63;40;4,3;0
RS0001214;;VolleRose;13.03.2022;;;;112;9;3,8;0
RS0001215;;VolleRose;13.03.2022;;;;53;49;4,8;0
RS0001216;;VolleRose;13.03.2022;;;;1;10;1,8;0
RS0001217;;VolleRose;13.03.2022;;;;31;46;1,8;0
RS0001218;;VolleRose;13.03.2022;;;;86;27;0,3;0
RS0001219;;VolleRose;13.03.2022;;;;21;33;3,8;0
RS0001219;;VolleRose;13.03.2022;;;;72;26;1,8;0
RS0001220;;VolleRose;13.03.2022;;;;109;43;2,8;0
RS0001221;;VolleRose;13.03.2022;;;;87;2;0,3;0
RS0001222;;VolleRose;13.03.2022;;;;85;36;0,8;0
RS0001223;;VolleRose;13.03.2022;;;;74;35;2,8;0
RS0001224;;VolleRose;13.03.2022;;;;32;23;4,8;0
RS0001225;;VolleRose;13.03.2022;;;;20;23;7,8;0
RS0001226;;VolleRose;13.03.2022;;;;87;10;0,3;0
RS0001227;;VolleRose;13.03.2022;;;;22;37;1,8;0
RS0001228;;VolleRose;13.03.2022;;;;34;49;0,55;0
RS0001229;;VolleRose;13.03.2022;;;;80;41;3,8;0
RS0001229;;VolleRose;13.03.2022;;;;96;42;7,8;0
RS0001230;;VolleRose;13.03.2022;;;;66;22;2,8;0
RS0001231;;VolleRose;13.03.2022;;;;95;11;1,8;0
RS0001232;;VolleRose;13.03.2022;;;;8;20;7,8;0
RS0001233;;VolleRose;13.03.2022;;;;67;12;3,3;0
RS0001234;;VolleRose;13.03.2022;;;;24;47;2,8;0
RS0001235;;VolleRose;13.03.2022;;;;16;19;2,8;0
RS0001236;;VolleRose;13.03.2022;;;;76;9;3,8;0
RS0001237;;VolleRose;13.03.2022;;;;70;12;7,8;0
RS0001238;;VolleRose;13.03.2022;;;;66;39;2,8;0
RS0001239;;VolleRose;13.03.2022;;;;60;22;0,3;0
RS0001239;;VolleRose;13.03.2022;;;;90;46;0,8;0
RS0001239;;VolleRose;13.03.2022;;;;95;35;1,8;0
RS0001240;;VolleRose;13.03.2022;;;;83;37;0,6;0
RS0001241;;VolleRose;13.03.2022;;;;59;45;2,8;0
RS0001242;;VolleRose;13.03.2022;;;;41;29;1;0
RS0001243;;VolleRose;13.03.2022;;;;6;9;6,8;0
RS0001244;;VolleRose;13.03.2022;;;;53;38;4,8;0
RS0001244;;VolleRose;13.03.2022;;;;96;5;7,8;0
RS0001245;;VolleRose;13.03.2022;;;;31;40;1,8;0
RS0001246;;VolleRose;13.03.2022;;;;70;16;7,8;0
RS0001247;;VolleRose;13.03.2022;;;;82;49;4,8;0
RS0001248;;VolleRose;13.03.2022;;;;13;37;4,3;0
RS0001249;;VolleRose;13.03.2022;;;;46;38;7,8;0
RS0001250;;VolleRose;13.03.2022;;;;123;32;2,8;0
RS0001251;;VolleRose;13.03.2022;;;;38;35;0,3;0
RS0001252;;VolleRose;13.03.2022;;;;17;38;3,3;0
RS0001253;;VolleRose;13.03.2022;;;;98;36;4,3;0
RS0001254;;VolleRose;13.03.2022;;;;76;39;3,8;0
RS0001255;;VolleRose;13.03.2022;;;;36;24;0,3;0
RS0001256;;VolleRose;13.03.2022;;;;10;6;0,3;0
RS0001257;;VolleRose;13.03.2022;;;;69;13;1,8;0
RS0001258;;VolleRose;13.03.2022;;;;51;49;1,8;0
RS0001259;;VolleRose;13.03.2022;;;;35;12;0,8;0
RS0001259;;VolleRose;13.03.2022;;;;83;10;0,6;0
RS0001259;;VolleRose;13.03.2022;;;;87;43;0,3;0
RS0001260;;VolleRose;13.03.2022;;;;27;47;1,8;0
RS0001261;;VolleRose;13.03.2022;;;;122;12;1,8;0
RS0001262;;VolleRose;13.03.2022;;;;101;18;1,8;0
RS0001263;;VolleRose;13.03.2022;;;;88;34;0,3;0
RS0001264;;VolleRose;13.03.2022;;;;73;10;2,8;0
RS0001265;;VolleRose;13.03.2022;;;;20;28;7,8;0
RS0001266;;VolleRose;13.03.2022;;;;86;26;0,3;0
RS0001267;;VolleRose;13.03.2022;;;;6;5;6,8;0
RS0001268;;VolleRose;13.03.2022;;;;81;4;1,8;0
RS0001269;;VolleRose;13.03.2022;;;;71;16;3,8;0
RS0001270;;VolleRose;13.03.2022;;;;70;28;7,8;0
RS0001271;;VolleRose;13.03.2022;;;;109;15;2,8;0
RS0001272;;VolleRose;13.03.2022;;;;95;6;1,8;0
RS0001273;;VolleRose;13.03.2022;;;;43;6;2,1;0
RS0001274;;VolleRose;13.03.2022;;;;45;3;1,8;0
RS0001274;;VolleRose;13.03.2022;;;;47;27;8,8;0
RS0001275;;VolleRose;13.03.2022;;;;125;45;6,8;0
RS0001276;;VolleRose;13.03.2022;;;;81;2;1,8;0
RS0001277;;VolleRose;13.03.2022;;;;32;3;4,8;0
RS0001278;;VolleRose;13.03.2022;;;;89;36;0,6;0
RS0001279;;VolleRose;13.03.2022;;;;53;17;4,8;0
RS0001279;;VolleRose;13.03.2022;;;;89;22;0,6;0
RS0001280;;VolleRose;13.03.2022;;;;114;19;4,3;0
RS0001281;;VolleRose;13.03.2022;;;;100;41;5,4;0
RS0001282;;VolleRose;13.03.2022;;;;30;19;3,8;0
RS0001283;;VolleRose;13.03.2022;;;;22;14;1,8;0
RS0001284;;VolleRose;13.03.2022;;;;103;47;4,8;0
RS0001285;;VolleRose;13.03.2022;;;;102;41;3,8;0
RS0001286;;VolleRose;13.03.2022;;;;8;23;7,8;0
RS0001287;;VolleRose;13.03.2022;;;;72;29;1,8;0
RS0001288;;VolleRose;13.03.2022;;;;50;42;5,4;0
RS0001289;;VolleRose;13.03.2022;;;;37;37;0,3;0
RS0001289;;VolleRose;13.03.2022;;;;72;32;1,8;0
RS0001290;;VolleRose;13.03.2022;;;;43;28;2,1;0
RS0001291;;VolleRose;13.03.2022;;;;111;38;7,8;0
RS0001292;;VolleRose;13.03.2022;;;;103;42;4,8;0
RS0001293;;VolleRose;13.03.2022;;;;6;10;6,8;0
RS0001294;;VolleRose;13.03.2022;;;;41;33;1;0
RS0001295;;VolleRose;13.03.2022;;;;61;35;7,8;0
RS0001296;;VolleRose;13.03.2022;;;;88;22;0,3;0
RS0001297;;VolleRose;13.03.2022;;;;1;16;1,8;0
RS0001298;;VolleRose;13.03.2022;;;;81;46;1,8;0
RS0001299;;VolleRose;13.03.2022;;;;16;27;2,8;0
RS0001299;;VolleRose;13.03.2022;;;;54;34;4,8;0
RS0001300;;VolleRose;13.03.2022;;;;28;27;1,8;0
RS0001301;;VolleRose;13.03.2022;;;;70;30;7,8;0
RS0001302;;VolleRose;13.03.2022;;;;33;38;0,6;0
RS0001303;;VolleRose;13.03.2022;;;;109;10;2,8;0
RS0001304;;VolleRose;13.03.2022;;;;23;19;2,8;0
RS0001304;;VolleRose;13.03.2022;;;;125;42;6,8;0
RS0001305;;VolleRose;13.03.2022;;;;96;3;7,8;0
RS0001306;;VolleRose;13.03.2022;;;;25;1;6,8;0
RS0001307;;VolleRose;13.03.2022;;;;116;1;2,8;0
RS0001308;;VolleRose;13.03.2022;;;;46;22;7,8;0
RS0001309;;VolleRose;13.03.2022;;;;49;10;3,6;0
RS0001310;;VolleRose;13.03.2022;;;;119;48;1,8;0
RS0001311;;VolleRose;13.03.2022;;;;89;19;0,6;0
RS0001312;;VolleRose;13.03.2022;;;;110;49;0,3;0
RS0001313;;VolleRose;13.03.2022;;;;84;46;0,55;0
RS0001314;;VolleRose;13.03.2022;;;;68;23;5,8;0
RS0001315;;VolleRose;13.03.2022;;;;47;27;8,8;0
RS0001316;;VolleRose;13.03.2022;;;;5;34;4,8;0
RS0001317;;VolleRose;13.03.2022;;;;124;10;2,8;0
RS0001318;;VolleRose;13.03.2022;;;;13;16;4,3;0
RS0001319;;VolleRose;13.03.2022;;;;19;17;1,8;0
RS0001319;;VolleRose;13.03.2022;;;;28;20;1,8;0
RS0001319;;VolleRose;13.03.2022;;;;43;37;2,1;0
RS0001320;;VolleRose;13.03.2022;;;;112;2;3,8;0
RS0001321;;VolleRose;13.03.2022;;;;50;34;5,4;0
RS0001322;;VolleRose;13.03.2022;;;;7;25;7,8;0
RS0001323;;VolleRose;13.03.2022;;;;91;32;1;0
RS0001324;;VolleRose;13.03.2022;;;;120;3;7,8;0
RS0001325;;VolleRose;13.03.2022;;;;24;13;2,8;0
RS0001326;;VolleRose;13.03.2022;;;;117;29;3,3;0
RS0001327;;VolleRose;13.03.2022;;;;39;42;0,6;0
RS0001328;;VolleRose;13.03.2022;;;;81;30;1,8;0
RS0001329;;VolleRose;13.03.2022;;;;4;1;4,8;0
RS0001330;;VolleRose;13.03.2022;;;;116;43;2,8;0
RS0001331;;VolleRose;13.03.2022;;;;45;10;1,8;0
RS0001332;;VolleRose;13.03.2022;;;;16;33;2,8;0
RS0001333;;VolleRose;13.03.2022;;;;18;23;5,8;0
RS0001334;;VolleRose;13.03.2022;;;;36;31;0,3;0
RS0001334;;VolleRose;13.03.2022;;;;81;25;1,8;0
RS0001335;;VolleRose;13.03.2022;;;;51;12;1,8;0
RS0001336;;VolleRose;13.03.2022;;;;24;3;2,8;0
RS0001337;;VolleRose;13.03.2022;;;;71;27;3,8;0
RS0001338;;VolleRose;13.03.2022;;;;120;5;7,8;0
RS0001339;;VolleRose;13.03.2022;;;;35;14;0,8;0
RS0001339;;VolleRose;13.03.2022;;;;70;35;7,8;0
RS0001339;;VolleRose;13.03.2022;;;;123;29;2,8;0
RS0001340;;VolleRose;13.03.2022;;;;105;2;4,8;0
RS0001341;;VolleRose;13.03.2022;;;;83;22;0,6;0
RS0001342;;VolleRose;13.03.2022;;;;55;26;4,8;0
RS0001343;;VolleRose;13.03.2022;;;;120;26;7,8;0
RS0001344;;VolleRose;13.03.2022;;;;73;5;2,8;0
RS0001345;;VolleRose;13.03.2022;;;;111;11;7,8;0
RS0001346;;VolleRose;13.03.2022;;;;92;48;2,2;0
RS0001347;;VolleRose;13.03.2022;;;;7;42;7,8;0
RS0001348;;VolleRose;13.03.2022;;;;38;7;0,3;0
RS0001349;;VolleRose;13.03.2022;;;;84;3;0,55;0
RS0001349;;VolleRose;13.03.2022;;;;87;24;0,3;0
RS0001350;;VolleRose;13.03.2022;;;;95;40;1,8;0
RS0001351;;VolleRose;13.03.2022;;;;118;49;5,8;0
RS0001352;;VolleRose;13.03.2022;;;;109;15;2,8;0
RS0001353;;VolleRose;13.03.2022;;;;102;27;3,8;0
RS0001354;;VolleRose;13.03.2022;;;;5;27;4,8;0
RS0001355;;VolleRose;13.03.2022;;;;99;9;3,6;0
RS0001356;;VolleRose;13.03.2022;;;;71;24;3,8;0
RS0001357;;VolleRose;13.03.2022;;;;124;5;2,8;0
RS0001358;;VolleRose;13.03.2022;;;;3;25;4,8;0
RS0001359;;VolleRose;13.03.2022;;;;56;20;6,8;0
RS0001359;;VolleRose;13.03.2022;;;;90;32;0,8;0
RS0001360;;VolleRose;13.03.2022;;;;51;45;1,8;0
RS0001361;;VolleRose;13.03.2022;;;;46;36;7,8;0
RS0001362;;VolleRose;13.03.2022;;;;67;49;3,3;0
RS0001363;;VolleRose;13.03.2022;;;;115;13;4,3;0
RS0001364;;VolleRose;13.03.2022;;;;22;34;1,8;0
RS0001364;;VolleRose;13.03.2022;;;;34;37;0,55;0
RS0001364;;VolleRose;13.03.2022;;;;95;25;1,8;0
RS0001365;;VolleRose;13.03.2022;;;;32;12;4,8;0
RS0001366;;VolleRose;13.03.2022;;;;124;2;2,8;0
RS0001367;;VolleRose;13.03.2022;;;;30;16;3,8;0
RS0001368;;VolleRose;13.03.2022;;;;104;23;4,8;0
RS0001369;;VolleRose;13.03.2022;;;;27;33;1,8;0
RS0001370;;VolleRose;13.03.2022;;;;75;26;6,8;0
RS0001371;;VolleRose;13.03.2022;;;;60;28;0,3;0
RS0001372;;VolleRose;13.03.2022;;;;82;47;4,8;0
RS0001373;;VolleRose;13.03.2022;;;;18;14;5,8;0
RS0001374;;VolleRose;13.03.2022;;;;97;35;8,8;0
RS0001375;;VolleRose;13.03.2022;;;;22;36;1,8;0
RS0001376;;VolleRose;13.03.2022;;;;87;25;0,3;0
RS0001377;;VolleRose;13.03.2022;;;;80;1;3,8;0
RS0001378;;VolleRose;13.03.2022;;;;100;22;5,4;0
RS0001379;;VolleRose;13.03.2022;;;;13;4;4,3;0
RS0001379;;VolleRose;13.03.2022;;;;53;7;4,8;0
RS0001379;;VolleRose;13.03.2022;;;;65;19;4,3;0
RS0001380;;VolleRose;13.03.2022;;;;114;45;4,3;0
RS0001381;;VolleRose;13.03.2022;;;;20;10;7,8;0
RS0001382;;VolleRose;13.03.2022;;;;102;30;3,8;0
RS0001383;;VolleRose;13.03.2022;;;;107;6;7,8;0
RS0001384;;VolleRose;13.03.2022;;;;70;39;7,8;0
RS0001385;;VolleRose;13.03.2022;;;;115;35;4,3;0
RS0001386;;VolleRose;13.03.2022;;;;115;9;4,3;0
RS0001387;;VolleRose;13.03.2022;;;;55;3;4,8;0
RS0001388;;VolleRose;13.03.2022;;;;58;43;7,8;0
RS0001389;;VolleRose;13.03.2022;;;;106;14;6,8;0
RS0001390;;VolleRose;13.03.2022;;;;120;8;7,8;0
RS0001391;;VolleRose;13.03.2022;;;;19;9;1,8;0
RS0001392;;VolleRose;13.03.2022;;;;125;14;6,8;0
RS0001393;;VolleRose;13.03.2022;;;;94;29;3,8;0
RS0001394;;VolleRose;13.03.2022;;;;51;30;1,8;0
RS0001394;;VolleRose;13.03.2022;;;;66;30;2,8;0
RS0001395;;VolleRose;13.03.2022;;;;104;4;4,8;0
RS0001396;;VolleRose;13.03.2022;;;;8;1;7,8;0
RS0001397;;VolleRose;13.03.2022;;;;42;40;2,2;0
RS0001398;;VolleRose;13.03.2022;;;;20;9;7,8;0
RS0001399;;VolleRose;13.03.2022;;;;25;31;6,8;0
RS0001399;;VolleRose;13.03.2022;;;;100;24;5,4;0
RS0001400;;VolleRose;13.03.2022;;;;27;39;1,8;0
RS0001401;;VolleRose;13.03.2022;;;;4;5;4,8;0
RS0001402;;VolleRose;13.03.2022;;;;56;45;6,8;0
RS0001403;;VolleRose;13.03.2022;;;;75;22;6,8;0
RS0001404;;VolleRose;13.03.2022;;;;68;19;5,8;0
RS0001405;;VolleRose;13.03.2022;;;;74;14;2,8;0
RS0001406;;VolleRose;13.03.2022;;;;13;16;4,3;0
RS0001407;;VolleRose;13.03.2022;;;;74;2;2,8;0
RS0001408;;VolleRose;13.03.2022;;;;58;35;7,8;0
RS0001409;;VolleRose;13.03.2022;;;;100;3;5,4;0
RS0001409;;VolleRose;13.03.2022;;;;125;20;6,8;0
RS0001410;;VolleRose;13.03.2022;;;;104;48;4,8;0
RS0001411;;VolleRose;13.03.2022;;;;98;44;4,3;0
RS0001412;;VolleRose;13.03.2022;;;;49;20;3,6;0
RS0001413;;VolleRose;13.03.2022;;;;109;49;2,8;0
RS0001414;;VolleRose;13.03.2022;;;;47;15;8,8;0
RS0001415;;VolleRose;13.03.2022;;;;107;7;7,8;0
RS0001416;;VolleRose;13.03.2022;;;;30;11;3,8;0
RS0001417;;VolleRose;13.03.2022;;;;57;12;7,8;0
RS0001418;;VolleRose;13.03.2022;;;;24;24;2,8;0
RS0001419;;VolleRose;13.03.2022;0000 1461 0605 0000;04/17;VISA;56;38;6,8;0
RS0001419;;VolleRose;13.03.2022;0000 1461 0605 0000;04/17;VISA;93;36;2,1;0
RS0001420;388;VolleRose;13.03.2022;2510 2000 0429 6380;06/19;Mastercard;44;34;3,8;0
RS0001421;223;VolleRose;13.03.2022;0000 3974 1200 7100;05/14;VISA;86;39;0,3;0
RS0001422;;VolleRose;13.03.2022;0520 0000 0027 7808;10/17;Mastercard;86;29;0,3;0
RS0001423;;VolleRose;13.03.2022;0800 4000 0413 7874;11/23;VISA;35;27;0,8;0
RS0001424;198;VolleRose;13.03.2022;0000 4359 0200 9000;01/23;Mastercard;12;44;3,8;0
RS0001424;198;VolleRose;13.03.2022;0000 4359 0200 9000;01/23;Mastercard;19;22;1,8;0
RS0001425;;VolleRose;13.03.2022;0000 7277 0621 3900;02/20;VISA;100;44;5,4;0
RS0001426;;VolleRose;13.03.2022;0000 0818 0550 0000;04/90;VISA;111;21;7,8;0
RS0001427;376;VolleRose;13.03.2022;0400 0000 0712 1960;09/94;Mastercard;38;14;0,3;0
RS0001428;;VolleRose;13.03.2022;0000 1574 2500 0000;06/23;VISA;113;16;4,3;0
RS0001429;;VolleRose;13.03.2022;0000 8272 0691 1900;09/19;Mastercard;34;43;0,55;0
RS0001430;85;VolleRose;13.03.2022;0000 6071 1600 0000;10/15;Mastercard;56;22;6,8;0
RS0001431;;VolleRose;13.03.2022;2510 2000 0429 6380;06/19;Mastercard;40;32;0,8;0
RS0001432;64;VolleRose;13.03.2022;0000 0955 0912 0000;10/23;Mastercard;35;20;0,8;0
RS0001433;;VolleRose;13.03.2022;0505 0000 0337 8867;02/23;Mastercard;116;31;2,8;0
RS0001434;;VolleRose;13.03.2022;0000 6279 0500 0000;12/97;American Express;50;10;5,4;0
RS0001435;;VolleRose;13.03.2022;0000 8078 0608 9600;12/15;American Express;6;23;6,8;0
RS0001436;;VolleRose;13.03.2022;0000 2761 3700 8600;06/23;Mastercard;44;48;3,8;0
RS0001437;;VolleRose;13.03.2022;0000 5012 0700 8800;09/88;Mastercard;16;19;2,8;0
RS0001438;50;VolleRose;13.03.2022;0000 4754 0502 2000;03/20;VISA;20;17;7,8;0
RS0001439;;VolleRose;13.03.2022;0000 2820 0300 0000;06/15;Mastercard;49;38;3,6;0
RS0001439;;VolleRose;13.03.2022;0000 2820 0300 0000;06/15;Mastercard;58;43;7,8;0
RS0001439;;VolleRose;13.03.2022;0000 2820 0300 0000;06/15;Mastercard;76;39;3,8;0
RS0001439;;VolleRose;13.03.2022;0000 2820 0300 0000;06/15;Mastercard;92;31;2,2;0
RS0001440;;VolleRose;13.03.2022;0000 7072 1608 1800;05/23;Mastercard;87;9;0,3;0
RS0001441;209;VolleRose;13.03.2022;0000 5625 0400 6600;05/23;VISA;3;38;4,8;0
RS0001442;;VolleRose;13.03.2022;0000 9146 0800 1000;12/84;American Express;98;30;4,3;0
RS0001443;95;VolleRose;13.03.2022;0000 5486 0104 2400;02/13;VISA;96;29;7,8;0
RS0001444;;VolleRose;13.03.2022;0000 2151 0500 1500;12/23;VISA;104;33;4,8;0
RS0001445;;VolleRose;13.03.2022;0000 2868 0900 0000;07/86;Mastercard;101;32;1,8;0
RS0001446;376;VolleRose;13.03.2022;0400 0000 0712 1960;09/94;Mastercard;113;46;4,3;0
RS0001447;;VolleRose;13.03.2022;0000 9850 7500 9400;06/20;Mastercard;119;15;1,8;0
RS0001448;;VolleRose;13.03.2022;0000 9052 0700 2400;07/23;VISA;11;19;7,8;0
RS0001449;;VolleRose;13.03.2022;2600 8200 0609 7750;01/88;VISA;79;33;1,3;0
RS0001450;407;VolleRose;13.03.2022;0501 0100 0967 0118;09/17;Mastercard;69;33;1,8;0
RS0001451;;VolleRose;13.03.2022;0000 4831 2512 2000;02/18;VISA;71;37;3,8;0
RS0001452;;VolleRose;13.03.2022;0000 8272 0691 1900;09/19;Mastercard;1;2;1,8;0
RS0001453;;VolleRose;13.03.2022;0200 7300 0462 9509;01/19;VISA;67;2;3,3;0
RS0001454;404;VolleRose;13.03.2022;0537 2200 0814 0246;10/19;Mastercard;32;17;4,8;0
RS0001454;404;VolleRose;13.03.2022;0537 2200 0814 0246;10/19;Mastercard;61;37;7,8;0
RS0001455;;VolleRose;13.03.2022;0000 3966 0700 2400;09/18;Mastercard;113;19;4,3;0
RS0001456;;VolleRose;13.03.2022;0000 1787 0540 0000;12/23;American Express;99;2;3,6;0
RS0001457;110;VolleRose;13.03.2022;0000 4329 1626 9700;07/16;Mastercard;120;22;7,8;0
RS0001458;302;VolleRose;13.03.2022;0200 7300 0462 9509;01/19;VISA;99;20;3,6;0
RS0001459;;VolleRose;13.03.2022;0000 2813 0700 0000;11/13;American Express;2;38;3,8;0
RS0001459;;VolleRose;13.03.2022;0000 2813 0700 0000;11/13;American Express;73;7;2,8;0
RS0001460;;VolleRose;13.03.2022;0000 3874 0500 0000;02/18;VISA;108;17;7,8;0
RS0001461;210;VolleRose;13.03.2022;0000 9270 0400 4800;03/18;VISA;50;32;5,4;0
RS0001462;;VolleRose;13.03.2022;0000 8225 0700 2400;10/86;Mastercard;41;45;1;0
RS0001463;300;VolleRose;13.03.2022;0000 3265 0922 0000;09/91;Mastercard;96;1;7,8;0
RS0001464;;VolleRose;13.03.2022;3600 3300 0764 3410;01/17;VISA;60;36;0,3;0
RS0001465;;VolleRose;13.03.2022;0000 0285 0503 0000;02/84;VISA;100;12;5,4;0
RS0001466;61;VolleRose;13.03.2022;0000 4563 0901 0000;08/23;American Express;119;23;1,8;0
RS0001467;;VolleRose;13.03.2022;0000 6644 0400 3700;09/92;Mastercard;10;40;0,3;0
RS0001468;259;VolleRose;13.03.2022;0000 6152 4109 0000;09/19;Mastercard;29;20;1,3;0
RS0001469;;VolleRose;13.03.2022;0000 0850 0305 0000;11/13;American Express;55;1;4,8;0
RS0001469;;VolleRose;13.03.2022;0000 0850 0305 0000;11/13;American Express;123;7;2,8;0
RS0001470;38;VolleRose;13.03.2022;0000 2226 9513 1100;11/13;American Express;37;34;0,3;0
RS0001471;;VolleRose;13.03.2022;0000 2913 0700 0000;06/14;Mastercard;27;28;1,8;0
RS0001472;;VolleRose;13.03.2022;0000 4183 0505 0500;08/20;Mastercard;23;30;2,8;0
RS0001473;164;VolleRose;13.03.2022;0000 9067 4617 3300;03/94;VISA;79;9;1,3;0
RS0001474;;VolleRose;13.03.2022;0000 4170 0543 0600;05/99;VISA;13;32;4,3;0
RS0001475;;VolleRose;13.03.2022;3525 6500 0676 4290;09/85;Mastercard;73;39;2,8;0
RS0001476;212;VolleRose;13.03.2022;0000 6325 9800 2700;06/88;Mastercard;36;38;0,3;0
RS0001477;;VolleRose;13.03.2022;8643 2200 0056 4080;12/23;Mastercard;58;37;7,8;0
RS0001478;224;VolleRose;13.03.2022;0000 0220 0100 2000;10/23;Mastercard;83;1;0,6;0
RS0001479;;VolleRose;13.03.2022;0000 4820 7300 0700;10/97;Mastercard;66;5;2,8;0
RS0001479;;VolleRose;13.03.2022;0000 4820 7300 0700;10/97;Mastercard;97;25;8,8;0
RS0001480;89;VolleRose;13.03.2022;0000 1526 5624 9000;09/19;Mastercard;11;39;7,8;0
RS0001481;;VolleRose;13.03.2022;0000 7460 0501 0100;05/15;VISA;13;35;4,5;1,3
RS0001482;;VolleRose;13.03.2022;0000 9160 2911 2000;10/14;Mastercard;17;46;3,5;1,7
RS0001483;178;VolleRose;13.03.2022;0000 0880 0200 8700;02/90;VISA;55;43;5;5,5
RS0001484;;VolleRose;13.03.2022;2624 5500 0966 6220;05/16;VISA;38;45;0,3;0
RS0001484;;VolleRose;13.03.2022;2624 5500 0966 6220;05/16;VISA;100;16;5,6;10
RS0001485;157;VolleRose;13.03.2022;0000 1973 4514 5000;03/19;VISA;90;7;1;9
RS0001486;;VolleRose;13.03.2022;0000 2151 0500 1500;12/23;VISA;80;3;4;8
RS0001487;369;VolleRose;13.03.2022;5500 0000 0296 0870;03/21;VISA;40;25;1;0,4
RS0001488;;VolleRose;13.03.2022;0000 5625 0400 6600;05/23;VISA;46;5;8;4,6
RS0001489;;VolleRose;13.03.2022;0000 8552 0604 1000;04/91;VISA;24;40;3;0,15
RS0001490;325;VolleRose;13.03.2022;6625 4000 0821 4150;01/23;VISA;29;41;1,5;0,64
RS0001491;;VolleRose;13.03.2022;0000 1776 0694 6800;08/19;Mastercard;67;49;3,5;6,7
RS0001492;152;VolleRose;13.03.2022;0000 8147 2515 5000;05/23;Mastercard;89;9;0,8;8,9
RS0001493;;VolleRose;13.03.2022;0000 8369 3620 3200;10/19;Mastercard;119;14;2;11,9
RS0001494;;VolleRose;13.03.2022;0000 8164 3901 3000;12/23;Mastercard;35;37;1;3,5
RS0001495;264;VolleRose;13.03.2022;0000 3862 2500 3000;06/20;Mastercard;22;8;2;2,2
RS0001496;;VolleRose;13.03.2022;0000 2532 0500 0000;10/23;VISA;115;29;4,5;11,5
RS0001497;;VolleRose;13.03.2022;0000 7165 4618 7800;06/97;Mastercard;68;22;6;6,8
RS0001498;354;VolleRose;13.03.2022;0505 0500 0362 8429;12/19;American Express;100;11;5,6;10
RS0001499;;VolleRose;13.03.2022;0500 0000 0018 2918;01/13;VISA;9;36;2,8;0
RS0001499;;VolleRose;13.03.2022;0500 0000 0018 2918;01/13;VISA;37;10;0,3;0
RS0001499;;VolleRose;13.03.2022;0500 0000 0018 2918;01/13;VISA;124;16;3;12,4
RS0001500;;VolleRose;13.03.2022;0000 6950 6616 3900;04/23;Mastercard;74;18;3;7,4
RS0001501;60;VolleRose;13.03.2022;0000 2576 0260 0000;12/17;American Express;62;5;4;6,2
RS0001502;5;VolleRose;13.03.2022;0000 2350 9612 0600;11/16;American Express;68;3;6;6,8
RS0001503;;VolleRose;13.03.2022;0961 2400 0292 2672;01/23;Mastercard;87;42;0,5;8,7
RS0001504;89;VolleRose;13.03.2022;0000 1526 5624 9000;09/19;Mastercard;115;17;4,5;11,5
RS0001505;;VolleRose;13.03.2022;0000 3829 0501 0100;07/20;Mastercard;98;32;4,5;9,8
RS0001506;312;VolleRose;13.03.2022;0520 0000 0027 7808;10/17;Mastercard;88;46;0,5;0,8
RS0001507;;VolleRose;13.03.2022;0000 4326 5626 9400;11/14;American Express;41;43;1,2;4,1
RS0001508;;VolleRose;13.03.2022;0000 1868 0920 0000;06/92;Mastercard;9;47;3;0,9
RS0001509;225;VolleRose;13.03.2022;0000 5172 0700 2400;12/98;American Express;41;27;1,2;4,1
RS0001510;;VolleRose;13.03.2022;0000 5659 1900 0000;10/75;Mastercard;18;20;6;1,8
RS0001511;80;VolleRose;13.03.2022;0000 1765 0910 4000;04/23;VISA;3;25;5;0,3
RS0001512;;VolleRose;13.03.2022;0000 1174 1910 0000;01/15;VISA;36;42;0,5;3,6
RS0001513;43;VolleRose;13.03.2022;0000 8351 0500 1500;05/20;VISA;24;4;3;2,4
RS0001514;;VolleRose;13.03.2022;0690 1000 0345 6043;09/95;Mastercard;39;22;0,6;0
RS0001514;;VolleRose;13.03.2022;0690 1000 0345 6043;09/95;Mastercard;41;3;1,2;4,1
RS0001515;93;VolleRose;13.03.2022;0000 5059 0100 3900;04/16;VISA;78;9;2;7,8
RS0001516;;VolleRose;13.03.2022;0000 2766 4327 0000;06/93;Mastercard;70;2;8;7
RS0001517;64;VolleRose;13.03.2022;0000 0955 0912 0000;10/23;Mastercard;72;22;2;7,2
RS0001518;;VolleRose;13.03.2022;0000 1937 0502 9900;06/23;Mastercard;23;41;3;2,3
RS0001519;358;VolleRose;13.03.2022;3923 0000 0784 2310;04/19;VISA;42;45;2,4;4,2
RS0001519;358;VolleRose;13.03.2022;3923 0000 0784 2310;04/19;VISA;113;30;4,3;0
RS0001520;;VolleRose;13.03.2022;0000 3747 2700 2900;03/23;Mastercard;51;19;2;5,1
RS0001521;;VolleRose;13.03.2022;0000 8460 0501 0100;05/23;VISA;28;30;2;2,8
RS0001522;;VolleRose;13.03.2022;0000 7350 2101 3900;07/23;Mastercard;3;5;5;0,3
RS0001523;;VolleRose;13.03.2022;0700 1000 0234 1368;08/78;Mastercard;74;37;3;7,4
RS0001524;122;VolleRose;13.03.2022;0000 7636 0800 8000;05/23;Mastercard;54;3;5;0,5
RS0001525;;VolleRose;13.03.2022;0640 3800 0868 8082;11/18;American Express;97;49;9;9,7
RS0001526;192;VolleRose;13.03.2022;0000 5022 2900 3100;11/16;American Express;4;39;5;0,4
RS0001527;362;VolleRose;13.03.2022;2516 3000 0515 7250;12/23;VISA;37;23;0,5;3,7
RS0001528;333;VolleRose;13.03.2022;3900 0000 0234 2770;07/20;Mastercard;111;6;8;11,1
RS0001529;;VolleRose;13.03.2022;0000 3912 0965 9700;08/23;VISA;36;15;0,5;3,6
RS0001529;;VolleRose;13.03.2022;0000 3912 0965 9700;08/23;VISA;65;27;4,3;0
RS0001530;77;VolleRose;13.03.2022;0000 2669 2900 0000;06/92;Mastercard;104;22;5;10,4
RS0001531;;VolleRose;13.03.2022;0000 1482 0641 6800;11/23;VISA;95;29;2;0,81
RS0001532;237;VolleRose;13.03.2022;0000 3874 0500 0000;02/18;VISA;15;21;4,5;1,5
RS0001533;;VolleRose;13.03.2022;0000 6050 6521 2400;01/23;VISA;94;45;4;9,4
RS0001534;145;VolleRose;13.03.2022;0000 9146 0800 1000;12/84;American Express;70;24;8;7
RS0001535;;VolleRose;13.03.2022;0000 6071 0500 0000;12/18;American Express;66;3;3;0,64
RS0001536;;VolleRose;13.03.2022;0000 7079 1614 9900;02/23;American Express;35;47;1;0,75
RS0001537;124;VolleRose;13.03.2022;0000 7072 1608 1800;05/23;Mastercard;97;8;9;9,7
RS0001538;;VolleRose;13.03.2022;0000 7079 1614 9900;02/23;American Express;91;14;1,2;9,1
RS0001539;;VolleRose;13.03.2022;0000 2287 0700 0000;11/23;American Express;27;4;2;2,7
RS0001539;;VolleRose;13.03.2022;0000 2287 0700 0000;11/23;American Express;104;33;4,8;0
RS0001540;360;VolleRose;13.03.2022;1641 4900 0178 0040;01/20;VISA;100;12;5,6;0,16
RS0001541;;VolleRose;13.03.2022;0690 1000 0345 6043;09/95;Mastercard;72;7;2;7,2
RS0001542;;VolleRose;13.03.2022;0000 0852 3600 5900;05/18;VISA;84;16;0,75;8,4
RS0001543;336;VolleRose;13.03.2022;2800 2000 0499 2830;09/20;Mastercard;84;18;0,75;0,35
RS0001544;;VolleRose;13.03.2022;0000 4359 0200 9000;01/23;Mastercard;13;29;4,5;1,3
RS0001544;;VolleRose;13.03.2022;0000 4359 0200 9000;01/23;Mastercard;89;7;0,6;0
RS0001545;;VolleRose;13.03.2022;0000 6550 0617 4100;06/23;American Express;87;49;0,5;8,7
RS0001546;;VolleRose;13.03.2022;2624 5500 0966 6220;05/16;VISA;106;46;7;10,6
RS0001547;260;VolleRose;13.03.2022;0000 3352 0604 1000;08/19;Mastercard;24;34;3;2,4
RS0001548;;VolleRose;13.03.2022;0000 3783 0944 5400;02/20;VISA;80;4;4;8
RS0001549;276;VolleRose;13.03.2022;0000 1769 4900 0000;05/15;VISA;71;15;4;7,1
RS0001550;;VolleRose;13.03.2022;1900 8200 0655 7460;07/17;Mastercard;67;12;3,5;6,7
RS0001551;46;VolleRose;13.03.2022;0000 5659 1900 0000;10/75;Mastercard;98;1;4,5;9,8
RS0001552;;VolleRose;13.03.2022;0000 2428 0216 2300;06/87;Mastercard;71;28;4;7,1
RS0001553;;VolleRose;13.03.2022;3613 4200 0182 6120;01/16;VISA;66;47;3;0,85
RS0001554;340;VolleRose;13.03.2022;0500 0000 0188 8498;08/16;Mastercard;8;9;8;0,8
RS0001555;;VolleRose;13.03.2022;0000 9160 2911 2000;10/14;Mastercard;34;25;0,75;3,4
RS0001556;1;VolleRose;13.03.2022;0000 7466 6923 0000;03/13;VISA;37;46;0,5;3,7
RS0001557;;VolleRose;13.03.2022;0000 2386 0101 1100;04/84;VISA;70;9;8;7
RS0001558;;VolleRose;13.03.2022;0000 0818 0550 0000;04/90;VISA;75;33;7;7,5
RS0001559;390;VolleRose;13.03.2022;0905 0000 0979 9862;11/23;VISA;38;27;0,5;3,8
RS0001559;390;VolleRose;13.03.2022;0905 0000 0979 9862;11/23;VISA;64;40;4,3;0
RS0001559;390;VolleRose;13.03.2022;0905 0000 0979 9862;11/23;VISA;76;37;3,8;0
RS0001560;;VolleRose;13.03.2022;0000 7350 2101 3900;07/23;Mastercard;96;18;8;9,6
RS0001561;;VolleRose;13.03.2022;0000 4787 0400 0000;10/20;Mastercard;48;4;4,5;4,8
RS0001562;110;VolleRose;13.03.2022;0000 4329 1626 9700;07/16;Mastercard;75;14;7;7,5
RS0001563;;VolleRose;13.03.2022;0000 3829 0501 0100;07/20;Mastercard;46;2;8;4,6
RS0001564;;VolleRose;13.03.2022;0000 1526 5624 9000;09/19;Mastercard;101;7;2;10,1
RS0001565;;VolleRose;13.03.2022;5601 0300 0254 7790;07/13;Mastercard;117;1;3,5;11,7
RS0001566;383;VolleRose;13.03.2022;4500 6500 0582 4450;05/99;VISA;37;7;0,5;3,7
RS0001567;;VolleRose;13.03.2022;0000 5486 0104 2400;02/13;VISA;88;45;0,5;0,61
RS0001568;82;VolleRose;13.03.2022;0000 2668 3500 4800;09/97;Mastercard;51;34;2;5,1
RS0001569;;VolleRose;13.03.2022;0000 3147 8535 2000;10/20;Mastercard;30;13;4;0,25
RS0001570;;VolleRose;13.03.2022;0000 1477 0601 0000;12/23;VISA;43;3;2,3;4,3
RS0001571;;VolleRose;13.03.2022;0000 3829 0501 0100;07/20;Mastercard;17;4;3,5;1,7
RS0001572;116;VolleRose;13.03.2022;0000 3648 0700 2000;11/23;American Express;52;28;4;5,2
RS0001573;;VolleRose;13.03.2022;0000 7636 0800 8000;05/23;Mastercard;7;22;8;0,7
RS0001574;235;VolleRose;13.03.2022;0000 7668 0923 0000;08/14;Mastercard;61;10;8;6,1
RS0001574;235;VolleRose;13.03.2022;0000 7668 0923 0000;08/14;Mastercard;79;7;1,3;0
RS0001575;;VolleRose;13.03.2022;0000 8869 0500 0100;03/91;VISA;2;4;4;0,27
RS0001576;272;VolleRose;13.03.2022;0000 2151 0500 1500;12/23;VISA;60;4;0,5;6
RS0001577;;VolleRose;13.03.2022;3519 6000 0698 5110;09/23;Mastercard;87;10;0,5;8,7
RS0001578;24;VolleRose;13.03.2022;0000 1072 2515 2000;01/89;VISA;95;20;2;9,5
RS0001579;;VolleRose;13.03.2022;6613 3000 0735 3920;04/20;VISA;41;40;1,2;4,1
RS0001579;;VolleRose;13.03.2022;6613 3000 0735 3920;04/20;VISA;117;41;3,3;0
RS0001580;;VolleRose;13.03.2022;0000 9146 0800 1000;12/84;American Express;2;5;4;0,2
RS0001581;317;VolleRose;13.03.2022;7613 4300 0367 1640;12/17;American Express;9;4;3;0,9
RS0001582;;VolleRose;13.03.2022;0000 1562 0700 2400;09/76;Mastercard;9;24;3;0,9
RS0001583;;VolleRose;13.03.2022;0000 0850 0305 0000;11/13;American Express;37;23;0,5;3,7
RS0001584;4;VolleRose;13.03.2022;0000 3966 0700 2400;09/18;Mastercard;64;7;4,5;6,4
RS0001585;;VolleRose;13.03.2022;0000 1776 0694 6800;08/19;Mastercard;88;6;0,5;0,21
RS0001586;;VolleRose;13.03.2022;0000 7660 0699 2600;05/16;VISA;86;44;0,5;8,6
RS0001587;127;VolleRose;13.03.2022;0000 1874 1641 4900;11/20;American Express;17;15;3,5;1,7
RS0001588;;VolleRose;13.03.2022;6512 4000 0106 0740;06/84;Mastercard;8;10;8;0,8
RS0001589;107;VolleRose;13.03.2022;0000 6425 0800 2000;10/23;American Express;71;47;3,8;0
RS0001589;107;VolleRose;13.03.2022;0000 6425 0800 2000;10/23;American Express;107;6;8;10,7
RS0001589;107;VolleRose;13.03.2022;0000 6425 0800 2000;10/23;American Express;125;16;6,8;0
RS0001590;;VolleRose;13.03.2022;0000 6279 0500 0000;12/97;American Express;50;31;5,6;5
RS0001591;;VolleRose;13.03.2022;0000 0850 0305 0000;11/13;American Express;78;19;2;7,8
RS0001592;240;VolleRose;13.03.2022;0000 6044 0700 2400;01/18;VISA;66;27;3;6,6
RS0001593;;VolleRose;13.03.2022;0000 4815 0505 0000;09/23;VISA;80;49;4;8
RS0001594;293;VolleRose;13.03.2022;0000 4228 0697 7300;01/13;VISA;67;18;3,3;0
RS0001594;293;VolleRose;13.03.2022;0000 4228 0697 7300;01/13;VISA;72;21;1,8;0
RS0001594;293;VolleRose;13.03.2022;0000 4228 0697 7300;01/13;VISA;84;4;0,75;8,4
RS0001594;293;VolleRose;13.03.2022;0000 4228 0697 7300;01/13;VISA;109;40;2,8;0
RS0001595;;VolleRose;13.03.2022;6621 5500 0593 9950;09/23;VISA;78;41;2;7,8
RS0001596;220;VolleRose;13.03.2022;0000 1580 0400 0000;04/13;VISA;77;12;2;7,7
RS0001597;;VolleRose;13.03.2022;0000 6261 2612 1300;11/20;American Express;21;11;4;2,1
RS0001598;;VolleRose;13.03.2022;0000 9750 3305 0000;11/23;American Express;90;33;1;9
RS0001599;261;VolleRose;13.03.2022;0000 3829 0501 0100;07/20;Mastercard;48;36;4,3;0
RS0001599;261;VolleRose;13.03.2022;0000 3829 0501 0100;07/20;Mastercard;66;47;2,8;0
RS0001599;261;VolleRose;13.03.2022;0000 3829 0501 0100;07/20;Mastercard;81;18;2;8,1
RS0001600;;VolleRose;13.03.2022;2600 8200 0609 7750;01/88;VISA;12;40;4;0,71
RS0001601;;VolleRose;13.03.2022;5500 0000 0296 0870;03/21;VISA;62;6;4;0,14
RS0001602;235;VolleRose;13.03.2022;0000 7668 0923 0000;08/14;Mastercard;4;13;5;0,4
RS0001603;;VolleRose;13.03.2022;0000 2221 8900 2200;03/17;VISA;115;29;4,5;0,57
RS0001604;;VolleRose;13.03.2022;0000 6071 0500 0000;12/18;American Express;62;20;4;6,2
RS0001604;;VolleRose;13.03.2022;0000 6071 0500 0000;12/18;American Express;63;5;4,3;0
RS0001604;;VolleRose;13.03.2022;0000 6071 0500 0000;12/18;American Express;75;6;6,8;0
RS0001605;216;VolleRose;13.03.2022;0000 8552 0604 1000;04/91;VISA;123;15;3;0,12
RS0001606;;VolleRose;13.03.2022;0000 8370 1633 7000;11/15;American Express;17;6;3,5;1,7
RS0001607;129;VolleRose;13.03.2022;0000 2970 0530 7000;04/15;VISA;3;17;5;0,3
RS0001608;;VolleRose;13.03.2022;0000 7923 0510 3000;06/13;Mastercard;11;30;8;1,1
RS0001609;;VolleRose;13.03.2022;6500 1000 0259 4650;01/19;VISA;67;15;3,5;6,7
RS0001609;;VolleRose;13.03.2022;6500 1000 0259 4650;01/19;VISA;69;4;1,8;0
RS0001610;192;VolleRose;13.03.2022;0000 5022 2900 3100;11/16;American Express;65;22;4,5;6,5
RS0001611;;VolleRose;13.03.2022;0697 0700 0024 3758;07/19;Mastercard;40;40;1;4
RS0001612;;VolleRose;13.03.2022;0000 8757 6622 6300;04/94;VISA;26;17;4;2,6
RS0001613;237;VolleRose;13.03.2022;0000 3874 0500 0000;02/18;VISA;65;45;4,5;6,5
RS0001614;;VolleRose;13.03.2022;0000 8260 4200 0000;12/18;American Express;63;15;4,3;0
RS0001614;;VolleRose;13.03.2022;0000 8260 4200 0000;12/18;American Express;114;47;4,5;11,4
RS0001615;29;VolleRose;13.03.2022;0000 8750 8623 1100;04/91;VISA;121;46;4;12,1
RS0001616;;VolleRose;13.03.2022;0000 7466 6923 0000;03/13;VISA;116;39;3;11,6
RS0001617;;VolleRose;13.03.2022;0000 7923 0510 3000;06/13;Mastercard;72;5;2;7,2
RS0001618;266;VolleRose;13.03.2022;0000 5921 4636 0300;02/23;Mastercard;32;19;5;3,2
RS0001619;;VolleRose;13.03.2022;0000 6674 3690 8800;12/94;American Express;1;19;1,8;0
RS0001619;;VolleRose;13.03.2022;0000 6674 3690 8800;12/94;American Express;24;12;2,8;0
RS0001619;;VolleRose;13.03.2022;0000 6674 3690 8800;12/94;American Express;29;48;1,3;0
RS0001619;;VolleRose;13.03.2022;0000 6674 3690 8800;12/94;American Express;38;27;0,3;0
RS0001619;;VolleRose;13.03.2022;0000 6674 3690 8800;12/94;American Express;73;1;3;7,3
RS0001619;;VolleRose;13.03.2022;0000 6674 3690 8800;12/94;American Express;112;34;3,8;0
RS0001619;;VolleRose;13.03.2022;0000 6674 3690 8800;12/94;American Express;121;43;3,8;0
RS0001620;;VolleRose;13.03.2022;0000 3421 0501 7000;06/82;Mastercard;108;49;8;10,8
RS0001621;15;VolleRose;13.03.2022;0000 7228 2915 5100;05/17;VISA;9;21;3;0,9
RS0001622;;VolleRose;13.03.2022;2911 2000 0746 7730;02/23;VISA;37;9;0,5;3,7
RS0001623;262;VolleRose;13.03.2022;0000 6566 0908 0000;02/21;VISA;99;25;3,8;9,9
RS0001624;317;VolleRose;13.03.2022;7613 4300 0367 1640;12/17;American Express;55;31;4,8;0
RS0001624;317;VolleRose;13.03.2022;7613 4300 0367 1640;12/17;American Express;84;7;0,75;8,4
RS0001625;;VolleRose;13.03.2022;0000 1526 5624 9000;09/19;Mastercard;103;6;5;10,3
RS0001626;248;VolleRose;13.03.2022;0000 9762 0918 0000;10/85;Mastercard;103;5;5;10,3
RS0001627;;VolleRose;13.03.2022;0000 1776 0694 6800;08/19;Mastercard;84;7;0,75;8,4
RS0001628;110;VolleRose;13.03.2022;0000 4329 1626 9700;07/16;Mastercard;38;12;0,5;3,8
RS0001629;255;VolleRose;13.03.2022;0000 3250 9514 6900;07/13;Mastercard;46;39;8;4,6
RS0001629;255;VolleRose;13.03.2022;0000 3250 9514 6900;07/13;Mastercard;112;19;3,8;0
RS0001630;;VolleRose;13.03.2022;0000 5022 2900 3100;11/16;American Express;65;27;4,5;6,5
RS0001631;;VolleRose;13.03.2022;0000 3182 0640 3800;10/23;VISA;51;16;2;5,1
RS0001632;100;VolleRose;13.03.2022;0000 5766 2914 0000;06/99;Mastercard;125;25;7;12,5
RS0001633;253;VolleRose;13.03.2022;0000 3170 0800 0000;10/00;Mastercard;111;2;8;0,19
RS0001634;;VolleRose;13.03.2022;0000 1570 1694 6500;02/93;VISA;23;32;2,8;0
RS0001634;;VolleRose;13.03.2022;0000 1570 1694 6500;02/93;VISA;70;46;7,8;0
RS0001634;;VolleRose;13.03.2022;0000 1570 1694 6500;02/93;VISA;118;33;6;11,8
RS0001635;292;VolleRose;13.03.2022;0000 4844 5500 4500;02/23;VISA;6;44;7;0,6
RS0001636;;VolleRose;13.03.2022;0000 4170 0543 0600;05/99;VISA;12;32;4;1,2
RS0001637;392;VolleRose;13.03.2022;2517 5500 0792 0450;09/13;Mastercard;11;8;8;1,1
RS0001638;;VolleRose;13.03.2022;0000 2576 0260 0000;12/17;American Express;32;44;5;3,2
RS0001639;90;VolleRose;13.03.2022;0000 7560 0501 0100;07/16;Mastercard;32;10;4,8;0
RS0001639;90;VolleRose;13.03.2022;0000 7560 0501 0100;07/16;Mastercard;57;23;7,8;0
RS0001639;90;VolleRose;13.03.2022;0000 7560 0501 0100;07/16;Mastercard;113;18;4,5;11,3
RS0001640;364;VolleRose;13.03.2022;1628 9800 0788 2280;10/90;Mastercard;117;3;3,5;11,7
RS0001641;;VolleRose;13.03.2022;0000 5170 1900 0000;09/20;Mastercard;110;18;0,5;11
RS0001642;154;VolleRose;13.03.2022;0000 8476 0694 4100;11/23;VISA;70;25;8;7
RS0001643;;VolleRose;13.03.2022;0000 6325 9800 2700;06/88;Mastercard;61;11;8;6,1
RS0001644;108;VolleRose;13.03.2022;0000 6558 6619 0100;01/16;VISA;35;6;0,8;0
RS0001644;108;VolleRose;13.03.2022;0000 6558 6619 0100;01/16;VISA;44;45;4;4,4
RS0001644;108;VolleRose;13.03.2022;0000 6558 6619 0100;01/16;VISA;76;48;3,8;0
RS0001644;108;VolleRose;13.03.2022;0000 6558 6619 0100;01/16;VISA;85;15;0,8;0
RS0001645;;VolleRose;13.03.2022;0000 4558 5501 3000;10/13;Mastercard;71;42;4;7,1
RS0001646;68;VolleRose;13.03.2022;0000 9333 0600 9800;12/23;American Express;27;7;2;2,7
RS0001647;;VolleRose;13.03.2022;0700 1000 0234 1368;08/78;Mastercard;7;38;8;0,7
RS0001648;101;VolleRose;13.03.2022;0000 6071 0500 0000;12/18;American Express;16;16;3;1,6
RS0001649;;VolleRose;13.03.2022;0000 6550 0617 4100;06/23;American Express;31;29;1,8;0
RS0001649;;VolleRose;13.03.2022;0000 6550 0617 4100;06/23;American Express;75;47;6,8;0
RS0001649;;VolleRose;13.03.2022;0000 6550 0617 4100;06/23;American Express;107;5;8;10,7
RS0001650;135;VolleRose;13.03.2022;0000 7929 2657 4700;01/17;VISA;55;1;5;5,5
RS0001651;175;VolleRose;13.03.2022;0000 0515 0800 0000;03/23;Mastercard;63;11;4,5;6,3
RS0001652;24;VolleRose;13.03.2022;0000 1072 2515 2000;01/89;VISA;114;40;4,5;4
RS0001653;;VolleRose;13.03.2022;0640 3800 0868 8082;11/18;American Express;52;16;4;5,2
RS0001654;307;VolleRose;13.03.2022;6613 3000 0735 3920;04/20;VISA;36;41;0,3;0
RS0001654;307;VolleRose;13.03.2022;6613 3000 0735 3920;04/20;VISA;88;37;0,5;8,8
RS0001655;304;VolleRose;13.03.2022;6915 0000 0931 5450;08/23;VISA;30;21;4;3
RS0001656;;VolleRose;13.03.2022;6625 4000 0821 4150;01/23;VISA;50;10;5,6;5
RS0001657;333;VolleRose;13.03.2022;3900 0000 0234 2770;07/20;Mastercard;59;19;3;5,9
RS0001658;397;VolleRose;13.03.2022;8624 5100 0454 7890;06/23;Mastercard;107;10;8;10,7
RS0001659;186;VolleRose;13.03.2022;0000 8757 6622 6300;04/94;VISA;4;28;5;0,84
RS0001659;186;VolleRose;13.03.2022;0000 8757 6622 6300;04/94;VISA;33;38;0,6;0
RS0001659;186;VolleRose;13.03.2022;0000 8757 6622 6300;04/94;VISA;36;26;0,3;0
RS0001660;;VolleRose;13.03.2022;0000 7272 0691 1300;10/20;Mastercard;86;6;0,5;8,6
RS0001661;393;VolleRose;13.03.2022;0505 0500 0868 8927;07/15;Mastercard;75;36;7;7,5
RS0001662;;VolleRose;13.03.2022;0000 8487 0962 1400;08/17;Mastercard;52;32;4;0,37
RS0001663;;VolleRose;13.03.2022;4500 6500 0582 4450;05/99;VISA;31;11;2;3,1
RS0001664;72;VolleRose;13.03.2022;0000 7376 3515 6000;12/17;American Express;15;39;4,3;0
RS0001664;72;VolleRose;13.03.2022;0000 7376 3515 6000;12/17;American Express;106;3;7;10,6
RS0001664;72;VolleRose;13.03.2022;0000 7376 3515 6000;12/17;American Express;115;36;4,3;0
RS0001665;;VolleRose;13.03.2022;0000 5270 0510 0300;10/23;VISA;27;31;2;2,7
RS0001666;372;VolleRose;13.03.2022;6621 5500 0593 9950;09/23;VISA;9;5;3;0,9
RS0001667;201;VolleRose;13.03.2022;0000 9161 1500 2000;05/18;VISA;41;40;1,2;4,1
RS0001668;;VolleRose;13.03.2022;0000 5476 0694 6800;03/21;VISA;38;44;0,5;3,8
RS0001669;13;VolleRose;13.03.2022;0000 5310 0900 0000;01/23;VISA;10;32;0,3;0
RS0001669;13;VolleRose;13.03.2022;0000 5310 0900 0000;01/23;VISA;54;7;5;0,84
RS0001669;13;VolleRose;13.03.2022;0000 5310 0900 0000;01/23;VISA;120;16;7,8;0
RS0001670;;VolleRose;13.03.2022;5700 6100 0383 2200;12/23;Mastercard;37;42;0,5;3,7
RS0001671;346;VolleRose;13.03.2022;3525 6500 0676 4290;09/85;Mastercard;81;15;2;0,13
RS0001672;;VolleRose;13.03.2022;0000 4183 0505 0500;08/20;Mastercard;54;45;5;5,4
RS0001673;;VolleRose;13.03.2022;0000 3355 0207 0000;10/96;Mastercard;8;47;8;0,8
RS0001674;34;VolleRose;13.03.2022;0000 0365 0501 1000;04/19;VISA;9;4;3;0,9
RS0001674;34;VolleRose;13.03.2022;0000 0365 0501 1000;04/19;VISA;42;5;2,2;0
RS0001675;;VolleRose;13.03.2022;0000 4563 0901 0000;08/23;American Express;84;11;0,75;8,4
RS0001676;;VolleRose;13.03.2022;0000 6325 9800 2700;06/88;Mastercard;113;30;4,5;11,3
RS0001677;;VolleRose;13.03.2022;0000 5830 0700 2400;11/13;American Express;64;28;4,5;6,4
RS0001678;139;VolleRose;13.03.2022;0000 5069 0618 0000;12/23;Mastercard;64;15;4,5;6,4
RS0001679;122;VolleRose;13.03.2022;0000 7636 0800 8000;05/23;Mastercard;22;40;1,8;0
RS0001679;122;VolleRose;13.03.2022;0000 7636 0800 8000;05/23;Mastercard;82;26;5;8,2
RS0001679;122;VolleRose;13.03.2022;0000 7636 0800 8000;05/23;Mastercard;92;45;2,2;0
RS0001679;122;VolleRose;13.03.2022;0000 7636 0800 8000;05/23;Mastercard;109;9;2,8;0
RS0001680;9;VolleRose;13.03.2022;0000 8483 0500 0000;02/23;Mastercard;89;47;0,8;8,9
RS0001681;;VolleRose;13.03.2022;4515 4800 0829 7550;05/13;VISA;61;32;8;6,1
RS0001682;363;VolleRose;13.03.2022;0700 1000 0234 1368;08/78;Mastercard;15;6;4,5;1,5
RS0001683;4;VolleRose;13.03.2022;0000 3966 0700 2400;09/18;Mastercard;36;39;0,5;3,6
RS0001684;;VolleRose;13.03.2022;0000 9850 7500 9400;06/20;Mastercard;47;11;9;4,7
RS0001684;;VolleRose;13.03.2022;0000 9850 7500 9400;06/20;Mastercard;119;41;1,8;0
RS0001685;;VolleRose;13.03.2022;0000 1765 0910 4000;04/23;VISA;18;7;6;0,1
RS0001686;;VolleRose;13.03.2022;0602 0800 0647 7772;10/92;Mastercard;53;41;5;5,3
RS0001687;;VolleRose;13.03.2022;0000 3581 0700 2400;09/23;Mastercard;38;47;0,5;3,8
RS0001688;362;VolleRose;13.03.2022;2516 3000 0515 7250;12/23;VISA;66;38;3;6,6
RS0001689;;VolleRose;13.03.2022;0505 0500 0868 8927;07/15;Mastercard;3;17;4,8;0
RS0001689;;VolleRose;13.03.2022;0505 0500 0868 8927;07/15;Mastercard;46;43;8;4,6
RS0001690;;VolleRose;13.03.2022;0000 6371 0610 0900;10/19;Mastercard;51;31;2;5,1
RS0001691;225;VolleRose;13.03.2022;0000 5172 0700 2400;12/98;American Express;93;13;2,3;9,3
RS0001692;;VolleRose;13.03.2022;0500 0000 0330 9863;10/19;Mastercard;26;10;4;2,6
RS0001693;;VolleRose;13.03.2022;0000 6050 6521 2400;01/23;VISA;62;8;4;6,2
RS0001694;;VolleRose;13.03.2022;0601 0000 0128 5504;12/91;American Express;44;1;3,8;0
RS0001694;;VolleRose;13.03.2022;0601 0000 0128 5504;12/91;American Express;83;24;0,6;0
RS0001694;;VolleRose;13.03.2022;0601 0000 0128 5504;12/91;American Express;103;38;4,8;0
RS0001694;;VolleRose;13.03.2022;0601 0000 0128 5504;12/91;American Express;107;8;8;10,7
RS0001694;;VolleRose;13.03.2022;0601 0000 0128 5504;12/91;American Express;125;28;6,8;0
RS0001695;320;VolleRose;13.03.2022;5623 0000 0678 9500;02/23;American Express;6;14;7;0,6
RS0001696;;VolleRose;13.03.2022;0000 7460 0501 0100;05/15;VISA;82;27;5;8,2
RS0001697;;VolleRose;13.03.2022;5700 6100 0383 2200;12/23;Mastercard;14;31;4,5;1,4
RS0001698;264;VolleRose;13.03.2022;0000 3862 2500 3000;06/20;Mastercard;8;6;8;0,81
RS0001699;;VolleRose;13.03.2022;0000 4170 0543 0600;05/99;VISA;42;33;2,2;0
RS0001699;;VolleRose;13.03.2022;0000 4170 0543 0600;05/99;VISA;67;18;3,3;0
RS0001699;;VolleRose;13.03.2022;0000 4170 0543 0600;05/99;VISA;119;11;2;11,9
RS0001700;;VolleRose;13.03.2022;0000 5310 0900 0000;01/23;VISA;13;26;4,5;1,3
RS0001701;321;VolleRose;13.03.2022;3400 7600 0709 7670;04/99;VISA;16;7;3;0,59
RS0001702;;VolleRose;13.03.2022;0000 6674 3690 8800;12/94;American Express;20;42;8;2
RS0001703;100;VolleRose;13.03.2022;0000 5766 2914 0000;06/99;Mastercard;21;16;4;0,72
RS0001704;150;VolleRose;13.03.2022;0000 0852 3600 5900;05/18;VISA;4;47;4,8;0
RS0001704;150;VolleRose;13.03.2022;0000 0852 3600 5900;05/18;VISA;56;26;7;0,33
RS0001705;;VolleRose;13.03.2022;1641 4900 0178 0040;01/20;VISA;39;36;0,8;3,9
RS0001706;;VolleRose;13.03.2022;0000 8821 6900 2000;08/23;Mastercard;106;3;7;10,6
RS0001707;;VolleRose;13.03.2022;0961 2400 0292 2672;01/23;Mastercard;40;43;1;4
RS0001708;247;VolleRose;13.03.2022;0000 9525 6501 0600;11/16;American Express;80;12;4;8
RS0001709;150;VolleRose;13.03.2022;0000 0852 3600 5900;05/18;VISA;8;13;7,8;0
RS0001709;150;VolleRose;13.03.2022;0000 0852 3600 5900;05/18;VISA;82;37;4,8;0
RS0001709;150;VolleRose;13.03.2022;0000 0852 3600 5900;05/18;VISA;115;39;4,5;11,5
RS0001710;100;VolleRose;13.03.2022;0000 5766 2914 0000;06/99;Mastercard;85;8;1;8,5
RS0001711;;VolleRose;13.03.2022;1900 0000 0649 9490;09/23;Mastercard;7;8;8;0,7
RS0001712;;VolleRose;13.03.2022;0000 8460 0501 0100;05/23;VISA;69;12;2;6,9
RS0001713;84;VolleRose;13.03.2022;0000 2657 0928 0000;09/20;Mastercard;26;45;4;2,6
RS0001714;;VolleRose;13.03.2022;0000 9372 0501 0100;04/19;VISA;75;37;6,8;0
RS0001714;;VolleRose;13.03.2022;0000 9372 0501 0100;04/19;VISA;94;41;4;9,4
RS0001715;;VolleRose;13.03.2022;0000 9772 0693 0800;05/23;Mastercard;51;49;2;5,1
RS0001716;197;VolleRose;13.03.2022;0000 7268 4522 9000;06/96;Mastercard;104;37;5;10,4
RS0001717;;VolleRose;13.03.2022;0000 2668 3500 4800;09/97;Mastercard;93;43;2,3;9,3
RS0001718;395;VolleRose;13.03.2022;6513 2500 0758 8070;10/00;Mastercard;34;4;0,75;3,4
RS0001719;;VolleRose;13.03.2022;3400 5800 0955 2420;05/15;VISA;12;43;3,8;0
RS0001719;;VolleRose;13.03.2022;3400 5800 0955 2420;05/15;VISA;26;22;3,8;0
RS0001719;;VolleRose;13.03.2022;3400 5800 0955 2420;05/15;VISA;56;10;6,8;0
RS0001719;;VolleRose;13.03.2022;3400 5800 0955 2420;05/15;VISA;73;47;2,8;0
RS0001719;;VolleRose;13.03.2022;3400 5800 0955 2420;05/15;VISA;105;1;5;10,5
RS0001720;;VolleRose;13.03.2022;0400 2800 0808 0412;03/23;VISA;3;38;5;0,3
RS0001721;225;VolleRose;13.03.2022;0000 5172 0700 2400;12/98;American Express;54;41;5;5,4
RS0001722;;VolleRose;13.03.2022;0000 6074 2601 1000;10/14;Mastercard;72;37;2;7,2
RS0001723;203;VolleRose;13.03.2022;0000 6637 0800 4000;01/18;VISA;123;19;3;12,3
RS0001724;;VolleRose;13.03.2022;0000 0369 4500 6500;09/96;Mastercard;13;43;4,5;1,3
RS0001724;;VolleRose;13.03.2022;0000 0369 4500 6500;09/96;Mastercard;92;14;2,2;0
RS0001724;;VolleRose;13.03.2022;0000 0369 4500 6500;09/96;Mastercard;99;28;3,6;0
RS0001725;;VolleRose;13.03.2022;0000 3128 0690 9200;12/23;American Express;81;24;2;8,1
RS0001726;173;VolleRose;13.03.2022;0000 8369 3620 3200;10/19;Mastercard;89;46;0,8;8,9
RS0001727;164;VolleRose;13.03.2022;0000 9067 4617 3300;03/94;VISA;121;27;4;12,1
RS0001728;175;VolleRose;13.03.2022;0000 0515 0800 0000;03/23;Mastercard;85;6;1;8,5
RS0001729;;VolleRose;13.03.2022;0000 8370 1633 7000;11/15;American Express;74;1;2,8;0
RS0001729;;VolleRose;13.03.2022;0000 8370 1633 7000;11/15;American Express;83;8;0,8;8,3
RS0001730;;VolleRose;13.03.2022;0000 6152 4109 0000;09/19;Mastercard;70;38;8;0,81
RS0001731;1;VolleRose;13.03.2022;0000 7466 6923 0000;03/13;VISA;69;43;2;6,9
RS0001732;;VolleRose;13.03.2022;0000 6566 0908 0000;02/21;VISA;44;8;4;4,4
RS0001733;361;VolleRose;13.03.2022;2600 8200 0609 7750;01/88;VISA;87;29;0,5;8,7
RS0001734;;VolleRose;13.03.2022;0000 8750 8623 1100;04/91;VISA;35;8;1;3,5
RS0001734;;VolleRose;13.03.2022;0000 8750 8623 1100;04/91;VISA;52;40;3,8;0
RS0001735;;VolleRose;13.03.2022;0000 9052 0700 2400;07/23;VISA;99;46;3,8;9,9
RS0001736;;VolleRose;13.03.2022;0505 0500 0362 8429;12/19;American Express;110;22;0,5;11
RS0001737;403;VolleRose;13.03.2022;3900 0000 0750 7620;05/15;VISA;39;36;0,8;3,9
RS0001738;;VolleRose;13.03.2022;0940 5400 0257 7978;11/23;VISA;88;40;0,5;8,8
RS0001739;227;VolleRose;13.03.2022;0000 8746 0700 2400;03/17;VISA;3;10;4,8;0
RS0001739;227;VolleRose;13.03.2022;0000 8746 0700 2400;03/17;VISA;29;31;1,3;0
RS0001739;227;VolleRose;13.03.2022;0000 8746 0700 2400;03/17;VISA;42;1;2,2;0
RS0001739;227;VolleRose;13.03.2022;0000 8746 0700 2400;03/17;VISA;64;48;4,3;0
RS0001739;227;VolleRose;13.03.2022;0000 8746 0700 2400;03/17;VISA;85;9;0,8;0
RS0001739;227;VolleRose;13.03.2022;0000 8746 0700 2400;03/17;VISA;93;23;2,1;0
RS0001739;227;VolleRose;13.03.2022;0000 8746 0700 2400;03/17;VISA;105;2;5;4
RS0001740;;VolleRose;13.03.2022;0000 8164 3901 3000;12/23;Mastercard;103;6;5;10,3
RS0001741;;VolleRose;13.03.2022;0000 4114 0613 0800;04/23;Mastercard;98;20;4,5;9,8
RS0001742;;VolleRose;13.03.2022;0000 1674 0500 0000;05/18;VISA;11;26;8;0,2
RS0001743;151;VolleRose;13.03.2022;0000 9185 5900 0000;11/14;American Express;107;41;8;10,7
RS0001744;;VolleRose;13.03.2022;0000 9170 1696 1400;08/16;Mastercard;27;14;1,8;0
RS0001744;;VolleRose;13.03.2022;0000 9170 1696 1400;08/16;Mastercard;80;32;3,8;0
RS0001744;;VolleRose;13.03.2022;0000 9170 1696 1400;08/16;Mastercard;107;37;7,8;0
RS0001744;;VolleRose;13.03.2022;0000 9170 1696 1400;08/16;Mastercard;124;35;3;12,4
RS0001745;379;VolleRose;13.03.2022;0800 8500 0186 4149;03/23;VISA;88;13;0,5;8,8
RS0001746;;VolleRose;13.03.2022;0000 5476 0694 6800;03/21;VISA;24;26;3;2,4
RS0001747;;VolleRose;13.03.2022;0000 7051 0917 0000;06/17;Mastercard;87;3;0,5;8,7
RS0001748;189;VolleRose;13.03.2022;0000 5052 0521 5400;12/23;Mastercard;97;31;9;9,7
RS0001749;;VolleRose;13.03.2022;0000 1174 1910 0000;01/15;VISA;42;22;2,4;4,2
RS0001749;;VolleRose;13.03.2022;0000 1174 1910 0000;01/15;VISA;87;48;0,3;0
RS0001750;406;VolleRose;13.03.2022;7500 0000 0985 0720;02/15;VISA;83;48;0,8;8,3
RS0001751;;VolleRose;13.03.2022;0602 0800 0647 7772;10/92;Mastercard;76;34;4;7,6
RS0001752;254;VolleRose;13.03.2022;0000 7450 2307 0000;07/16;Mastercard;88;45;0,5;8,8
RS0001753;;VolleRose;13.03.2022;0000 8476 0694 4100;11/23;VISA;87;8;0,5;8,7
RS0001754;;VolleRose;13.03.2022;0000 9146 0800 1000;12/84;American Express;2;12;4;0,2
RS0001754;;VolleRose;13.03.2022;0000 9146 0800 1000;12/84;American Express;19;21;1,8;0
RS0001754;;VolleRose;13.03.2022;0000 9146 0800 1000;12/84;American Express;43;7;2,1;0
RS0001755;101;VolleRose;13.03.2022;0000 6071 0500 0000;12/18;American Express;57;23;8;5,7
RS0001756;;VolleRose;13.03.2022;6625 4000 0821 4150;01/23;VISA;50;28;5,6;5
RS0001757;28;VolleRose;13.03.2022;0000 7968 4522 9000;07/93;Mastercard;74;28;3;7,4
RS0001758;;VolleRose;13.03.2022;0695 5900 0820 3729;12/20;American Express;28;8;2;2,8
RS0001759;385;VolleRose;13.03.2022;0695 5900 0820 3729;12/20;American Express;10;22;0,3;0
RS0001759;385;VolleRose;13.03.2022;0695 5900 0820 3729;12/20;American Express;82;18;4,8;0
RS0001759;385;VolleRose;13.03.2022;0695 5900 0820 3729;12/20;American Express;114;5;4,5;11,4
RS0001760;;VolleRose;13.03.2022;0800 8500 0186 4149;03/23;VISA;118;13;6;11,8
RS0001761;239;VolleRose;13.03.2022;0000 6350 8500 4900;08/19;Mastercard;48;4;4,5;4,8
RS0001762;;VolleRose;13.03.2022;0000 6628 0906 3300;11/13;American Express;109;2;3;10,9
RS0001763;;VolleRose;13.03.2022;0697 1600 0512 0992;03/16;VISA;19;18;2;1,9
RS0001764;279;VolleRose;13.03.2022;0000 4750 8643 2200;12/13;American Express;21;40;3,8;0
RS0001764;279;VolleRose;13.03.2022;0000 4750 8643 2200;12/13;American Express;92;10;2,4;9,2
RS0001765;;VolleRose;13.03.2022;3613 4200 0182 6120;01/16;VISA;43;16;2,3;0,76
RS0001766;;VolleRose;13.03.2022;7500 0000 0985 0720;02/15;VISA;25;10;7;2,5
RS0001767;154;VolleRose;13.03.2022;0000 8476 0694 4100;11/23;VISA;93;43;2,3;9,3
RS0001768;;VolleRose;13.03.2022;4922 0000 0374 9970;05/17;VISA;113;44;4,5;11,3
RS0001769;;VolleRose;13.03.2022;0000 8246 0600 4000;12/92;American Express;8;36;7,8;0
RS0001769;;VolleRose;13.03.2022;0000 8246 0600 4000;12/92;American Express;19;38;2;1,9
RS0001769;;VolleRose;13.03.2022;0000 8246 0600 4000;12/92;American Express;76;15;3,8;0
RS0001769;;VolleRose;13.03.2022;0000 8246 0600 4000;12/92;American Express;93;9;2,1;0
RS0001770;47;VolleRose;13.03.2022;0000 2221 8900 2200;03/17;VISA;116;44;3;11,6
RS0001771;15;VolleRose;13.03.2022;0000 7228 2915 5100;05/17;VISA;107;43;8;10,7
RS0001772;134;VolleRose;13.03.2022;0000 5642 0306 0000;11/95;American Express;123;40;3;0,81
RS0001773;300;VolleRose;13.03.2022;0000 3265 0922 0000;09/91;Mastercard;108;33;8;10,8
RS0001774;;VolleRose;13.03.2022;0000 7337 0400 4400;01/19;VISA;22;31;1,8;0
RS0001774;;VolleRose;13.03.2022;0000 7337 0400 4400;01/19;VISA;124;36;3;12,4
RS0001775;;VolleRose;13.03.2022;0000 7376 3515 6000;12/17;American Express;64;28;4,5;0,6
RS0001776;316;VolleRose;13.03.2022;0613 0300 0653 8429;09/93;Mastercard;115;33;4,5;11,5
RS0001777;;VolleRose;13.03.2022;0520 0000 0027 7808;10/17;Mastercard;36;46;0,5;3,6
RS0001778;226;VolleRose;13.03.2022;0000 2820 0300 0000;06/15;Mastercard;109;23;3;10,9
RS0001779;;VolleRose;13.03.2022;0000 6429 2400 2400;12/23;Mastercard;57;44;7,8;0
RS0001779;;VolleRose;13.03.2022;0000 6429 2400 2400;12/23;Mastercard;84;10;0,55;0
RS0001779;;VolleRose;13.03.2022;0000 6429 2400 2400;12/23;Mastercard;88;49;0,5;8,8
RS0001780;383;VolleRose;13.03.2022;4500 6500 0582 4450;05/99;VISA;96;49;8;9,6
RS0001781;;VolleRose;13.03.2022;0000 6624 0603 0000;01/23;Mastercard;31;32;2;3,1
RS0001782;56;VolleRose;13.03.2022;0000 4326 5626 9400;11/14;American Express;103;11;5;10,3
RS0001783;;VolleRose;13.03.2022;0000 5476 0694 6800;03/21;VISA;21;39;4;2,1
RS0001784;;VolleRose;13.03.2022;0000 5221 5653 1600;02/23;Mastercard;6;9;6,8;0
RS0001784;;VolleRose;13.03.2022;0000 5221 5653 1600;02/23;Mastercard;16;6;3;1,6
RS0001784;;VolleRose;13.03.2022;0000 5221 5653 1600;02/23;Mastercard;62;11;3,8;0
RS0001785;29;VolleRose;13.03.2022;0000 8750 8623 1100;04/91;VISA;85;37;1;8,5
RS0001786;;VolleRose;13.03.2022;0000 3658 6626 5300;12/99;American Express;19;24;2;1,9
RS0001787;342;VolleRose;13.03.2022;6665 4800 0669 8760;08/97;Mastercard;72;12;2;7,2
RS0001788;;VolleRose;13.03.2022;0000 1551 1519 1900;01/23;Mastercard;53;49;5;5,3
RS0001789;;VolleRose;13.03.2022;0000 2668 3500 4800;09/97;Mastercard;5;4;4,8;0
RS0001789;;VolleRose;13.03.2022;0000 2668 3500 4800;09/97;Mastercard;80;22;4;8
RS0001790;;VolleRose;13.03.2022;5514 8000 0695 2020;04/18;VISA;41;45;1,2;4,1
RS0001791;406;VolleRose;13.03.2022;7500 0000 0985 0720;02/15;VISA;31;13;2;3,1
RS0001792;;VolleRose;13.03.2022;3400 5800 0955 2420;05/15;VISA;73;36;3;7,3
RS0001793;;VolleRose;13.03.2022;0000 2574 3517 4000;08/90;Mastercard;31;1;2;3,1
RS0001794;209;VolleRose;13.03.2022;0000 5625 0400 6600;05/23;VISA;6;29;6,8;0
RS0001794;209;VolleRose;13.03.2022;0000 5625 0400 6600;05/23;VISA;7;49;7,8;0
RS0001794;209;VolleRose;13.03.2022;0000 5625 0400 6600;05/23;VISA;15;38;4,5;1,5
RS0001794;209;VolleRose;13.03.2022;0000 5625 0400 6600;05/23;VISA;67;14;3,3;0
RS0001794;209;VolleRose;13.03.2022;0000 5625 0400 6600;05/23;VISA;86;33;0,3;0
RS0001795;;VolleRose;13.03.2022;0000 8147 2515 5000;05/23;Mastercard;23;28;3;2,3
RS0001796;;VolleRose;13.03.2022;2617 0000 0384 0930;04/93;VISA;37;9;0,5;3,7
RS0001797;;VolleRose;13.03.2022;0000 5645 8410 3100;11/00;American Express;78;9;2;0,79
RS0001798;;VolleRose;13.03.2022;6512 4000 0106 0740;06/84;Mastercard;122;36;2;12,2
RS0001799;62;VolleRose;13.03.2022;0000 2730 1308 0000;11/17;American Express;6;39;6,8;0
RS0001799;62;VolleRose;13.03.2022;0000 2730 1308 0000;11/17;American Express;49;18;3,6;0
RS0001799;62;VolleRose;13.03.2022;0000 2730 1308 0000;11/17;American Express;76;24;4;7,6
RS0001799;62;VolleRose;13.03.2022;0000 2730 1308 0000;11/17;American Express;83;23;0,6;0
RS0001800;;VolleRose;13.03.2022;3900 0000 0750 7620;05/15;VISA;33;29;0,8;3,3
RS0001801;;VolleRose;13.03.2022;0616 9800 0343 8287;01/21;VISA;94;33;4;9,4
RS0001802;;VolleRose;13.03.2022;0000 9762 0918 0000;10/85;Mastercard;44;1;4;4,4
RS0001803;18;VolleRose;13.03.2022;0000 7772 1697 6400;02/19;VISA;59;42;3;5,9
RS0001804;;VolleRose;13.03.2022;1628 9800 0788 2280;10/90;Mastercard;78;32;1,8;0
RS0001804;;VolleRose;13.03.2022;1628 9800 0788 2280;10/90;Mastercard;85;28;1;8,5
RS0001805;;VolleRose;13.03.2022;0000 8164 3901 3000;12/23;Mastercard;18;8;6;1,8
RS0001806;399;VolleRose;13.03.2022;5601 0300 0254 7790;07/13;Mastercard;49;16;3,8;4,9
RS0001807;;VolleRose;13.03.2022;0000 7466 6923 0000;03/13;VISA;32;4;5;3,2
RS0001808;;VolleRose;13.03.2022;0000 8078 0608 9600;12/15;American Express;119;3;2;11,9
RS0001809;356;VolleRose;13.03.2022;4601 1700 0882 1030;01/20;VISA;68;14;5,8;0
RS0001809;356;VolleRose;13.03.2022;4601 1700 0882 1030;01/20;VISA;102;37;4;10,2
RS0001810;;VolleRose;13.03.2022;0000 9850 7500 9400;06/20;Mastercard;99;43;3,8;9,9
RS0001811;;VolleRose;13.03.2022;0000 8370 1633 7000;11/15;American Express;17;26;3,5;1,7
RS0001812;;VolleRose;13.03.2022;0000 2470 0510 0300;05/92;VISA;6;15;7;0,6
RS0001813;;VolleRose;13.03.2022;0500 0000 0018 2918;01/13;VISA;9;36;3;0,9
RS0001814;17;VolleRose;13.03.2022;0000 2766 4327 0000;06/93;Mastercard;34;22;0,55;0
RS0001814;17;VolleRose;13.03.2022;0000 2766 4327 0000;06/93;Mastercard;85;18;0,8;0
RS0001814;17;VolleRose;13.03.2022;0000 2766 4327 0000;06/93;Mastercard;91;47;1,2;9,1
RS0001814;17;VolleRose;13.03.2022;0000 2766 4327 0000;06/93;Mastercard;117;39;3,3;0
RS0001815;;VolleRose;13.03.2022;2517 5500 0792 0450;09/13;Mastercard;81;3;2;8,1
RS0001816;86;VolleRose;13.03.2022;0000 9854 5700 9400;12/23;Mastercard;108;33;8;0,24
RS0001817;;VolleRose;13.03.2022;6601 2400 0873 3900;10/23;VISA;94;38;4;9,4
RS0001818;;VolleRose;13.03.2022;0000 1024 1628 9800;12/14;American Express;97;23;9;9,7
RS0001819;349;VolleRose;13.03.2022;3519 6000 0698 5110;09/23;Mastercard;67;3;3,3;0
RS0001819;349;VolleRose;13.03.2022;3519 6000 0698 5110;09/23;Mastercard;74;4;2,8;0
RS0001819;349;VolleRose;13.03.2022;3519 6000 0698 5110;09/23;Mastercard;83;42;0,6;0
RS0001819;349;VolleRose;13.03.2022;3519 6000 0698 5110;09/23;Mastercard;118;23;6;11,8
RS0001820;;VolleRose;13.03.2022;7625 5000 0467 5020;07/23;American Express;105;10;5;10,5
RS0001821;;VolleRose;13.03.2022;0000 0568 3515 5700;04/13;VISA;110;23;0,5;11
RS0001822;352;VolleRose;13.03.2022;5700 6100 0383 2200;12/23;Mastercard;42;48;2,4;4,2
RS0001823;;VolleRose;13.03.2022;0000 6071 0500 0000;12/18;American Express;24;1;3;2,4
RS0001824;;VolleRose;13.03.2022;0000 1765 0910 4000;04/23;VISA;55;29;5;5,5
RS0001824;;VolleRose;13.03.2022;0000 1765 0910 4000;04/23;VISA;81;17;1,8;0
RS0001825;212;VolleRose;13.03.2022;0000 6325 9800 2700;06/88;Mastercard;36;47;0,5;3,6
RS0001826;;VolleRose;13.03.2022;0905 0000 0979 9862;11/23;VISA;6;6;7;0,2
RS0001827;;VolleRose;13.03.2022;0000 6429 2400 2400;12/23;Mastercard;30;33;4;3
RS0001828;287;VolleRose;13.03.2022;0000 6336 0400 8500;09/89;Mastercard;103;36;5;10,3
RS0001829;;VolleRose;13.03.2022;0000 8246 0600 4000;12/92;American Express;74;15;3;0,35
RS0001829;;VolleRose;13.03.2022;0000 8246 0600 4000;12/92;American Express;108;46;7,8;0
RS0001829;;VolleRose;13.03.2022;0000 8246 0600 4000;12/92;American Express;109;41;2,8;0
RS0001830;;VolleRose;13.03.2022;5600 6000 0526 0330;08/23;Mastercard;58;13;8;5,8
RS0001831;;VolleRose;13.03.2022;0000 7985 0501 0000;05/23;American Express;106;48;7;10,6
RS0001832;75;VolleRose;13.03.2022;0000 0380 0800 0000;03/15;VISA;24;34;3;2,4
RS0001833;;VolleRose;13.03.2022;0000 9525 6501 0600;11/16;American Express;89;13;0,8;8,9
RS0001834;;VolleRose;13.03.2022;0000 8351 0500 1500;05/20;VISA;14;17;4,5;1,4
RS0001834;;VolleRose;13.03.2022;0000 8351 0500 1500;05/20;VISA;43;38;2,1;0
RS0001835;368;VolleRose;13.03.2022;1900 8200 0655 7460;07/17;Mastercard;115;38;4,5;11,5
RS0001836;;VolleRose;13.03.2022;3400 7600 0709 7670;04/99;VISA;52;37;4;5,2
RS0001837;176;VolleRose;13.03.2022;0000 5737 0800 8700;06/91;Mastercard;4;8;5;0,4
RS0001838;;VolleRose;13.03.2022;0000 7051 0917 0000;06/17;Mastercard;68;41;6;6,8
RS0001839;;VolleRose;13.03.2022;0000 7051 0917 0000;06/17;Mastercard;19;42;1,8;0
RS0001839;;VolleRose;13.03.2022;0000 7051 0917 0000;06/17;Mastercard;50;29;5,6;5
RS0001839;;VolleRose;13.03.2022;0000 7051 0917 0000;06/17;Mastercard;58;18;7,8;0
RS0001840;36;VolleRose;13.03.2022;0000 1072 0621 5200;01/21;VISA;52;25;4;5,2
RS0001841;;VolleRose;13.03.2022;0000 5059 0100 3900;04/16;VISA;76;3;4;7,6
RS0001842;269;VolleRose;13.03.2022;0000 3150 0905 0000;09/23;VISA;119;40;2;11,9
RS0001843;;VolleRose;13.03.2022;0400 0000 0034 0968;08/20;Mastercard;28;45;2;2,8
RS0001844;;VolleRose;13.03.2022;6500 1000 0259 4650;01/19;VISA;5;15;4,8;0
RS0001844;;VolleRose;13.03.2022;6500 1000 0259 4650;01/19;VISA;56;27;6,8;0
RS0001844;;VolleRose;13.03.2022;6500 1000 0259 4650;01/19;VISA;88;42;0,3;0
RS0001844;;VolleRose;13.03.2022;6500 1000 0259 4650;01/19;VISA;112;5;4;11,2
RS0001845;375;VolleRose;13.03.2022;0300 0100 0558 4201;02/98;VISA;52;5;4;5,2
RS0001846;;VolleRose;13.03.2022;2510 2000 0429 6380;06/19;Mastercard;10;10;0,5;1
RS0001847;383;VolleRose;13.03.2022;4500 6500 0582 4450;05/99;VISA;5;27;5;0,5
RS0001848;;VolleRose;13.03.2022;0000 5453 2612 0200;01/00;VISA;81;11;2;8,1
RS0001849;82;VolleRose;13.03.2022;0000 2668 3500 4800;09/97;Mastercard;57;47;8;5,7
RS0001849;82;VolleRose;13.03.2022;0000 2668 3500 4800;09/97;Mastercard;78;41;1,8;0
RS0001850;;VolleRose;13.03.2022;0000 4076 3515 6000;05/87;VISA;80;21;4;8
RS0001851;;VolleRose;13.03.2022;0000 8943 0609 6700;06/20;Mastercard;44;28;4;0,64
RS0001852;1;VolleRose;13.03.2022;0000 7466 6923 0000;03/13;VISA;77;33;2;7,7
RS0001853;278;VolleRose;13.03.2022;0000 4075 0500 0000;09/00;Mastercard;14;37;4,5;1,4
RS0001854;;VolleRose;13.03.2022;0000 7376 3515 6000;12/17;American Express;40;5;1;4
RS0001854;;VolleRose;13.03.2022;0000 7376 3515 6000;12/17;American Express;115;31;4,3;0
RS0001855;;VolleRose;13.03.2022;0000 2868 0900 0000;07/86;Mastercard;15;15;4,5;1,5
RS0001856;;VolleRose;13.03.2022;0000 8784 0800 0000;08/23;Mastercard;73;40;3;7,3
RS0001857;;VolleRose;13.03.2022;0000 1562 0700 2400;09/76;Mastercard;101;19;2;10,1
RS0001858;174;VolleRose;13.03.2022;0000 9772 0693 0800;05/23;Mastercard;23;45;3;2,3
RS0001859;;VolleRose;13.03.2022;0000 5282 0700 0000;04/19;VISA;11;30;7,8;0
RS0001859;;VolleRose;13.03.2022;0000 5282 0700 0000;04/19;VISA;44;10;3,8;0
RS0001859;;VolleRose;13.03.2022;0000 5282 0700 0000;04/19;VISA;47;44;8,8;0
RS0001859;;VolleRose;13.03.2022;0000 5282 0700 0000;04/19;VISA;82;46;5;8,2
RS0001860;;VolleRose;13.03.2022;0501 0100 0597 8241;12/20;American Express;69;21;2;6,9
RS0001861;169;VolleRose;13.03.2022;0000 4815 0504 0000;07/17;Mastercard;92;19;2,4;9,2
RS0001862;;VolleRose;13.03.2022;0000 4183 0505 0500;08/20;Mastercard;86;40;0,5;8,6
RS0001863;399;VolleRose;13.03.2022;5601 0300 0254 7790;07/13;Mastercard;78;48;2;7,8
RS0001864;;VolleRose;13.03.2022;0000 3150 0905 0000;09/23;VISA;17;11;3,5;1,7
RS0001864;;VolleRose;13.03.2022;0000 3150 0905 0000;09/23;VISA;63;4;4,3;0
RS0001865;;VolleRose;13.03.2022;0000 9146 0800 1000;12/84;American Express;2;35;4;0,2
RS0001866;;VolleRose;13.03.2022;6512 4000 0106 0740;06/84;Mastercard;64;25;4,5;6,4
RS0001867;223;VolleRose;13.03.2022;0000 3974 1200 7100;05/14;VISA;57;40;8;5,7
RS0001868;;VolleRose;13.03.2022;0000 7772 1697 6400;02/19;VISA;44;43;4;4,4
RS0001869;;VolleRose;13.03.2022;0520 0000 0027 7808;10/17;Mastercard;10;3;0,3;0
RS0001869;;VolleRose;13.03.2022;0520 0000 0027 7808;10/17;Mastercard;13;12;4,3;0
RS0001869;;VolleRose;13.03.2022;0520 0000 0027 7808;10/17;Mastercard;14;5;4,3;0
RS0001869;;VolleRose;13.03.2022;0520 0000 0027 7808;10/17;Mastercard;35;48;0,8;0
RS0001869;;VolleRose;13.03.2022;0520 0000 0027 7808;10/17;Mastercard;44;1;3,8;0
RS0001869;;VolleRose;13.03.2022;0520 0000 0027 7808;10/17;Mastercard;93;35;2,3;9,3
RS0001869;;VolleRose;13.03.2022;0520 0000 0027 7808;10/17;Mastercard;103;24;4,8;0
RS0001869;;VolleRose;13.03.2022;0520 0000 0027 7808;10/17;Mastercard;125;11;6,8;0
RS0001870;318;VolleRose;13.03.2022;2911 2000 0746 7730;02/23;VISA;8;48;8;0,8
RS0001871;148;VolleRose;13.03.2022;0000 2172 0690 3600;06/23;Mastercard;78;42;2;7,8
RS0001872;254;VolleRose;13.03.2022;0000 7450 2307 0000;07/16;Mastercard;37;7;0,5;3,7
RS0001873;211;VolleRose;13.03.2022;0000 2367 0512 0300;02/97;VISA;117;12;3,5;11,7
RS0001874;;VolleRose;13.03.2022;5514 8000 0695 2020;04/18;VISA;35;38;0,8;0
RS0001874;;VolleRose;13.03.2022;5514 8000 0695 2020;04/18;VISA;77;28;1,8;0
RS0001874;;VolleRose;13.03.2022;5514 8000 0695 2020;04/18;VISA;92;47;2,4;9,2
RS0001875;;VolleRose;13.03.2022;0000 0729 1656 8100;09/17;Mastercard;45;19;2;4,5
RS0001876;;VolleRose;13.03.2022;1900 8200 0655 7460;07/17;Mastercard;3;42;5;0,65
RS0001877;203;VolleRose;13.03.2022;0000 6637 0800 4000;01/18;VISA;33;37;0,8;3,3
RS0001878;347;VolleRose;13.03.2022;3600 1100 0149 9250;06/14;Mastercard;47;48;9;0,59
RS0001879;;VolleRose;13.03.2022;0000 8757 6622 6300;04/94;VISA;33;41;0,8;3,3
RS0001879;;VolleRose;13.03.2022;0000 8757 6622 6300;04/94;VISA;40;36;0,8;0
RS0001879;;VolleRose;13.03.2022;0000 8757 6622 6300;04/94;VISA;105;9;4,8;0
RS0001880;372;VolleRose;13.03.2022;6621 5500 0593 9950;09/23;VISA;67;49;3,5;6,7
RS0001881;;VolleRose;13.03.2022;0000 5052 0521 5400;12/23;Mastercard;48;44;4,5;4,8
RS0001882;;VolleRose;13.03.2022;0000 8147 2515 5000;05/23;Mastercard;53;34;5;5,3
RS0001883;359;VolleRose;13.03.2022;0502 0100 0649 2687;01/96;VISA;111;37;8;11,1
RS0001884;384;VolleRose;13.03.2022;1500 0000 0835 8920;12/20;American Express;27;34;1,8;0
RS0001884;384;VolleRose;13.03.2022;1500 0000 0835 8920;12/20;American Express;61;28;8;6,1
RS0001885;;VolleRose;13.03.2022;0503 5300 0162 7331;10/14;Mastercard;44;15;4;4,4
RS0001886;312;VolleRose;13.03.2022;0520 0000 0027 7808;10/17;Mastercard;34;27;0,75;3,4
RS0001887;;VolleRose;13.03.2022;0505 0000 0337 8867;02/23;Mastercard;65;20;4,5;6,5
RS0001888;270;VolleRose;13.03.2022;0000 7165 4618 7800;06/97;Mastercard;75;48;7;7,5
RS0001889;;VolleRose;13.03.2022;0000 7337 0400 4400;01/19;VISA;10;3;0,3;0
RS0001889;;VolleRose;13.03.2022;0000 7337 0400 4400;01/19;VISA;25;43;6,8;0
RS0001889;;VolleRose;13.03.2022;0000 7337 0400 4400;01/19;VISA;69;8;2;6,9
RS0001890;273;VolleRose;13.03.2022;0000 1162 2515 5000;10/14;Mastercard;109;2;3;10,9
RS0001891;;VolleRose;13.03.2022;4600 4600 0405 9080;09/23;Mastercard;44;8;4;4,4
RS0001892;;VolleRose;13.03.2022;0000 7228 2915 5100;05/17;VISA;91;3;1,2;9,1
RS0001893;;VolleRose;13.03.2022;1900 0000 0649 9490;09/23;Mastercard;50;32;5,6;5
RS0001894;227;VolleRose;13.03.2022;0000 8746 0700 2400;03/17;VISA;41;15;1;0
RS0001894;227;VolleRose;13.03.2022;0000 8746 0700 2400;03/17;VISA;62;28;4;6,2
RS0001894;227;VolleRose;13.03.2022;0000 8746 0700 2400;03/17;VISA;66;22;2,8;0
RS0001894;227;VolleRose;13.03.2022;0000 8746 0700 2400;03/17;VISA;82;11;4,8;0
RS0001895;376;VolleRose;13.03.2022;0400 0000 0712 1960;09/94;Mastercard;51;8;2;5,1
RS0001896;179;VolleRose;13.03.2022;0000 2287 0700 0000;11/23;American Express;12;37;4;1,2
RS0001897;141;VolleRose;13.03.2022;0000 0585 0550 0000;11/15;American Express;92;46;2,4;9,2
RS0001898;;VolleRose;13.03.2022;0000 4076 3515 6000;05/87;VISA;52;31;4;5,2
RS0001899;359;VolleRose;13.03.2022;0502 0100 0649 2687;01/96;VISA;32;28;4,8;0
RS0001899;359;VolleRose;13.03.2022;0502 0100 0649 2687;01/96;VISA;79;27;1,3;0
RS0001899;359;VolleRose;13.03.2022;0502 0100 0649 2687;01/96;VISA;99;25;3,8;9,9
RS0001900;;VolleRose;13.03.2022;3525 6500 0676 4290;09/85;Mastercard;81;27;2;8,1
RS0001901;;VolleRose;13.03.2022;0000 0585 0550 0000;11/15;American Express;87;16;0,5;8,7
RS0001902;298;VolleRose;13.03.2022;0000 3421 0501 7000;06/82;Mastercard;118;28;6;11,8
RS0001903;;VolleRose;13.03.2022;2911 2000 0746 7730;02/23;VISA;71;41;4;7,1
RS0001904;385;VolleRose;13.03.2022;0695 5900 0820 3729;12/20;American Express;19;17;1,8;0
RS0001904;385;VolleRose;13.03.2022;0695 5900 0820 3729;12/20;American Express;99;44;3,6;0
RS0001904;385;VolleRose;13.03.2022;0695 5900 0820 3729;12/20;American Express;120;14;8;0,65
RS0001905;270;VolleRose;13.03.2022;0000 7165 4618 7800;06/97;Mastercard;57;4;8;5,7
RS0001906;;VolleRose;13.03.2022;0000 2532 0500 0000;10/23;VISA;52;8;4;5,2
RS0001907;172;VolleRose;13.03.2022;0000 8246 0600 4000;12/92;American Express;18;30;6;1,8
RS0001908;;VolleRose;13.03.2022;0000 3773 3692 6400;03/20;VISA;50;42;5,6;5
RS0001909;;VolleRose;13.03.2022;0000 8078 0608 9600;12/15;American Express;19;42;1,8;0
RS0001909;;VolleRose;13.03.2022;0000 8078 0608 9600;12/15;American Express;83;19;0,8;8,3
RS0001910;335;VolleRose;13.03.2022;3613 4200 0182 6120;01/16;VISA;95;28;2;9,5
RS0001911;;VolleRose;13.03.2022;3923 0000 0784 2310;04/19;VISA;120;16;8;12
RS0001912;183;VolleRose;13.03.2022;0000 2170 2501 5000;12/23;VISA;124;11;3;12,4
RS0001913;;VolleRose;13.03.2022;2510 2000 0429 6380;06/19;Mastercard;61;41;8;6,1
RS0001914;339;VolleRose;13.03.2022;0502 9900 0603 0385;10/18;Mastercard;54;23;5;9,2
RS0001914;339;VolleRose;13.03.2022;0502 9900 0603 0385;10/18;Mastercard;92;4;2,2;0
RS0001915;362;VolleRose;13.03.2022;2516 3000 0515 7250;12/23;VISA;93;31;2,3;9,3
RS0001916;;VolleRose;13.03.2022;6621 5500 0593 9950;09/23;VISA;11;20;8;1,1
RS0001917;129;VolleRose;13.03.2022;0000 2970 0530 7000;04/15;VISA;46;28;8;4,6
RS0001918;394;VolleRose;13.03.2022;6512 4000 0106 0740;06/84;Mastercard;43;47;2,3;4,3
RS0001919;;VolleRose;13.03.2022;0000 4170 0543 0600;05/99;VISA;62;23;3,8;0
RS0001919;;VolleRose;13.03.2022;0000 4170 0543 0600;05/99;VISA;76;18;3,8;0
RS0001919;;VolleRose;13.03.2022;0000 4170 0543 0600;05/99;VISA;96;9;7,8;0
RS0001919;;VolleRose;13.03.2022;0000 4170 0543 0600;05/99;VISA;101;33;1,8;0
RS0001919;;VolleRose;13.03.2022;0000 4170 0543 0600;05/99;VISA;114;25;4,5;11,4
RS0001920;;VolleRose;13.03.2022;0000 8476 0694 4100;11/23;VISA;51;42;2;5,1
RS0001921;13;VolleRose;13.03.2022;0000 5310 0900 0000;01/23;VISA;72;45;2;7,2
RS0001922;;VolleRose;13.03.2022;0000 4968 3500 4800;06/88;Mastercard;29;21;1,5;2,9
RS0001923;170;VolleRose;13.03.2022;0000 4966 5500 7000;02/16;VISA;61;23;8;6,1
RS0001924;;VolleRose;13.03.2022;0000 1162 2515 5000;10/14;Mastercard;9;8;2,8;0
RS0001924;;VolleRose;13.03.2022;0000 1162 2515 5000;10/14;Mastercard;43;8;2,3;0,75
RS0001925;170;VolleRose;13.03.2022;0000 4966 5500 7000;02/16;VISA;34;45;0,75;3,4
RS0001926;209;VolleRose;13.03.2022;0000 5625 0400 6600;05/23;VISA;60;45;0,5;6
RS0001927;358;VolleRose;13.03.2022;3923 0000 0784 2310;04/19;VISA;6;27;7;0,63
RS0001928;;VolleRose;13.03.2022;0000 5659 1900 0000;10/75;Mastercard;14;29;4,5;1,4
RS0001929;312;VolleRose;13.03.2022;0520 0000 0027 7808;10/17;Mastercard;36;7;0,5;3,6
RS0001929;312;VolleRose;13.03.2022;0520 0000 0027 7808;10/17;Mastercard;125;2;6,8;0
RS0001930;262;VolleRose;13.03.2022;0000 6566 0908 0000;02/21;VISA;5;36;5;0,5
RS0001931;338;VolleRose;13.03.2022;4515 4800 0829 7550;05/13;VISA;18;21;6;1,8
RS0001932;;VolleRose;13.03.2022;3519 6000 0698 5110;09/23;Mastercard;40;4;1;0,22
RS0001933;193;VolleRose;13.03.2022;0000 2676 0695 5900;05/23;VISA;121;19;4;12,1
RS0001934;;VolleRose;13.03.2022;0000 0778 0608 9600;03/23;Mastercard;52;17;3,8;0
RS0001934;;VolleRose;13.03.2022;0000 0778 0608 9600;03/23;Mastercard;94;44;3,8;0
RS0001934;;VolleRose;13.03.2022;0000 0778 0608 9600;03/23;Mastercard;112;6;4;11,2
RS0001935;;VolleRose;13.03.2022;0000 0818 0550 0000;04/90;VISA;11;4;8;1,1
RS0001936;52;VolleRose;13.03.2022;0000 5672 0693 2900;07/20;Mastercard;120;38;8;12