BestellungID;PosID;LieferAdrID;LieferDienstID;LieferDatum
1;1;1;1;06.03.2022
1;2;1;2;07.03.2022
1;3;1;3;08.03.2022
2;4;120;8;07.03.2022
2;5;1;10;09.03.2022
2;6;120;12;05.03.2022
3;7;530;21;08.03.2022
3;8;530;24;05.03.2022
4;9;275;36;05.03.2022
4;10;275;40;09.03.2022
4;11;275;44;07.03.2022
5;12;631;60;05.03.2022
5;13;631;65;10.03.2022
6;14;686;3;08.03.2022
6;15;631;9;08.03.2022
6;16;686;15;08.03.2022
7;17;494;38;07.03.2022
7;18;494;45;08.03.2022
8;19;526;71;10.03.2022
8;20;494;79;06.03.2022
8;21;526;6;05.03.2022
9;22;568;36;05.03.2022
9;23;568;45;08.03.2022
10;24;162;78;05.03.2022
10;25;162;7;06.03.2022
10;26;162;17;10.03.2022
11;27;422;54;05.03.2022
11;28;422;65;10.03.2022
12;29;551;24;05.03.2022
12;30;422;36;05.03.2022
12;31;551;48;05.03.2022
13;32;287;11;10.03.2022
13;33;287;24;05.03.2022
14;34;638;71;10.03.2022
14;35;287;4;09.03.2022
14;36;638;18;05.03.2022
15;37;721;69;08.03.2022
15;38;721;3;08.03.2022
16;39;588;57;08.03.2022
16;40;588;73;06.03.2022
16;41;588;8;07.03.2022
17;42;589;66;05.03.2022
17;43;589;2;07.03.2022
18;44;627;63;08.03.2022
18;45;589;1;06.03.2022
18;46;627;18;05.03.2022
19;47;263;2;07.03.2022
19;48;263;21;08.03.2022
20;49;652;8;07.03.2022
20;50;263;28;09.03.2022
20;51;652;48;05.03.2022
21;52;742;39;08.03.2022
21;53;742;60;05.03.2022
22;54;22;54;05.03.2022
22;55;22;76;09.03.2022
22;56;22;17;10.03.2022
23;57;321;15;08.03.2022
23;58;321;38;07.03.2022
24;59;792;39;08.03.2022
24;60;321;63;08.03.2022
24;61;792;6;05.03.2022
25;62;43;11;10.03.2022
25;63;43;36;05.03.2022
26;64;403;44;07.03.2022
26;65;43;70;09.03.2022
26;66;403;15;08.03.2022
27;67;599;27;08.03.2022
27;68;599;54;05.03.2022
28;69;93;69;08.03.2022
28;70;93;16;09.03.2022
28;71;93;44;07.03.2022
29;72;112;63;08.03.2022
29;73;112;11;10.03.2022
30;74;490;33;08.03.2022
30;75;112;63;08.03.2022
30;76;490;12;05.03.2022
31;77;392;38;07.03.2022
31;78;392;69;08.03.2022
32;79;469;17;10.03.2022
32;80;392;49;06.03.2022
32;81;469;1;06.03.2022
33;82;601;33;08.03.2022
33;83;601;66;05.03.2022
34;84;239;21;08.03.2022
34;85;239;55;06.03.2022
34;86;239;8;07.03.2022
35;87;576;48;05.03.2022
35;88;576;2;07.03.2022
36;89;788;45;08.03.2022
36;90;576;1;06.03.2022
36;91;788;36;05.03.2022
37;92;173;2;07.03.2022
37;93;173;39;08.03.2022
38;94;623;8;07.03.2022
38;95;173;46;09.03.2022
38;96;623;3;08.03.2022
39;97;749;57;08.03.2022
39;98;749;15;08.03.2022
40;99;514;72;05.03.2022
40;100;514;31;06.03.2022
40;101;514;71;10.03.2022
41;102;644;51;08.03.2022
41;103;644;11;10.03.2022
42;104;735;75;08.03.2022
42;105;644;36;05.03.2022
42;106;735;78;05.03.2022
43;107;50;65;10.03.2022
43;108;50;27;08.03.2022
44;109;89;17;10.03.2022
44;110;50;61;06.03.2022
44;111;89;24;05.03.2022
45;112;414;18;05.03.2022
45;113;414;63;08.03.2022
46;114;140;60;05.03.2022
46;115;140;25;06.03.2022
46;116;140;71;10.03.2022
47;117;396;72;05.03.2022
47;118;396;38;07.03.2022
48;119;678;42;05.03.2022
48;120;396;9;08.03.2022
48;121;678;57;08.03.2022
49;122;36;65;10.03.2022
49;123;36;33;08.03.2022
50;124;154;44;07.03.2022
50;125;36;13;06.03.2022
50;126;154;63;08.03.2022
51;127;763;78;05.03.2022
51;128;763;48;05.03.2022
52;129;433;66;05.03.2022
52;130;433;37;06.03.2022
52;131;433;8;07.03.2022
53;132;447;30;05.03.2022
53;133;447;2;07.03.2022
54;134;665;27;08.03.2022
54;135;447;1;06.03.2022
54;136;665;54;05.03.2022
55;137;234;2;07.03.2022
55;138;234;57;08.03.2022
56;139;593;8;07.03.2022
56;140;234;64;09.03.2022
56;141;593;39;08.03.2022
57;142;657;75;08.03.2022
57;143;657;51;08.03.2022
58;144;64;9;08.03.2022
58;145;64;67;06.03.2022
58;146;64;44;07.03.2022
59;147;259;6;05.03.2022
59;148;259;65;10.03.2022
60;149;755;30;05.03.2022
60;150;259;9;08.03.2022
60;151;755;69;08.03.2022
61;152;104;38;07.03.2022
61;153;104;18;05.03.2022
62;154;214;71;10.03.2022
62;155;104;52;09.03.2022
62;156;214;33;08.03.2022
63;157;726;9;08.03.2022
63;158;726;72;05.03.2022
64;159;56;51;08.03.2022
64;160;56;34;09.03.2022
64;161;56;17;10.03.2022
65;162;308;1;06.03.2022
65;163;308;65;10.03.2022
66;164;784;51;08.03.2022
66;165;308;36;05.03.2022
66;166;784;21;08.03.2022
67;167;125;11;10.03.2022
67;168;125;78;05.03.2022
68;169;363;71;10.03.2022
68;170;125;58;09.03.2022
68;171;363;45;08.03.2022
69;172;482;42;05.03.2022
69;173;482;30;05.03.2022
70;174;297;30;05.03.2022
70;175;297;19;06.03.2022
70;176;297;8;07.03.2022
71;177;577;12;05.03.2022
71;178;577;2;07.03.2022
72;179;776;9;08.03.2022
72;180;577;1;06.03.2022
72;181;776;72;05.03.2022
73;182;85;2;07.03.2022
73;183;85;75;08.03.2022
74;184;615;8;07.03.2022
74;185;85;1;06.03.2022
74;186;615;75;08.03.2022
75;187;712;12;05.03.2022
75;188;712;6;05.03.2022
76;189;147;27;08.03.2022
76;190;147;22;09.03.2022
76;191;147;17;10.03.2022
77;192;564;42;05.03.2022
77;193;564;38;07.03.2022
78;194;670;66;05.03.2022
78;195;564;63;08.03.2022
78;196;670;60;05.03.2022
79;197;27;11;10.03.2022
79;198;27;9;08.03.2022
80;199;291;44;07.03.2022
80;200;27;43;06.03.2022
80;201;291;42;05.03.2022
81;202;397;1;06.03.2022
81;203;397;1;06.03.2022
82;204;103;42;05.03.2022
82;205;103;43;06.03.2022
82;206;103;44;07.03.2022
83;207;251;9;08.03.2022
83;208;251;11;10.03.2022
84;209;338;60;05.03.2022
84;210;251;63;08.03.2022
84;211;338;66;05.03.2022
85;212;199;38;07.03.2022
85;213;199;42;05.03.2022
86;214;313;17;10.03.2022
86;215;199;22;09.03.2022
86;216;313;27;08.03.2022
87;217;474;6;05.03.2022
87;218;474;12;05.03.2022
88;219;77;75;08.03.2022
88;220;77;1;06.03.2022
88;221;77;8;07.03.2022
89;222;276;75;08.03.2022
89;223;276;2;07.03.2022
90;224;607;72;05.03.2022
90;225;276;1;06.03.2022
90;226;607;9;08.03.2022
91;227;453;2;07.03.2022
91;228;453;12;05.03.2022
92;229;495;8;07.03.2022
92;230;453;19;06.03.2022
92;231;495;30;05.03.2022
93;232;768;30;05.03.2022
93;233;768;42;05.03.2022
94;234;417;45;08.03.2022
94;235;417;58;09.03.2022
94;236;417;71;10.03.2022
95;237;483;78;05.03.2022
95;238;483;11;10.03.2022
96;239;581;21;08.03.2022
96;240;483;36;05.03.2022
96;241;581;51;08.03.2022
97;242;13;65;10.03.2022
97;243;13;1;06.03.2022
98;244;222;17;10.03.2022
98;245;13;34;09.03.2022
98;246;222;51;08.03.2022
99;247;227;72;05.03.2022
99;248;227;9;08.03.2022
100;249;200;33;08.03.2022
100;250;200;52;09.03.2022
100;251;200;71;10.03.2022
101;252;285;18;05.03.2022
101;253;285;38;07.03.2022
102;254;506;69;08.03.2022
102;255;285;9;08.03.2022
102;256;506;30;05.03.2022
103;257;130;65;10.03.2022
103;258;130;6;05.03.2022
104;259;238;44;07.03.2022
104;260;130;67;06.03.2022
104;261;238;9;08.03.2022
105;262;691;51;08.03.2022
105;263;691;75;08.03.2022
106;264;289;39;08.03.2022
106;265;289;64;09.03.2022
106;266;289;8;07.03.2022
107;267;636;57;08.03.2022
107;268;636;2;07.03.2022
108;269;666;54;05.03.2022
108;270;636;1;06.03.2022
108;271;666;27;08.03.2022
109;272;384;2;07.03.2022
109;273;384;30;05.03.2022
110;274;429;8;07.03.2022
110;275;384;37;06.03.2022
110;276;429;66;05.03.2022
111;277;620;48;05.03.2022
111;278;620;78;05.03.2022
112;279;215;63;08.03.2022
112;280;215;13;06.03.2022
112;281;215;44;07.03.2022
113;282;376;33;08.03.2022
113;283;376;65;10.03.2022
114;284;464;57;08.03.2022
114;285;376;9;08.03.2022
114;286;464;42;05.03.2022
115;287;69;38;07.03.2022
115;288;69;72;05.03.2022
116;289;372;71;10.03.2022
116;290;69;25;06.03.2022
116;291;372;60;05.03.2022
117;292;432;63;08.03.2022
117;293;432;18;05.03.2022
118;294;487;24;05.03.2022
118;295;487;61;06.03.2022
118;296;487;17;10.03.2022
119;297;528;27;08.03.2022
119;298;528;65;10.03.2022
120;299;679;78;05.03.2022
120;300;528;36;05.03.2022
120;301;679;75;08.03.2022
121;302;191;11;10.03.2022
121;303;191;51;08.03.2022
122;304;502;71;10.03.2022
122;305;191;31;06.03.2022
122;306;502;72;05.03.2022
123;307;565;15;08.03.2022
123;308;565;57;08.03.2022
124;309;516;3;08.03.2022
124;310;516;46;09.03.2022
124;311;516;8;07.03.2022
125;312;718;39;08.03.2022
125;313;718;2;07.03.2022
126;314;747;36;05.03.2022
126;315;718;1;06.03.2022
126;316;747;45;08.03.2022
127;317;109;2;07.03.2022
127;318;109;48;05.03.2022
128;319;628;8;07.03.2022
128;320;109;55;06.03.2022
128;321;628;21;08.03.2022
129;322;680;66;05.03.2022
129;323;680;33;08.03.2022
130;324;159;1;06.03.2022
130;325;159;49;06.03.2022
130;326;159;17;10.03.2022
131;327;705;69;08.03.2022
131;328;705;38;07.03.2022
132;329;731;12;05.03.2022
132;330;705;63;08.03.2022
132;331;731;33;08.03.2022
133;332;48;11;10.03.2022
133;333;48;63;08.03.2022
134;334;143;44;07.03.2022
134;335;48;16;09.03.2022
134;336;143;69;08.03.2022
135;337;727;54;05.03.2022
135;338;727;27;08.03.2022
136;339;32;15;08.03.2022
136;340;32;70;09.03.2022
136;341;32;44;07.03.2022
137;342;368;36;05.03.2022
137;343;368;11;10.03.2022
138;344;456;6;05.03.2022
138;345;368;63;08.03.2022
138;346;456;39;08.03.2022
139;347;6;38;07.03.2022
139;348;6;15;08.03.2022
140;349;331;17;10.03.2022
140;350;6;76;09.03.2022
140;351;331;54;05.03.2022
141;352;424;60;05.03.2022
141;353;424;39;08.03.2022
142;354;210;48;05.03.2022
142;355;210;28;09.03.2022
142;356;210;8;07.03.2022
143;357;326;21;08.03.2022
143;358;326;2;07.03.2022
144;359;777;18;05.03.2022
144;360;326;1;06.03.2022
144;361;777;63;08.03.2022
145;362;507;2;07.03.2022
145;363;507;66;05.03.2022
146;364;523;8;07.03.2022
146;365;507;73;06.03.2022
146;366;523;57;08.03.2022
147;367;641;3;08.03.2022
147;368;641;69;08.03.2022
148;369;355;18;05.03.2022
148;370;355;4;09.03.2022
148;371;355;71;10.03.2022
149;372;358;24;05.03.2022
149;373;358;11;10.03.2022
150;374;533;48;05.03.2022
150;375;358;36;05.03.2022
150;376;533;24;05.03.2022
151;377;19;65;10.03.2022
151;378;19;54;05.03.2022
152;379;252;17;10.03.2022
152;380;19;7;06.03.2022
152;381;252;78;05.03.2022
153;382;277;45;08.03.2022
153;383;277;36;05.03.2022
154;384;336;6;05.03.2022
154;385;336;79;06.03.2022
154;386;336;71;10.03.2022
155;387;401;45;08.03.2022
155;388;401;38;07.03.2022
156;389;789;15;08.03.2022
156;390;401;9;08.03.2022
156;391;789;3;08.03.2022
157;392;170;65;10.03.2022
157;393;170;60;05.03.2022
158;394;398;44;07.03.2022
158;395;170;40;09.03.2022
158;396;398;36;05.03.2022
159;397;463;24;05.03.2022
159;398;463;21;08.03.2022
160;399;28;12;05.03.2022
160;400;28;10;09.03.2022
160;401;28;8;07.03.2022
161;402;290;3;08.03.2022
161;403;290;2;07.03.2022
162;404;606;1;06.03.2022
162;405;290;1;06.03.2022
162;406;606;1;06.03.2022
163;407;90;2;07.03.2022
163;408;90;3;08.03.2022
164;409;496;8;07.03.2022
164;410;90;10;09.03.2022
164;411;496;12;05.03.2022
165;412;497;21;08.03.2022
165;413;497;24;05.03.2022
166;414;117;36;05.03.2022
166;415;117;40;09.03.2022
166;416;117;44;07.03.2022
167;417;650;60;05.03.2022
167;418;650;65;10.03.2022
168;419;744;3;08.03.2022
168;420;650;9;08.03.2022
168;421;744;15;08.03.2022
169;422;78;38;07.03.2022
169;423;78;45;08.03.2022
170;424;269;71;10.03.2022
170;425;78;79;06.03.2022
170;426;269;6;05.03.2022
171;427;471;36;05.03.2022
171;428;471;45;08.03.2022
172;429;45;78;05.03.2022
172;430;45;7;06.03.2022
172;431;45;17;10.03.2022
173;432;323;54;05.03.2022
173;433;323;65;10.03.2022
174;434;573;24;05.03.2022
174;435;323;36;05.03.2022
174;436;573;48;05.03.2022
175;437;265;11;10.03.2022
175;438;265;24;05.03.2022
176;439;524;71;10.03.2022
176;440;265;4;09.03.2022
176;441;524;18;05.03.2022
177;442;710;69;08.03.2022
177;443;710;3;08.03.2022
178;444;437;57;08.03.2022
178;445;437;73;06.03.2022
178;446;437;8;07.03.2022
179;447;520;66;05.03.2022
179;448;520;2;07.03.2022
180;449;765;63;08.03.2022
180;450;520;1;06.03.2022
180;451;765;18;05.03.2022
181;452;342;2;07.03.2022
181;453;342;21;08.03.2022
182;454;580;8;07.03.2022
182;455;342;28;09.03.2022
182;456;580;48;05.03.2022
183;457;752;39;08.03.2022
183;458;752;60;05.03.2022
184;459;11;54;05.03.2022
184;460;11;76;09.03.2022
184;461;11;17;10.03.2022
185;462;552;15;08.03.2022
185;463;552;38;07.03.2022
186;464;717;39;08.03.2022
186;465;552;63;08.03.2022
186;466;717;6;05.03.2022
187;467;66;11;10.03.2022
187;468;66;36;05.03.2022
188;469;448;44;07.03.2022
188;470;66;70;09.03.2022
188;471;448;15;08.03.2022
189;472;609;27;08.03.2022
189;473;609;54;05.03.2022
190;474;18;69;08.03.2022
190;475;18;16;09.03.2022
190;476;18;44;07.03.2022
191;477;138;63;08.03.2022
191;478;138;11;10.03.2022
192;479;412;33;08.03.2022
192;480;138;63;08.03.2022
192;481;412;12;05.03.2022
193;482;421;38;07.03.2022
193;483;421;69;08.03.2022
194;484;613;17;10.03.2022
194;485;421;49;06.03.2022
194;486;613;1;06.03.2022
195;487;738;33;08.03.2022
195;488;738;66;05.03.2022
196;489;127;21;08.03.2022
196;490;127;55;06.03.2022
196;491;127;8;07.03.2022
197;492;156;48;05.03.2022
197;493;156;2;07.03.2022
198;494;549;45;08.03.2022
198;495;156;1;06.03.2022
198;496;549;36;05.03.2022
199;497;445;2;07.03.2022
199;498;445;39;08.03.2022
200;499;662;8;07.03.2022
200;500;445;46;09.03.2022
200;501;662;3;08.03.2022
201;502;757;57;08.03.2022
201;503;757;15;08.03.2022
202;504;545;72;05.03.2022
202;505;545;31;06.03.2022
202;506;545;71;10.03.2022
203;507;570;51;08.03.2022
203;508;570;11;10.03.2022
204;509;675;75;08.03.2022
204;510;570;36;05.03.2022
204;511;675;78;05.03.2022
205;512;39;65;10.03.2022
205;513;39;27;08.03.2022
206;514;188;17;10.03.2022
206;515;39;61;06.03.2022
206;516;188;24;05.03.2022
207;517;189;18;05.03.2022
207;518;189;63;08.03.2022
208;519;217;60;05.03.2022
208;520;217;25;06.03.2022
208;521;217;71;10.03.2022
209;522;529;72;05.03.2022
209;523;529;38;07.03.2022
210;524;778;42;05.03.2022
210;525;529;9;08.03.2022
210;526;778;57;08.03.2022
211;527;58;65;10.03.2022
211;528;58;33;08.03.2022
212;529;122;44;07.03.2022
212;530;58;13;06.03.2022
212;531;122;63;08.03.2022
213;532;569;78;05.03.2022
213;533;569;48;05.03.2022
214;534;261;66;05.03.2022
214;535;261;37;06.03.2022
214;536;261;8;07.03.2022
215;537;365;30;05.03.2022
215;538;365;2;07.03.2022
216;539;440;27;08.03.2022
216;540;365;1;06.03.2022
216;541;440;54;05.03.2022
217;542;53;2;07.03.2022
217;543;53;57;08.03.2022
218;544;720;8;07.03.2022
218;545;53;64;09.03.2022
218;546;720;39;08.03.2022
219;547;723;75;08.03.2022
219;548;723;51;08.03.2022
220;549;164;9;08.03.2022
220;550;164;67;06.03.2022
220;551;164;44;07.03.2022
221;552;306;6;05.03.2022
221;553;306;65;10.03.2022
222;554;659;30;05.03.2022
222;555;306;9;08.03.2022
222;556;659;69;08.03.2022
223;557;150;38;07.03.2022
223;558;150;18;05.03.2022
224;559;278;71;10.03.2022
224;560;150;52;09.03.2022
224;561;278;33;08.03.2022
225;562;504;9;08.03.2022
225;563;504;72;05.03.2022
226;564;400;51;08.03.2022
226;565;400;34;09.03.2022
226;566;400;17;10.03.2022
227;567;592;1;06.03.2022
227;568;592;65;10.03.2022
228;569;773;51;08.03.2022
228;570;592;36;05.03.2022
228;571;773;21;08.03.2022
229;572;203;11;10.03.2022
229;573;203;78;05.03.2022
230;574;503;71;10.03.2022
230;575;203;58;09.03.2022
230;576;503;45;08.03.2022
231;577;685;42;05.03.2022
231;578;685;30;05.03.2022
232;579;361;30;05.03.2022
232;580;361;19;06.03.2022
232;581;361;8;07.03.2022
233;582;476;12;05.03.2022
233;583;476;2;07.03.2022
234;584;693;9;08.03.2022
234;585;476;1;06.03.2022
234;586;693;72;05.03.2022
235;587;24;2;07.03.2022
235;588;24;75;08.03.2022
236;589;667;8;07.03.2022
236;590;24;1;06.03.2022
236;591;667;75;08.03.2022
237;592;780;12;05.03.2022
237;593;780;6;05.03.2022
238;594;266;27;08.03.2022
238;595;266;22;09.03.2022
238;596;266;17;10.03.2022
239;597;654;42;05.03.2022
239;598;654;38;07.03.2022
240;599;770;66;05.03.2022
240;600;654;63;08.03.2022
240;601;770;60;05.03.2022
241;602;21;11;10.03.2022
241;603;21;9;08.03.2022
242;604;177;44;07.03.2022
242;605;21;43;06.03.2022
242;606;177;42;05.03.2022
243;607;472;1;06.03.2022
243;608;472;1;06.03.2022
244;609;71;42;05.03.2022
244;610;71;43;06.03.2022
244;611;71;44;07.03.2022
245;612;74;9;08.03.2022
245;613;74;11;10.03.2022
246;614;79;60;05.03.2022
246;615;74;63;08.03.2022
246;616;79;66;05.03.2022
247;617;175;38;07.03.2022
247;618;175;42;05.03.2022
248;619;492;17;10.03.2022
248;620;175;22;09.03.2022
248;621;492;27;08.03.2022
249;622;544;6;05.03.2022
249;623;544;12;05.03.2022
250;624;132;75;08.03.2022
250;625;132;1;06.03.2022
250;626;132;8;07.03.2022
251;627;360;75;08.03.2022
251;628;360;2;07.03.2022
252;629;766;72;05.03.2022
252;630;360;1;06.03.2022
252;631;766;9;08.03.2022
253;632;101;2;07.03.2022
253;633;101;12;05.03.2022
254;634;579;8;07.03.2022
254;635;101;19;06.03.2022
254;636;579;30;05.03.2022
255;637;701;30;05.03.2022
255;638;701;42;05.03.2022
256;639;237;45;08.03.2022
256;640;237;58;09.03.2022
256;641;237;71;10.03.2022
257;642;622;78;05.03.2022
257;643;622;11;10.03.2022
258;644;625;21;08.03.2022
258;645;622;36;05.03.2022
258;646;625;51;08.03.2022
259;647;2;65;10.03.2022
259;648;2;1;06.03.2022
260;649;67;17;10.03.2022
260;650;2;34;09.03.2022
260;651;67;51;08.03.2022
261;652;318;72;05.03.2022
261;653;318;9;08.03.2022
262;654;193;33;08.03.2022
262;655;193;52;09.03.2022
262;656;193;71;10.03.2022
263;657;224;18;05.03.2022
263;658;224;38;07.03.2022
264;659;273;69;08.03.2022
264;660;224;9;08.03.2022
264;661;273;30;05.03.2022
265;662;81;65;10.03.2022
265;663;81;6;05.03.2022
266;664;399;44;07.03.2022
266;665;81;67;06.03.2022
266;666;399;9;08.03.2022
267;667;681;51;08.03.2022
267;668;681;75;08.03.2022
268;669;128;39;08.03.2022
268;670;128;64;09.03.2022
268;671;128;8;07.03.2022
269;672;221;57;08.03.2022
269;673;221;2;07.03.2022
270;674;521;54;05.03.2022
270;675;221;1;06.03.2022
270;676;521;27;08.03.2022
271;677;208;2;07.03.2022
271;678;208;30;05.03.2022
272;679;229;8;07.03.2022
272;680;208;37;06.03.2022
272;681;229;66;05.03.2022
273;682;634;48;05.03.2022
273;683;634;78;05.03.2022
274;684;310;63;08.03.2022
274;685;310;13;06.03.2022
274;686;310;44;07.03.2022
275;687;596;33;08.03.2022
275;688;596;65;10.03.2022
276;689;683;57;08.03.2022
276;690;596;9;08.03.2022
276;691;683;42;05.03.2022
277;692;113;38;07.03.2022
277;693;113;72;05.03.2022
278;694;315;71;10.03.2022
278;695;113;25;06.03.2022
278;696;315;60;05.03.2022
279;697;548;63;08.03.2022
279;698;548;18;05.03.2022
280;699;145;24;05.03.2022
280;700;145;61;06.03.2022
280;701;145;17;10.03.2022
281;702;373;27;08.03.2022
281;703;373;65;10.03.2022
282;704;779;78;05.03.2022
282;705;373;36;05.03.2022
282;706;779;75;08.03.2022
283;707;264;11;10.03.2022
283;708;264;51;08.03.2022
284;709;350;71;10.03.2022
284;710;264;31;06.03.2022
284;711;350;72;05.03.2022
285;712;786;15;08.03.2022
285;713;786;57;08.03.2022
286;714;426;3;08.03.2022
286;715;426;46;09.03.2022
286;716;426;8;07.03.2022
287;717;694;39;08.03.2022
287;718;694;2;07.03.2022
288;719;736;36;05.03.2022
288;720;694;1;06.03.2022
288;721;736;45;08.03.2022
289;722;80;2;07.03.2022
289;723;80;48;05.03.2022
290;724;391;8;07.03.2022
290;725;80;55;06.03.2022
290;726;391;21;08.03.2022
291;727;484;66;05.03.2022
291;728;484;33;08.03.2022
292;729;87;1;06.03.2022
292;730;87;49;06.03.2022
292;731;87;17;10.03.2022
293;732;386;69;08.03.2022
293;733;386;38;07.03.2022
294;734;559;12;05.03.2022
294;735;386;63;08.03.2022
294;736;559;33;08.03.2022
295;737;37;11;10.03.2022
295;738;37;63;08.03.2022
296;739;281;44;07.03.2022
296;740;37;16;09.03.2022
296;741;281;69;08.03.2022
297;742;505;54;06.03.2022
297;743;505;27;09.03.2022
298;744;204;15;09.03.2022
298;745;204;70;10.03.2022
298;746;204;44;08.03.2022
299;747;408;36;06.03.2022
299;748;408;11;11.03.2022
300;749;543;6;06.03.2022
300;750;408;63;09.03.2022
300;751;543;39;09.03.2022
301;752;253;38;08.03.2022
301;753;253;15;09.03.2022
302;754;431;17;11.03.2022
302;755;253;76;10.03.2022
302;756;431;54;06.03.2022
303;757;536;60;06.03.2022
303;758;536;39;09.03.2022
304;759;166;48;06.03.2022
304;760;166;28;10.03.2022
304;761;166;8;08.03.2022
305;762;351;21;09.03.2022
305;763;351;2;08.03.2022
306;764;707;18;06.03.2022
306;765;351;1;07.03.2022
306;766;707;63;09.03.2022
307;767;584;2;08.03.2022
307;768;584;66;06.03.2022
308;769;594;8;08.03.2022
308;770;584;73;07.03.2022
308;771;594;57;09.03.2022
309;772;745;3;09.03.2022
309;773;745;69;09.03.2022
310;774;339;18;06.03.2022
310;775;339;4;10.03.2022
310;776;339;71;11.03.2022
311;777;455;24;06.03.2022
311;778;455;11;11.03.2022
312;779;500;48;06.03.2022
312;780;455;36;06.03.2022
312;781;500;24;06.03.2022
313;782;8;65;11.03.2022
313;783;8;54;06.03.2022
314;784;148;17;11.03.2022
314;785;8;7;07.03.2022
314;786;148;78;06.03.2022
315;787;158;45;09.03.2022
315;788;158;36;06.03.2022
316;789;46;6;06.03.2022
316;790;46;79;07.03.2022
316;791;46;71;11.03.2022
317;792;271;45;09.03.2022
317;793;271;38;08.03.2022
318;794;728;15;09.03.2022
318;795;271;9;09.03.2022
318;796;728;3;09.03.2022
319;797;136;65;11.03.2022
319;798;136;60;06.03.2022
320;799;245;44;08.03.2022
320;800;136;40;10.03.2022
320;801;245;36;06.03.2022
321;802;498;24;06.03.2022
321;803;498;21;09.03.2022
322;804;307;12;06.03.2022
322;805;307;10;10.03.2022
322;806;307;8;08.03.2022
323;807;461;3;09.03.2022
323;808;461;2;08.03.2022
324;809;465;1;07.03.2022
324;810;461;1;07.03.2022
324;811;465;1;07.03.2022
325;812;29;2;08.03.2022
325;813;29;3;09.03.2022
326;814;207;8;08.03.2022
326;815;29;10;10.03.2022
326;816;207;12;06.03.2022
327;817;697;21;09.03.2022
327;818;697;24;06.03.2022
328;819;413;36;06.03.2022
328;820;413;40;10.03.2022
328;821;413;44;08.03.2022
329;822;525;60;06.03.2022
329;823;525;65;11.03.2022
330;824;583;3;09.03.2022
330;825;525;9;09.03.2022
330;826;583;15;09.03.2022
331;827;119;38;08.03.2022
331;828;119;45;09.03.2022
332;829;169;71;11.03.2022
332;830;119;79;07.03.2022
332;831;169;6;06.03.2022
333;832;240;36;06.03.2022
333;833;240;45;09.03.2022
334;834;230;78;06.03.2022
334;835;230;7;07.03.2022
334;836;230;17;11.03.2022
335;837;334;54;06.03.2022
335;838;334;65;11.03.2022
336;839;611;24;06.03.2022
336;840;334;36;06.03.2022
336;841;611;48;06.03.2022
337;842;531;11;11.03.2022
337;843;531;24;06.03.2022
338;844;616;71;11.03.2022
338;845;531;4;10.03.2022
338;846;616;18;06.03.2022
339;847;682;69;09.03.2022
339;848;682;3;09.03.2022
340;849;555;57;09.03.2022
340;850;555;73;07.03.2022
340;851;555;8;08.03.2022
341;852;651;66;06.03.2022
341;853;651;2;08.03.2022
342;854;706;63;09.03.2022
342;855;651;1;07.03.2022
342;856;706;18;06.03.2022
343;857;213;2;08.03.2022
343;858;213;21;09.03.2022
344;859;695;8;08.03.2022
344;860;213;28;10.03.2022
344;861;695;48;06.03.2022
345;862;709;39;09.03.2022
345;863;709;60;06.03.2022
346;864;111;54;06.03.2022
346;865;111;76;10.03.2022
346;866;111;17;11.03.2022
347;867;630;15;09.03.2022
347;868;630;38;08.03.2022
348;869;759;39;09.03.2022
348;870;630;63;09.03.2022
348;871;759;6;06.03.2022
349;872;10;11;11.03.2022
349;873;10;36;06.03.2022
350;874;205;44;08.03.2022
350;875;10;70;10.03.2022
350;876;205;15;09.03.2022
351;877;250;27;09.03.2022
351;878;250;54;06.03.2022
352;879;7;69;09.03.2022
352;880;7;16;10.03.2022
352;881;7;44;08.03.2022
353;882;274;63;09.03.2022
353;883;274;11;11.03.2022
354;884;423;33;09.03.2022
354;885;274;63;09.03.2022
354;886;423;12;06.03.2022
355;887;288;38;08.03.2022
355;888;288;69;09.03.2022
356;889;346;17;11.03.2022
356;890;288;49;07.03.2022
356;891;346;1;07.03.2022
357;892;458;33;09.03.2022
357;893;458;66;06.03.2022
358;894;60;21;09.03.2022
358;895;60;55;07.03.2022
358;896;60;8;08.03.2022
359;897;560;48;06.03.2022
359;898;560;2;08.03.2022
360;899;572;45;09.03.2022
360;900;560;1;07.03.2022
360;901;572;36;06.03.2022
361;902;357;2;08.03.2022
361;903;357;39;09.03.2022
362;904;604;8;08.03.2022
362;905;357;46;10.03.2022
362;906;604;3;09.03.2022
363;907;674;57;09.03.2022
363;908;674;15;09.03.2022
364;909;639;72;06.03.2022
364;910;639;31;07.03.2022
364;911;639;71;11.03.2022
365;912;643;51;09.03.2022
365;913;643;11;11.03.2022
366;914;722;75;09.03.2022
366;915;643;36;06.03.2022
366;916;722;78;06.03.2022
367;917;121;65;11.03.2022
367;918;121;27;09.03.2022
368;919;167;17;11.03.2022
368;920;121;61;07.03.2022
368;921;167;24;06.03.2022
369;922;388;18;06.03.2022
369;923;388;63;09.03.2022
370;924;118;60;06.03.2022
370;925;118;25;07.03.2022
370;926;118;71;11.03.2022
371;927;280;72;06.03.2022
371;928;280;38;08.03.2022
372;929;741;42;06.03.2022
372;930;280;9;09.03.2022
372;931;741;57;09.03.2022
373;932;139;65;11.03.2022
373;933;139;33;09.03.2022
374;934;270;44;08.03.2022
374;935;139;13;07.03.2022
374;936;270;63;09.03.2022
375;937;791;78;06.03.2022
375;938;791;48;06.03.2022
376;939;206;66;06.03.2022
376;940;206;37;07.03.2022
376;941;206;8;08.03.2022
377;942;436;30;06.03.2022
377;943;436;2;08.03.2022
378;944;632;27;09.03.2022
378;945;436;1;07.03.2022
378;946;632;54;06.03.2022
379;947;42;2;08.03.2022
379;948;42;57;09.03.2022
380;949;335;8;08.03.2022
380;950;42;64;10.03.2022
380;951;335;39;09.03.2022
381;952;468;75;09.03.2022
381;953;468;51;09.03.2022
382;954;92;9;09.03.2022
382;955;92;67;07.03.2022
382;956;92;44;08.03.2022
383;957;499;6;06.03.2022
383;958;499;65;11.03.2022
384;959;783;30;06.03.2022
384;960;499;9;09.03.2022
384;961;783;69;09.03.2022
385;962;178;38;08.03.2022
385;963;178;18;06.03.2022
386;964;181;71;11.03.2022
386;965;178;52;10.03.2022
386;966;181;33;09.03.2022
387;967;460;9;09.03.2022
387;968;460;72;06.03.2022
388;969;23;51;09.03.2022
388;970;23;34;10.03.2022
388;971;23;17;11.03.2022
389;972;517;1;07.03.2022
389;973;517;65;11.03.2022
390;974;762;51;09.03.2022
390;975;517;36;06.03.2022
390;976;762;21;09.03.2022
391;977;295;11;11.03.2022
391;978;295;78;06.03.2022
392;979;325;71;11.03.2022
392;980;295;58;10.03.2022
392;981;325;45;09.03.2022
393;982;664;42;06.03.2022
393;983;664;30;06.03.2022
394;984;389;30;06.03.2022
394;985;389;19;07.03.2022
394;986;389;8;08.03.2022
395;987;547;12;06.03.2022
395;988;547;2;08.03.2022
396;989;793;9;09.03.2022
396;990;547;1;07.03.2022
396;991;793;72;06.03.2022
397;992;63;2;08.03.2022
397;993;63;75;09.03.2022
398;994;624;8;08.03.2022
398;995;63;1;07.03.2022
398;996;624;75;09.03.2022
399;997;715;12;06.03.2022
399;998;715;6;06.03.2022
400;999;344;27;09.03.2022
400;1000;344;22;10.03.2022
400;1001;344;17;11.03.2022
401;1002;687;42;06.03.2022
401;1003;687;38;08.03.2022
402;1004;754;66;06.03.2022
402;1005;687;63;09.03.2022
402;1006;754;60;06.03.2022
403;1007;94;11;11.03.2022
403;1008;94;9;09.03.2022
404;1009;352;44;08.03.2022
404;1010;94;43;07.03.2022
404;1011;352;42;06.03.2022
405;1012;354;1;07.03.2022
405;1013;354;1;07.03.2022
406;1014;16;42;06.03.2022
406;1015;16;43;07.03.2022
406;1016;16;44;08.03.2022
407;1017;84;9;09.03.2022
407;1018;84;11;11.03.2022
408;1019;124;60;06.03.2022
408;1020;84;63;09.03.2022
408;1021;124;66;06.03.2022
409;1022;106;38;08.03.2022
409;1023;106;42;06.03.2022
410;1024;370;17;11.03.2022
410;1025;106;22;10.03.2022
410;1026;370;27;09.03.2022
411;1027;491;6;06.03.2022
411;1028;491;12;06.03.2022
412;1029;171;75;09.03.2022
412;1030;171;1;07.03.2022
412;1031;171;8;08.03.2022
413;1032;327;75;09.03.2022
413;1033;327;2;08.03.2022
414;1034;541;72;06.03.2022
414;1035;327;1;07.03.2022
414;1036;541;9;09.03.2022
415;1037;153;2;08.03.2022
415;1038;153;12;06.03.2022
416;1039;442;8;08.03.2022
416;1040;153;19;07.03.2022
416;1041;442;30;06.03.2022
417;1042;785;30;06.03.2022
417;1043;785;42;06.03.2022
418;1044;260;45;09.03.2022
418;1045;260;58;10.03.2022
418;1046;260;71;11.03.2022
419;1047;646;78;06.03.2022
419;1048;646;11;11.03.2022
420;1049;750;21;09.03.2022
420;1050;646;36;06.03.2022
420;1051;750;51;09.03.2022
421;1052;86;65;12.03.2022
421;1053;86;1;08.03.2022
422;1054;256;17;12.03.2022
422;1055;86;34;11.03.2022
422;1056;256;51;10.03.2022
423;1057;377;72;07.03.2022
423;1058;377;9;10.03.2022
424;1059;185;33;10.03.2022
424;1060;185;52;11.03.2022
424;1061;185;71;12.03.2022
425;1062;267;18;07.03.2022
425;1063;267;38;09.03.2022
426;1064;567;69;10.03.2022
426;1065;267;9;10.03.2022
426;1066;567;30;07.03.2022
427;1067;330;65;12.03.2022
427;1068;330;6;07.03.2022
428;1069;532;44;09.03.2022
428;1070;330;67;08.03.2022
428;1071;532;9;10.03.2022
429;1072;781;51;10.03.2022
429;1073;781;75;10.03.2022
430;1074;314;39;10.03.2022
430;1075;314;64;11.03.2022
430;1076;314;8;09.03.2022
431;1077;341;57;10.03.2022
431;1078;341;2;09.03.2022
432;1079;614;54;07.03.2022
432;1080;341;1;08.03.2022
432;1081;614;27;10.03.2022
433;1082;179;2;09.03.2022
433;1083;179;30;07.03.2022
434;1084;343;8;09.03.2022
434;1085;179;37;08.03.2022
434;1086;343;66;07.03.2022
435;1087;438;48;07.03.2022
435;1088;438;78;07.03.2022
436;1089;55;63;10.03.2022
436;1090;55;13;08.03.2022
436;1091;55;44;09.03.2022
437;1092;393;33;10.03.2022
437;1093;393;65;12.03.2022
438;1094;725;57;10.03.2022
438;1095;393;9;10.03.2022
438;1096;725;42;07.03.2022
439;1097;102;38;09.03.2022
439;1098;102;72;07.03.2022
440;1099;415;71;12.03.2022
440;1100;102;25;08.03.2022
440;1101;415;60;07.03.2022
441;1102;598;63;10.03.2022
441;1103;598;18;07.03.2022
442;1104;284;24;07.03.2022
442;1105;284;61;08.03.2022
442;1106;284;17;12.03.2022
443;1107;293;27;10.03.2022
443;1108;293;65;12.03.2022
444;1109;696;78;07.03.2022
444;1110;293;36;07.03.2022
444;1111;696;75;10.03.2022
445;1112;574;11;12.03.2022
445;1113;574;51;10.03.2022
446;1114;595;71;12.03.2022
446;1115;574;31;08.03.2022
446;1116;595;72;07.03.2022
447;1117;775;15;10.03.2022
447;1118;775;57;10.03.2022
448;1119;539;3;10.03.2022
448;1120;539;46;11.03.2022
448;1121;539;8;09.03.2022
449;1122;633;39;10.03.2022
449;1123;633;2;09.03.2022
450;1124;671;36;07.03.2022
450;1125;633;1;08.03.2022
450;1126;671;45;10.03.2022
451;1127;180;2;09.03.2022
451;1128;180;48;07.03.2022
452;1129;656;8;09.03.2022
452;1130;180;55;08.03.2022
452;1131;656;21;10.03.2022
453;1132;797;66;07.03.2022
453;1133;797;33;10.03.2022
454;1134;26;1;08.03.2022
454;1135;26;49;08.03.2022
454;1136;26;17;12.03.2022
455;1137;597;69;10.03.2022
455;1138;597;38;09.03.2022
456;1139;669;12;07.03.2022
456;1140;597;63;10.03.2022
456;1141;669;33;10.03.2022
457;1142;98;11;12.03.2022
457;1143;98;63;10.03.2022
458;1144;137;44;09.03.2022
458;1145;98;16;11.03.2022
458;1146;137;69;10.03.2022
459;1147;591;54;07.03.2022
459;1148;591;27;10.03.2022
460;1149;160;15;10.03.2022
460;1150;160;70;11.03.2022
460;1151;160;44;09.03.2022
461;1152;473;36;07.03.2022
461;1153;473;11;12.03.2022
462;1154;501;6;07.03.2022
462;1155;473;63;10.03.2022
462;1156;501;39;10.03.2022
463;1157;51;38;09.03.2022
463;1158;51;15;10.03.2022
464;1159;82;17;12.03.2022
464;1160;51;76;11.03.2022
464;1161;82;54;07.03.2022
465;1162;586;60;07.03.2022
465;1163;586;39;10.03.2022
466;1164;248;48;07.03.2022
466;1165;248;28;11.03.2022
466;1166;248;8;09.03.2022
467;1167;407;21;10.03.2022
467;1168;407;2;09.03.2022
468;1169;794;18;07.03.2022
468;1170;407;1;08.03.2022
468;1171;794;63;10.03.2022
469;1172;605;2;09.03.2022
469;1173;605;66;07.03.2022
470;1174;619;8;09.03.2022
470;1175;605;73;08.03.2022
470;1176;619;57;10.03.2022
471;1177;690;3;10.03.2022
471;1178;690;69;10.03.2022
472;1179;225;18;07.03.2022
472;1180;225;4;11.03.2022
472;1181;225;71;12.03.2022
473;1182;582;24;07.03.2022
473;1183;582;11;12.03.2022
474;1184;700;48;07.03.2022
474;1185;582;36;07.03.2022
474;1186;700;24;07.03.2022
475;1187;95;65;12.03.2022
475;1188;95;54;07.03.2022
476;1189;110;17;12.03.2022
476;1190;95;7;08.03.2022
476;1191;110;78;07.03.2022
477;1192;418;45;10.03.2022
477;1193;418;36;07.03.2022
478;1194;174;6;07.03.2022
478;1195;174;79;08.03.2022
478;1196;174;71;12.03.2022
479;1197;303;45;10.03.2022
479;1198;303;38;09.03.2022
480;1199;767;15;10.03.2022
480;1200;303;9;10.03.2022
480;1201;767;3;10.03.2022
481;1202;76;65;12.03.2022
481;1203;76;60;07.03.2022
482;1204;219;44;09.03.2022
482;1205;76;40;11.03.2022
482;1206;219;36;07.03.2022
483;1207;302;24;07.03.2022
483;1208;302;21;10.03.2022
484;1209;242;12;07.03.2022
484;1210;242;10;11.03.2022
484;1211;242;8;09.03.2022
485;1212;451;3;10.03.2022
485;1213;451;2;09.03.2022
486;1214;488;1;08.03.2022
486;1215;451;1;08.03.2022
486;1216;488;1;08.03.2022
487;1217;68;2;09.03.2022
487;1218;68;3;10.03.2022
488;1219;320;8;09.03.2022
488;1220;68;10;11.03.2022
488;1221;320;12;07.03.2022
489;1222;663;21;10.03.2022
489;1223;663;24;07.03.2022
490;1224;232;36;07.03.2022
490;1225;232;40;11.03.2022
490;1226;232;44;09.03.2022
491;1227;602;60;07.03.2022
491;1228;602;65;12.03.2022
492;1229;711;3;10.03.2022
492;1230;602;9;10.03.2022
492;1231;711;15;10.03.2022
493;1232;108;38;09.03.2022
493;1233;108;45;10.03.2022
494;1234;231;71;12.03.2022
494;1235;108;79;08.03.2022
494;1236;231;6;07.03.2022
495;1237;590;36;07.03.2022
495;1238;590;45;10.03.2022
496;1239;12;78;07.03.2022
496;1240;12;7;08.03.2022
496;1241;12;17;12.03.2022
497;1242;129;54;07.03.2022
497;1243;129;65;12.03.2022
498;1244;457;24;07.03.2022
498;1245;129;36;07.03.2022
498;1246;457;48;07.03.2022
499;1247;369;11;12.03.2022
499;1248;369;24;07.03.2022
500;1249;375;71;12.03.2022
500;1250;369;4;11.03.2022
500;1251;375;18;07.03.2022
501;1252;782;69;10.03.2022
501;1253;782;3;10.03.2022
502;1254;647;57;10.03.2022
502;1255;647;73;08.03.2022
502;1256;647;8;09.03.2022
503;1257;648;66;07.03.2022
503;1258;648;2;09.03.2022
504;1259;732;63;10.03.2022
504;1260;648;1;08.03.2022
504;1261;732;18;07.03.2022
505;1262;244;2;09.03.2022
505;1263;244;21;10.03.2022
506;1264;512;8;09.03.2022
506;1265;244;28;11.03.2022
506;1266;512;48;07.03.2022
507;1267;716;39;10.03.2022
507;1268;716;60;07.03.2022
508;1269;83;54;07.03.2022
508;1270;83;76;11.03.2022
508;1271;83;17;12.03.2022
509;1272;486;15;10.03.2022
509;1273;486;38;09.03.2022
510;1274;676;39;10.03.2022
510;1275;486;63;10.03.2022
510;1276;676;6;07.03.2022
511;1277;33;11;12.03.2022
511;1278;33;36;07.03.2022
512;1279;300;44;09.03.2022
512;1280;33;70;11.03.2022
512;1281;300;15;10.03.2022
513;1282;381;27;10.03.2022
513;1283;381;54;07.03.2022
514;1284;107;69;10.03.2022
514;1285;107;16;11.03.2022
514;1286;107;44;09.03.2022
515;1287;190;63;10.03.2022
515;1288;190;11;12.03.2022
516;1289;309;33;10.03.2022
516;1290;190;63;10.03.2022
516;1291;309;12;07.03.2022
517;1292;410;38;10.03.2022
517;1293;410;69;11.03.2022
518;1294;546;17;13.03.2022
518;1295;410;49;09.03.2022
518;1296;546;1;09.03.2022
519;1297;724;33;11.03.2022
519;1298;724;66;08.03.2022
520;1299;123;21;11.03.2022
520;1300;123;55;09.03.2022
520;1301;123;8;10.03.2022
521;1302;427;48;08.03.2022
521;1303;427;2;10.03.2022
522;1304;672;45;11.03.2022
522;1305;427;1;09.03.2022
522;1306;672;36;08.03.2022
523;1307;218;2;10.03.2022
523;1308;218;39;11.03.2022
524;1309;518;8;10.03.2022
524;1310;218;46;12.03.2022
524;1311;518;3;11.03.2022
525;1312;774;57;11.03.2022
525;1313;774;15;11.03.2022
526;1314;554;72;08.03.2022
526;1315;554;31;09.03.2022
526;1316;554;71;13.03.2022
527;1317;587;51;11.03.2022
527;1318;587;11;13.03.2022
528;1319;713;75;11.03.2022
528;1320;587;36;08.03.2022
528;1321;713;78;08.03.2022
529;1322;17;65;13.03.2022
529;1323;17;27;11.03.2022
530;1324;228;17;13.03.2022
530;1325;17;61;09.03.2022
530;1326;228;24;08.03.2022
531;1327;571;18;08.03.2022
531;1328;571;63;11.03.2022
532;1329;184;60;08.03.2022
532;1330;184;25;09.03.2022
532;1331;184;71;13.03.2022
533;1332;316;72;08.03.2022
533;1333;316;38;10.03.2022
534;1334;795;42;08.03.2022
534;1335;316;9;11.03.2022
534;1336;795;57;11.03.2022
535;1337;14;65;13.03.2022
535;1338;14;33;11.03.2022
536;1339;25;44;10.03.2022
536;1340;14;13;09.03.2022
536;1341;25;63;11.03.2022
537;1342;730;78;08.03.2022
537;1343;730;48;08.03.2022
538;1344;292;66;08.03.2022
538;1345;292;37;09.03.2022
538;1346;292;8;10.03.2022
539;1347;298;30;08.03.2022
539;1348;298;2;10.03.2022
540;1349;640;27;11.03.2022
540;1350;298;1;09.03.2022
540;1351;640;54;08.03.2022
541;1352;96;2;10.03.2022
541;1353;96;57;11.03.2022
542;1354;443;8;10.03.2022
542;1355;96;64;12.03.2022
542;1356;443;39;11.03.2022
543;1357;653;75;11.03.2022
543;1358;653;51;11.03.2022
544;1359;31;9;11.03.2022
544;1360;31;67;09.03.2022
544;1361;31;44;10.03.2022
545;1362;226;6;08.03.2022
545;1363;226;65;13.03.2022
546;1364;626;30;08.03.2022
546;1365;226;9;11.03.2022
546;1366;626;69;11.03.2022
547;1367;75;38;10.03.2022
547;1368;75;18;08.03.2022
548;1369;304;71;13.03.2022
548;1370;75;52;12.03.2022
548;1371;304;33;11.03.2022
549;1372;603;9;11.03.2022
549;1373;603;72;08.03.2022
550;1374;356;51;11.03.2022
550;1375;356;34;12.03.2022
550;1376;356;17;13.03.2022
551;1377;534;1;09.03.2022
551;1378;534;65;13.03.2022
552;1379;734;51;11.03.2022
552;1380;534;36;08.03.2022
552;1381;734;21;11.03.2022
553;1382;233;11;13.03.2022
553;1383;233;78;08.03.2022
554;1384;425;71;13.03.2022
554;1385;233;58;12.03.2022
554;1386;425;45;11.03.2022
555;1387;435;42;08.03.2022
555;1388;435;30;08.03.2022
556;1389;378;30;08.03.2022
556;1390;378;19;09.03.2022
556;1391;378;8;10.03.2022
557;1392;493;12;08.03.2022
557;1393;493;2;10.03.2022
558;1394;751;9;11.03.2022
558;1395;493;1;09.03.2022
558;1396;751;72;08.03.2022
559;1397;35;2;10.03.2022
559;1398;35;75;11.03.2022
560;1399;454;8;10.03.2022
560;1400;35;1;09.03.2022
560;1401;454;75;11.03.2022
561;1402;556;12;08.03.2022
561;1403;556;6;08.03.2022
562;1404;216;27;11.03.2022
562;1405;216;22;12.03.2022
562;1406;216;17;13.03.2022
563;1407;698;42;08.03.2022
563;1408;698;38;10.03.2022
564;1409;787;66;08.03.2022
564;1410;698;63;11.03.2022
564;1411;787;60;08.03.2022
565;1412;52;11;13.03.2022
565;1413;52;9;11.03.2022
566;1414;198;44;10.03.2022
566;1415;52;43;09.03.2022
566;1416;198;42;08.03.2022
567;1417;489;1;09.03.2022
567;1418;489;1;09.03.2022
568;1419;88;42;08.03.2022
568;1420;88;43;09.03.2022
568;1421;88;44;10.03.2022
569;1422;142;9;11.03.2022
569;1423;142;11;13.03.2022
570;1424;163;60;08.03.2022
570;1425;142;63;11.03.2022
570;1426;163;66;08.03.2022
571;1427;359;38;10.03.2022
571;1428;359;42;08.03.2022
572;1429;430;17;13.03.2022
572;1430;359;22;12.03.2022
572;1431;430;27;11.03.2022
573;1432;439;6;08.03.2022
573;1433;439;12;08.03.2022
574;1434;332;75;11.03.2022
574;1435;332;1;09.03.2022
574;1436;332;8;10.03.2022
575;1437;660;75;11.03.2022
575;1438;660;2;10.03.2022
576;1439;733;72;08.03.2022
576;1440;660;1;09.03.2022
576;1441;733;9;11.03.2022
577;1442;201;2;10.03.2022
577;1443;201;12;08.03.2022
578;1444;446;8;10.03.2022
578;1445;201;19;09.03.2022
578;1446;446;30;08.03.2022
579;1447;563;30;08.03.2022
579;1448;563;42;08.03.2022
580;1449;345;45;11.03.2022
580;1450;345;58;12.03.2022
580;1451;345;71;13.03.2022
581;1452;406;78;08.03.2022
581;1453;406;11;13.03.2022
582;1454;519;21;11.03.2022
582;1455;406;36;08.03.2022
582;1456;519;51;11.03.2022
583;1457;34;65;13.03.2022
583;1458;34;1;09.03.2022
584;1459;186;17;13.03.2022
584;1460;34;34;12.03.2022
584;1461;186;51;11.03.2022
585;1462;299;72;08.03.2022
585;1463;299;9;11.03.2022
586;1464;146;33;11.03.2022
586;1465;146;52;12.03.2022
586;1466;146;71;13.03.2022
587;1467;340;18;08.03.2022
587;1468;340;38;10.03.2022
588;1469;349;69;11.03.2022
588;1470;340;9;11.03.2022
588;1471;349;30;08.03.2022
589;1472;258;65;13.03.2022
589;1473;258;6;08.03.2022
590;1474;283;44;10.03.2022
590;1475;258;67;09.03.2022
590;1476;283;9;11.03.2022
591;1477;743;51;11.03.2022
591;1478;743;75;11.03.2022
592;1479;328;39;11.03.2022
592;1480;328;64;12.03.2022
592;1481;328;8;10.03.2022
593;1482;371;57;11.03.2022
593;1483;371;2;10.03.2022
594;1484;714;54;08.03.2022
594;1485;371;1;09.03.2022
594;1486;714;27;11.03.2022
595;1487;268;2;10.03.2022
595;1488;268;30;08.03.2022
596;1489;305;8;10.03.2022
596;1490;268;37;09.03.2022
596;1491;305;66;08.03.2022
597;1492;481;48;09.03.2022
597;1493;481;78;09.03.2022
598;1494;44;63;12.03.2022
598;1495;44;13;10.03.2022
598;1496;44;44;11.03.2022
599;1497;470;33;12.03.2022
599;1498;470;65;14.03.2022
600;1499;800;57;12.03.2022
600;1500;470;9;12.03.2022
600;1501;800;42;09.03.2022
601;1502;441;38;11.03.2022
601;1503;441;72;09.03.2022
602;1504;477;71;14.03.2022
602;1505;441;25;10.03.2022
602;1506;477;60;09.03.2022
603;1507;279;63;12.03.2022
603;1508;279;18;09.03.2022
604;1509;796;24;09.03.2022
604;1510;279;61;10.03.2022
604;1511;796;17;14.03.2022
605;1512;450;27;12.03.2022
605;1513;450;65;14.03.2022
606;1514;764;78;09.03.2022
606;1515;450;36;09.03.2022
606;1516;764;75;12.03.2022
607;1517;522;11;14.03.2022
607;1518;522;51;12.03.2022
608;1519;771;71;14.03.2022
608;1520;522;31;10.03.2022
608;1521;771;72;09.03.2022
609;1522;97;15;12.03.2022
609;1523;97;57;12.03.2022
610;1524;362;3;12.03.2022
610;1525;97;46;13.03.2022
610;1526;362;8;11.03.2022
611;1527;65;39;12.03.2022
611;1528;65;2;11.03.2022
612;1529;635;36;09.03.2022
612;1530;65;1;10.03.2022
612;1531;635;45;12.03.2022
613;1532;15;2;11.03.2022
613;1533;15;48;09.03.2022
614;1534;452;8;11.03.2022
614;1535;15;55;10.03.2022
614;1536;452;21;12.03.2022
615;1537;379;66;09.03.2022
615;1538;379;33;12.03.2022
616;1539;535;1;10.03.2022
616;1540;379;49;10.03.2022
616;1541;535;17;14.03.2022
617;1542;126;69;12.03.2022
617;1543;126;38;11.03.2022
618;1544;155;12;09.03.2022
618;1545;126;63;12.03.2022
618;1546;155;33;12.03.2022
619;1547;133;11;14.03.2022
619;1548;133;63;12.03.2022
620;1549;637;44;11.03.2022
620;1550;133;16;13.03.2022
620;1551;637;69;12.03.2022
621;1552;649;54;09.03.2022
621;1553;649;27;12.03.2022
622;1554;704;15;12.03.2022
622;1555;649;70;13.03.2022
622;1556;704;44;11.03.2022
623;1557;192;36;09.03.2022
623;1558;192;11;14.03.2022
624;1559;444;6;09.03.2022
624;1560;192;63;12.03.2022
624;1561;444;39;12.03.2022
625;1562;72;38;11.03.2022
625;1563;72;15;12.03.2022
626;1564;195;17;14.03.2022
626;1565;72;76;13.03.2022
626;1566;195;54;09.03.2022
627;1567;202;60;09.03.2022
627;1568;202;39;12.03.2022
628;1569;756;48;09.03.2022
628;1570;202;28;13.03.2022
628;1571;756;8;11.03.2022
629;1572;187;21;12.03.2022
629;1573;187;2;11.03.2022
630;1574;658;18;09.03.2022
630;1575;187;1;10.03.2022
630;1576;658;63;12.03.2022
631;1577;194;2;11.03.2022
631;1578;194;66;09.03.2022
632;1579;661;8;11.03.2022
632;1580;194;73;10.03.2022
632;1581;661;57;12.03.2022
633;1582;5;3;12.03.2022
633;1583;5;69;12.03.2022
634;1584;380;18;09.03.2022
634;1585;5;4;13.03.2022
634;1586;380;71;14.03.2022
635;1587;182;24;09.03.2022
635;1588;182;11;14.03.2022
636;1589;692;48;09.03.2022
636;1590;182;36;09.03.2022
636;1591;692;24;09.03.2022
637;1592;367;65;14.03.2022
637;1593;367;54;09.03.2022
638;1594;510;17;14.03.2022
638;1595;367;7;10.03.2022
638;1596;510;78;09.03.2022
639;1597;57;45;12.03.2022
639;1598;57;36;09.03.2022
640;1599;557;6;09.03.2022
640;1600;57;79;10.03.2022
640;1601;557;71;14.03.2022
641;1602;296;45;12.03.2022
641;1603;296;38;11.03.2022
642;1604;699;15;12.03.2022
642;1605;296;9;12.03.2022
642;1606;699;3;12.03.2022
643;1607;540;65;14.03.2022
643;1608;540;60;09.03.2022
644;1609;748;44;11.03.2022
644;1610;540;40;13.03.2022
644;1611;748;36;09.03.2022
645;1612;385;24;09.03.2022
645;1613;385;21;12.03.2022
646;1614;608;12;09.03.2022
646;1615;385;10;13.03.2022
646;1616;608;8;11.03.2022
647;1617;183;3;12.03.2022
647;1618;183;2;11.03.2022
648;1619;746;1;10.03.2022
648;1620;183;1;10.03.2022
648;1621;746;1;10.03.2022
649;1622;255;2;11.03.2022
649;1623;255;3;12.03.2022
650;1624;478;8;11.03.2022
650;1625;255;10;13.03.2022
650;1626;478;12;09.03.2022
651;1627;116;21;12.03.2022
651;1628;116;24;09.03.2022
652;1629;409;36;09.03.2022
652;1630;116;40;13.03.2022
652;1631;409;44;11.03.2022
653;1632;475;60;09.03.2022
653;1633;475;65;14.03.2022
654;1634;553;3;12.03.2022
654;1635;475;9;12.03.2022
654;1636;553;15;12.03.2022
655;1637;366;38;11.03.2022
655;1638;366;45;12.03.2022
656;1639;772;71;14.03.2022
656;1640;366;79;10.03.2022
656;1641;772;6;09.03.2022
657;1642;434;36;09.03.2022
657;1643;434;45;12.03.2022
658;1644;629;78;09.03.2022
658;1645;434;7;10.03.2022
658;1646;629;17;14.03.2022
659;1647;621;54;09.03.2022
659;1648;621;65;14.03.2022
660;1649;739;24;09.03.2022
660;1650;621;36;09.03.2022
660;1651;739;48;09.03.2022
661;1652;49;11;14.03.2022
661;1653;49;24;09.03.2022
662;1654;272;71;14.03.2022
662;1655;49;4;13.03.2022
662;1656;272;18;09.03.2022
663;1657;420;69;12.03.2022
663;1658;420;3;12.03.2022
664;1659;719;57;12.03.2022
664;1660;420;73;10.03.2022
664;1661;719;8;11.03.2022
665;1662;40;66;09.03.2022
665;1663;40;2;11.03.2022
666;1664;769;63;12.03.2022
666;1665;40;1;10.03.2022
666;1666;769;18;09.03.2022
667;1667;134;2;11.03.2022
667;1668;134;21;12.03.2022
668;1669;527;8;12.03.2022
668;1670;134;28;14.03.2022
668;1671;527;48;10.03.2022
669;1672;20;39;13.03.2022
669;1673;20;60;10.03.2022
670;1674;585;54;10.03.2022
670;1675;20;76;14.03.2022
670;1676;585;17;15.03.2022
671;1677;47;15;13.03.2022
671;1678;47;38;12.03.2022
672;1679;322;39;13.03.2022
672;1680;47;63;13.03.2022
672;1681;322;6;10.03.2022
673;1682;73;11;15.03.2022
673;1683;73;36;10.03.2022
674;1684;740;44;12.03.2022
674;1685;73;70;14.03.2022
674;1686;740;15;13.03.2022
675;1687;243;27;13.03.2022
675;1688;243;54;10.03.2022
676;1689;790;69;13.03.2022
676;1690;243;16;14.03.2022
676;1691;790;44;12.03.2022
677;1692;131;63;13.03.2022
677;1693;131;11;15.03.2022
678;1694;347;33;13.03.2022
678;1695;131;63;13.03.2022
678;1696;347;12;10.03.2022
679;1697;319;38;12.03.2022
679;1698;319;69;13.03.2022
680;1699;760;17;15.03.2022
680;1700;319;49;11.03.2022
680;1701;760;1;11.03.2022
681;1702;91;33;13.03.2022
681;1703;91;66;10.03.2022
682;1704;684;21;13.03.2022
682;1705;91;55;11.03.2022
682;1706;684;8;12.03.2022
683;1707;151;48;10.03.2022
683;1708;151;2;12.03.2022
684;1709;515;45;13.03.2022
684;1710;151;1;11.03.2022
684;1711;515;36;10.03.2022
685;1712;41;2;12.03.2022
685;1713;41;39;13.03.2022
686;1714;428;8;12.03.2022
686;1715;41;46;14.03.2022
686;1716;428;3;13.03.2022
687;1717;168;57;13.03.2022
687;1718;168;15;13.03.2022
688;1719;236;72;10.03.2022
688;1720;168;31;11.03.2022
688;1721;236;71;15.03.2022
689;1722;70;51;13.03.2022
689;1723;70;11;15.03.2022
690;1724;311;75;13.03.2022
690;1725;70;36;10.03.2022
690;1726;311;78;10.03.2022
691;1727;61;65;15.03.2022
691;1728;61;27;13.03.2022
692;1729;511;17;15.03.2022
692;1730;61;61;11.03.2022
692;1731;511;24;10.03.2022
693;1732;257;18;10.03.2022
693;1733;257;63;13.03.2022
694;1734;642;60;10.03.2022
694;1735;257;25;11.03.2022
694;1736;642;71;15.03.2022
695;1737;317;72;10.03.2022
695;1738;317;38;12.03.2022
696;1739;459;42;10.03.2022
696;1740;317;9;13.03.2022
696;1741;459;57;13.03.2022
697;1742;152;65;15.03.2022
697;1743;152;33;13.03.2022
698;1744;223;44;12.03.2022
698;1745;152;13;11.03.2022
698;1746;223;63;13.03.2022
699;1747;294;78;10.03.2022
699;1748;294;48;10.03.2022
700;1749;479;66;10.03.2022
700;1750;294;37;11.03.2022
700;1751;479;8;12.03.2022
701;1752;247;30;10.03.2022
701;1753;247;2;12.03.2022
702;1754;798;27;13.03.2022
702;1755;247;1;11.03.2022
702;1756;798;54;10.03.2022
703;1757;467;2;12.03.2022
703;1758;467;57;13.03.2022
704;1759;688;8;12.03.2022
704;1760;467;64;14.03.2022
704;1761;688;39;13.03.2022
705;1762;196;75;13.03.2022
705;1763;196;51;13.03.2022
706;1764;612;9;13.03.2022
706;1765;196;67;11.03.2022
706;1766;612;44;12.03.2022
707;1767;99;6;10.03.2022
707;1768;99;65;15.03.2022
708;1769;655;30;10.03.2022
708;1770;99;9;13.03.2022
708;1771;655;69;13.03.2022
709;1772;249;38;12.03.2022
709;1773;249;18;10.03.2022
710;1774;404;71;15.03.2022
710;1775;249;52;14.03.2022
710;1776;404;33;13.03.2022
711;1777;235;9;13.03.2022
711;1778;235;72;10.03.2022
712;1779;753;51;13.03.2022
712;1780;235;34;14.03.2022
712;1781;753;17;15.03.2022
713;1782;508;1;11.03.2022
713;1783;508;65;15.03.2022
714;1784;702;51;13.03.2022
714;1785;508;36;10.03.2022
714;1786;702;21;13.03.2022
715;1787;561;11;15.03.2022
715;1788;561;78;10.03.2022
716;1789;703;71;15.03.2022
716;1790;561;58;14.03.2022
716;1791;703;45;13.03.2022
717;1792;54;42;10.03.2022
717;1793;54;30;10.03.2022
718;1794;390;30;10.03.2022
718;1795;54;19;11.03.2022
718;1796;390;8;12.03.2022
719;1797;3;12;10.03.2022
719;1798;3;2;12.03.2022
720;1799;537;9;13.03.2022
720;1800;3;1;11.03.2022
720;1801;537;72;10.03.2022
721;1802;4;2;12.03.2022
721;1803;4;75;13.03.2022
722;1804;578;8;12.03.2022
722;1805;4;1;11.03.2022
722;1806;578;75;13.03.2022
723;1807;312;12;10.03.2022
723;1808;312;6;10.03.2022
724;1809;374;27;13.03.2022
724;1810;312;22;14.03.2022
724;1811;374;17;15.03.2022
725;1812;144;42;10.03.2022
725;1813;144;38;12.03.2022
726;1814;165;66;10.03.2022
726;1815;144;63;13.03.2022
726;1816;165;60;10.03.2022
727;1817;211;11;15.03.2022
727;1818;211;9;13.03.2022
728;1819;761;44;12.03.2022
728;1820;211;43;11.03.2022
728;1821;761;42;10.03.2022
729;1822;462;1;11.03.2022
729;1823;462;1;11.03.2022
730;1824;668;42;10.03.2022
730;1825;462;43;11.03.2022
730;1826;668;44;12.03.2022
731;1827;220;9;13.03.2022
731;1828;220;11;15.03.2022
732;1829;566;60;11.03.2022
732;1830;220;63;14.03.2022
732;1831;566;66;11.03.2022
733;1832;62;38;13.03.2022
733;1833;62;42;11.03.2022
734;1834;115;17;16.03.2022
734;1835;62;22;15.03.2022
734;1836;115;27;14.03.2022
735;1837;135;6;11.03.2022
735;1838;135;12;11.03.2022
736;1839;562;75;14.03.2022
736;1840;135;1;12.03.2022
736;1841;562;8;13.03.2022
737;1842;114;75;14.03.2022
737;1843;114;2;13.03.2022
738;1844;364;72;11.03.2022
738;1845;114;1;12.03.2022
738;1846;364;9;14.03.2022
739;1847;212;2;13.03.2022
739;1848;212;12;11.03.2022
740;1849;394;8;13.03.2022
740;1850;212;19;12.03.2022
740;1851;394;30;11.03.2022
741;1852;157;30;11.03.2022
741;1853;157;42;11.03.2022
742;1854;405;45;14.03.2022
742;1855;157;58;15.03.2022
742;1856;405;71;16.03.2022
743;1857;176;78;11.03.2022
743;1858;176;11;16.03.2022
744;1859;282;21;14.03.2022
744;1860;176;36;11.03.2022
744;1861;282;51;14.03.2022
745;1862;241;65;16.03.2022
745;1863;241;1;12.03.2022
746;1864;395;17;16.03.2022
746;1865;241;34;15.03.2022
746;1866;395;51;14.03.2022
747;1867;329;72;11.03.2022
747;1868;329;9;14.03.2022
748;1869;480;33;14.03.2022
748;1870;329;52;15.03.2022
748;1871;480;71;16.03.2022
749;1872;402;18;11.03.2022
749;1873;402;38;13.03.2022
750;1874;799;69;14.03.2022
750;1875;402;9;14.03.2022
750;1876;799;30;11.03.2022
751;1877;466;65;16.03.2022
751;1878;466;6;11.03.2022
752;1879;689;44;13.03.2022
752;1880;466;67;12.03.2022
752;1881;689;9;14.03.2022
753;1882;197;51;14.03.2022
753;1883;197;75;14.03.2022
754;1884;353;39;14.03.2022
754;1885;197;64;15.03.2022
754;1886;353;8;13.03.2022
755;1887;100;57;14.03.2022
755;1888;100;2;13.03.2022
756;1889;558;54;11.03.2022
756;1890;100;1;12.03.2022
756;1891;558;27;14.03.2022
757;1892;161;2;13.03.2022
757;1893;161;30;11.03.2022
758;1894;550;8;13.03.2022
758;1895;161;37;12.03.2022
758;1896;550;66;11.03.2022
759;1897;286;48;11.03.2022
759;1898;286;78;11.03.2022
760;1899;301;63;14.03.2022
760;1900;286;13;12.03.2022
760;1901;301;44;13.03.2022
761;1902;382;33;14.03.2022
761;1903;382;65;16.03.2022
762;1904;538;57;14.03.2022
762;1905;382;9;14.03.2022
762;1906;538;42;11.03.2022
763;1907;333;38;13.03.2022
763;1908;333;72;11.03.2022
764;1909;737;71;16.03.2022
764;1910;333;25;12.03.2022
764;1911;737;60;11.03.2022
765;1912;416;63;14.03.2022
765;1913;416;18;11.03.2022
766;1914;449;24;11.03.2022
766;1915;416;61;12.03.2022
766;1916;449;17;16.03.2022
767;1917;575;27;14.03.2022
767;1918;575;65;16.03.2022
768;1919;617;78;11.03.2022
768;1920;575;36;11.03.2022
768;1921;617;75;14.03.2022
769;1922;38;11;16.03.2022
769;1923;38;51;14.03.2022
770;1924;172;71;16.03.2022
770;1925;38;31;12.03.2022
770;1926;172;72;11.03.2022
771;1927;485;15;14.03.2022
771;1928;485;57;14.03.2022
772;1929;708;3;14.03.2022
772;1930;485;46;15.03.2022
772;1931;708;8;13.03.2022
773;1932;254;39;14.03.2022
773;1933;254;2;13.03.2022
774;1934;758;36;11.03.2022
774;1935;254;1;12.03.2022
774;1936;758;45;14.03.2022
775;1937;262;2;13.03.2022
775;1938;262;48;11.03.2022
776;1939;618;8;13.03.2022
776;1940;262;55;12.03.2022
776;1941;618;21;14.03.2022
777;1942;9;66;11.03.2022
777;1943;9;33;14.03.2022
778;1944;513;1;12.03.2022
778;1945;9;49;12.03.2022
778;1946;513;17;16.03.2022
779;1947;59;69;14.03.2022
779;1948;59;38;13.03.2022
780;1949;383;12;11.03.2022
780;1950;59;63;14.03.2022
780;1951;383;33;14.03.2022