BestellungID;PosID;ProduktID;SpezLieferAdrID;Menge;Preis
801;2001;61;;9;8,00
801;2002;100;;3;5,60
801;2003;12;;3;4,00
802;2004;23;;3;3,00
802;2005;63;1;6;4,50
802;2006;103;;8;5,00
803;2007;118;;6;6,00
803;2008;32;;4;5,00
804;2009;50;;3;5,60
804;2010;92;;3;2,40
804;2011;7;;3;8,00
805;2012;29;;4;1,50
805;2013;72;;3;2,00
806;2014;97;;8;9,00
806;2015;14;631;8;4,50
806;2016;58;;3;8,00
807;2017;87;;9;0,50
807;2018;5;;6;5,00
808;2019;37;;3;0,50
808;2020;83;494;8;0,80
808;2021;2;;4;4,00
809;2022;38;;3;0,50
809;2023;85;;11;1,00
810;2024;124;;3;3,00
810;2025;45;;6;2,00
810;2026;93;;3;2,30
811;2027;9;;9;3,00
811;2028;58;;3;8,00
812;2029;104;;4;5,00
812;2030;27;422;3;2,00
812;2031;77;;3;2,00
813;2032;1;;3;2,00
813;2033;51;;3;2,00
814;2034;104;;3;5,00
814;2035;29;287;2;1,50
814;2036;81;;3;2,00
815;2037;11;;9;8,00
815;2038;64;;8;4,50
816;2039;124;;3;3,00
816;2040;51;;3;2,00
816;2041;105;;3;5,00
817;2042;42;;3;2,40
817;2043;97;;3;9,00
818;2044;37;;8;0,50
818;2045;93;589;6;2,30
818;2046;22;;3;2,00
819;2047;93;;9;2,30
819;2048;23;;3;3,00
820;2049;97;;3;9,00
820;2050;28;263;4;2,00
820;2051;86;;4;0,50
821;2052;37;;3;0,50
821;2053;96;;3;8,00
822;2054;50;;3;5,60
822;2055;110;;3;0,50
822;2056;43;;3;2,30
823;2057;1;;11;2,00
823;2058;62;;3;4,00
824;2059;23;;4;3,00
824;2060;85;;4;1,00
824;2061;20;;3;8,00
825;2062;112;;3;4,00
825;2063;48;;3;4,50
826;2064;16;;3;3,00
826;2065;80;;8;4,00
826;2066;17;;4;3,50
827;2067;116;;3;3,00
827;2068;54;;3;5,00
828;2069;29;;3;1,50
828;2070;95;615;3;2,00
828;2071;34;;3;0,75
829;2072;13;;8;4,50
829;2073;80;;3;4,00
830;2074;62;;4;4,00
830;2075;3;147;6;5,00
830;2076;71;;3;4,00
831;2077;57;;3;8,00
831;2078;126;;3;4,00
832;2079;115;;3;4,50
832;2080;58;;4;8,00
832;2081;1;;8;2,00
833;2082;121;;6;4,00
833;2083;65;;7;4,50
834;2084;61;;3;8,00
834;2085;6;291;3;7,00
834;2086;78;;3;2,00
835;2087;78;;6;2,00
835;2088;24;;3;3,00
836;2089;27;;3;2,00
836;2090;101;103;8;2,00
836;2091;48;;3;4,50
837;2092;55;;3;5,00
837;2093;3;;3;5,00
838;2094;13;;3;4,50
838;2095;89;;2;0,80
838;2096;38;;4;0,50
839;2097;52;;3;4,00
839;2098;2;;4;4,00
840;2099;19;;3;2,00
840;2100;97;313;3;9,00
840;2101;48;;3;4,50
841;2102;69;;6;2,00
841;2103;21;;3;4,00
842;2104;45;;3;2,00
842;2105;125;77;2;7,00
842;2106;78;;3;2,00
843;2107;106;;6;7,00
843;2108;60;;3;0,50
844;2109;91;;3;1,20
844;2110;46;;4;8,00
844;2111;1;;8;2,00
845;2112;36;;3;0,50
845;2113;119;;7;2,00
846;2114;30;;3;4,00
846;2115;114;495;3;4,50
846;2116;71;;3;4,00
847;2117;113;;7;4,50
847;2118;71;;6;4,00
848;2119;116;;4;3,00
848;2120;75;417;3;7,00
848;2121;34;;3;0,75
849;2122;83;;6;0,80
849;2123;43;;9;2,30
850;2124;95;;3;2,00
850;2125;56;;8;7,00
850;2126;17;;4;3,50
851;2127;73;;9;3,00
851;2128;35;;4;1,00
852;2129;94;;3;4,00
852;2130;57;222;3;8,00
852;2131;20;;3;8,00
853;2132;83;;4;0,80
853;2133;47;;3;9,00
854;2134;113;;4;4,50
854;2135;78;200;3;2,00
854;2136;43;;3;2,30
855;2137;113;;3;4,50
855;2138;79;;6;1,50
856;2139;25;;3;7,00
856;2140;119;;8;2,00
856;2141;86;;4;0,50
857;2142;36;;3;0,50
857;2143;4;;8;5,00
858;2144;84;;3;0,75
858;2145;53;238;6;5,00
858;2146;22;;3;2,00
859;2147;106;;2;7,00
859;2148;76;;3;4,00
860;2149;36;;3;0,50
860;2150;7;289;4;8,00
860;2151;105;;3;5,00
861;2152;69;;3;2,00
861;2153;41;;9;1,20
862;2154;8;;3;8,00
862;2155;108;;3;8,00
862;2156;81;;3;2,00
863;2157;52;;3;4,00
863;2158;26;;4;4,00
864;2159;1;;3;2,00
864;2160;102;429;3;4,00
864;2161;77;;3;2,00
865;2162;55;;2;5,00
865;2163;31;;9;2,00
866;2164;12;;3;4,00
866;2165;116;215;8;3,00
866;2166;93;;3;2,30
867;2167;78;;6;2,00
867;2168;56;;3;7,00
868;2169;44;;3;4,00
868;2170;23;;8;3,00
868;2171;2;;4;4,00
869;2172;121;;3;4,00
869;2173;101;;1;2,00
870;2174;96;;3;8,00
870;2175;77;372;6;2,00
870;2176;58;;3;8,00
871;2177;57;;3;8,00
871;2178;39;;6;0,80
872;2179;41;;4;1,20
872;2180;24;487;3;3,00
872;2181;7;;3;8,00
873;2182;13;;6;4,50
873;2183;124;;3;3,00
874;2184;6;;3;7,00
874;2185;118;;4;6,00
874;2186;103;;8;5,00
875;2187;116;;3;3,00
875;2188;102;;3;4,00
876;2189;118;;3;6,00
876;2190;105;502;3;5,00
876;2191;92;;3;2,40
877;2192;112;;8;4,00
877;2193;100;;3;5,60
878;2194;123;;3;3,00
878;2195;112;516;4;4,00
878;2196;101;;3;2,00
879;2197;1;;3;2,00
879;2198;118;;3;6,00
880;2199;21;;3;4,00
880;2200;12;;3;4,00
880;2201;3;;3;5,00
881;2202;37;;6;0,50
881;2203;29;;7;1,50
882;2204;66;;3;3,00
882;2205;59;628;6;3,00
882;2206;52;;3;4,00
883;2207;93;;9;2,30
883;2208;87;;3;0,50
884;2209;4;;8;5,00
884;2210;126;159;3;4,00
884;2211;121;;3;4,00
885;2212;42;;3;2,40
885;2213;38;;6;0,50
886;2214;89;;3;0,80
886;2215;86;;8;0,50
886;2216;83;;4;0,80
887;2217;11;;9;8,00
887;2218;9;;6;3,00
888;2219;67;;3;3,50
888;2220;66;143;3;3,00
888;2221;65;;3;4,50
889;2222;1;;2;2,00
889;2223;1;;3;2,00
890;2224;65;;4;4,50
890;2225;66;32;3;3,00
890;2226;67;;3;3,50
891;2227;9;;9;3,00
891;2228;11;;3;8,00
892;2229;83;;3;0,80
892;2230;86;;8;0,50
892;2231;89;;4;0,80
893;2232;38;;3;0,50
893;2233;42;;6;2,40
894;2234;121;;3;4,00
894;2235;126;331;3;4,00
894;2236;4;;3;5,00
895;2237;87;;9;0,50
895;2238;93;;6;2,30
896;2239;52;;8;4,00
896;2240;59;210;8;3,00
896;2241;66;;3;3,00
897;2242;29;;6;1,50
897;2243;37;;3;0,50
898;2244;3;;3;5,00
898;2245;12;;3;4,00
898;2246;21;;3;4,00
899;2247;118;;6;6,00
899;2248;1;;8;2,00
900;2249;101;;3;2,00
900;2250;112;523;3;4,00
900;2251;123;;3;3,00
901;2252;100;;8;5,60
901;2253;112;;3;4,00
902;2254;92;;4;2,40
902;2255;105;355;6;5,00
902;2256;118;;3;6,00
903;2257;102;;6;4,00
903;2258;116;;3;3,00
904;2259;103;;3;5,00
904;2260;118;;4;6,00
904;2261;6;;3;7,00
905;2262;124;;3;3,00
905;2263;13;;11;4,50
906;2264;7;;3;8,00
906;2265;24;252;3;3,00
906;2266;41;;3;1,20
907;2267;39;;3;0,80
907;2268;57;;3;8,00
908;2269;58;;8;8,00
908;2270;77;336;8;2,00
908;2271;96;;3;8,00
909;2272;101;;3;2,00
909;2273;121;;9;4,00
910;2274;2;;3;4,00
910;2275;23;;2;3,00
910;2276;44;;4;4,00
911;2277;56;;3;7,00
911;2278;78;;3;2,00
912;2279;93;;3;2,30
912;2280;116;398;3;3,00
912;2281;12;;3;4,00
913;2282;31;;2;2,00
913;2283;55;;9;5,00
914;2284;77;;4;2,00
914;2285;102;28;3;4,00
914;2286;1;;3;2,00
915;2287;26;;6;4,00
915;2288;52;;3;4,00
916;2289;81;;3;2,00
916;2290;108;;3;8,00
916;2291;8;;4;8,00
917;2292;41;;3;1,20
917;2293;69;;9;2,00
918;2294;105;;3;5,00
918;2295;7;496;6;8,00
918;2296;36;;3;0,50
919;2297;76;;8;4,00
919;2298;106;;3;7,00
920;2299;22;;8;2,00
920;2300;53;117;8;5,00
920;2301;84;;3;0,75
921;2302;4;;3;5,00
921;2303;36;;3;0,50
922;2304;86;;3;0,50
922;2305;119;744;2;2,00
922;2306;25;;8;7,00
923;2307;79;;3;1,50
923;2308;113;;4;4,50
924;2309;43;;3;2,30
924;2310;78;78;3;2,00
924;2311;113;;3;4,50
925;2312;47;;4;9,00
925;2313;83;;3;0,80
926;2314;20;;4;8,00
926;2315;57;;6;8,00
926;2316;94;;3;4,00
927;2317;35;;9;1,00
927;2318;73;;6;3,00
928;2319;17;;3;3,50
928;2320;56;323;8;7,00
928;2321;95;;4;2,00
929;2322;43;;6;2,30
929;2323;83;;1;0,80
930;2324;34;;3;0,75
930;2325;75;265;6;7,00
930;2326;116;;3;3,00
931;2327;71;;7;4,00
931;2328;113;;3;4,50
932;2329;71;;4;4,00
932;2330;114;;3;4,50
932;2331;30;;3;4,00
933;2332;119;;3;2,00
933;2333;36;;3;0,50
934;2334;1;;3;2,00
934;2335;46;520;4;8,00
934;2336;91;;8;1,20
935;2337;60;;3;0,50
935;2338;106;;8;7,00
936;2339;78;;3;2,00
936;2340;125;342;3;7,00
936;2341;45;;3;2,00
937;2342;21;;6;4,00
937;2343;69;;3;2,00
938;2344;48;;3;4,50
938;2345;97;;10;9,00
938;2346;19;;3;2,00
939;2347;2;;6;4,00
939;2348;52;;3;4,00
940;2349;38;;3;0,50
940;2350;89;552;8;0,80
940;2351;13;;8;4,50
941;2352;3;;3;5,00
941;2353;55;;11;5,00
942;2354;48;;3;4,50
942;2355;101;66;6;2,00
942;2356;27;;3;2,00
943;2357;24;;3;3,00
943;2358;78;;3;2,00
944;2359;78;;3;2,00
944;2360;6;;3;7,00
944;2361;61;;3;8,00
945;2362;65;;6;4,50
945;2363;121;;3;4,00
946;2364;1;;3;2,00
946;2365;58;24;4;8,00
946;2366;115;;8;4,50
947;2367;126;;6;4,00
947;2368;57;;3;8,00
948;2369;71;;3;4,00
948;2370;3;;3;5,00
948;2371;62;;3;4,00
949;2372;80;;4;4,00
949;2373;13;;9;4,50
950;2374;34;;8;0,75
950;2375;95;654;2;2,00
950;2376;29;;3;1,50
951;2377;54;;6;5,00
951;2378;116;;3;3,00
952;2379;17;;3;3,50
952;2380;80;21;8;4,00
952;2381;16;;8;3,00
953;2382;48;;3;4,50
953;2383;112;;8;4,00
954;2384;20;;3;8,00
954;2385;85;;6;1,00
954;2386;23;;3;3,00
955;2387;62;;10;4,00
955;2388;1;;3;2,00
956;2389;43;;8;2,30
956;2390;110;74;8;0,50
956;2391;50;;3;5,60
957;2392;96;;3;8,00
957;2393;37;;9;0,50
958;2394;86;;3;0,50
958;2395;28;175;4;2,00
958;2396;97;;8;9,00
959;2397;23;;9;3,00
959;2398;93;;6;2,30
960;2399;22;;3;2,00
960;2400;93;;3;2,30
960;2401;37;;3;0,50
961;2402;97;;2;9,00
961;2403;42;;6;2,40
962;2404;105;;3;5,00
962;2405;51;360;6;2,00
962;2406;124;;3;3,00
963;2407;64;;3;4,50
963;2408;11;;3;8,00
964;2409;81;;3;2,00
964;2410;29;101;8;1,50
964;2411;104;;4;5,00
965;2412;51;;3;2,00
965;2413;1;;5;2,00
966;2414;77;;3;2,00
966;2415;27;;6;2,00
966;2416;104;;3;5,00
967;2417;58;;2;8,00
967;2418;9;;6;3,00
968;2419;93;;3;2,30
968;2420;45;622;3;2,00
968;2421;124;;3;3,00
969;2422;85;;6;1,00
969;2423;38;;6;0,50
970;2424;2;;3;4,00
970;2425;83;2;2;0,80
970;2426;37;;8;0,50
971;2427;5;;9;5,00
971;2428;87;;3;0,50
972;2429;58;;3;8,00
972;2430;14;;3;4,50
972;2431;97;;3;9,00
973;2432;72;;3;2,00
973;2433;29;;9;1,50
974;2434;7;;8;8,00
974;2435;92;224;8;2,40
974;2436;50;;3;5,60
975;2437;32;;3;5,00
975;2438;118;;3;6,00
976;2439;103;;3;5,00
976;2440;63;81;3;4,50
976;2441;23;;4;3,00
977;2442;12;;3;4,00
977;2443;100;;8;5,60
978;2444;92;;3;2,40
978;2445;54;;3;5,00
978;2446;16;;3;3,00
979;2447;12;;3;4,00
979;2448;102;;3;4,00
980;2449;101;;4;2,00
980;2450;65;221;8;4,50
980;2451;29;;3;1,50
981;2452;32;;3;5,00
981;2453;124;;3;3,00
982;2454;3;;3;5,00
982;2455;96;208;3;8,00
982;2456;62;;4;4,00
983;2457;72;;3;2,00
983;2458;39;;6;0,80
984;2459;52;;3;4,00
984;2460;20;;3;8,00
984;2461;115;;3;4,50
985;2462;5;;10;5,00
985;2463;101;;3;2,00
986;2464;121;;8;4,00
986;2465;91;596;10;1,20
986;2466;61;;3;8,00
987;2467;85;;9;1,00
987;2468;56;;3;7,00
988;2469;83;;3;0,80
988;2470;55;;4;5,00
988;2471;27;;3;2,00
989;2472;58;;3;8,00
989;2473;31;;11;2,00
990;2474;65;;3;4,50
990;2475;39;315;6;0,80
990;2476;13;;3;4,50
991;2477;51;;9;2,00
991;2478;26;;3;4,00
992;2479;67;;8;3,50
992;2480;43;145;4;2,30
992;2481;19;;3;2,00
993;2482;64;;3;4,50
993;2483;41;;3;1,20
994;2484;89;;3;0,80
994;2485;67;;10;3,50
994;2486;45;;3;2,00
995;2487;97;;9;9,00
995;2488;76;;8;4,00
996;2489;4;;3;5,00
996;2490;111;350;3;8,00
996;2491;91;;3;1,20
997;2492;23;;4;3,00
997;2493;4;;3;5,00
998;2494;66;;3;3,00
998;2495;48;426;3;4,50
998;2496;30;;3;4,00
999;2497;96;;3;8,00
999;2498;79;;6;1,50
1000;2499;21;;3;4,00
1000;2500;5;;8;5,00
1000;2501;116;;4;3,00
1001;2502;62;;3;4,00
1001;2503;47;;1;9,00
1002;2504;123;;3;3,00
1002;2505;109;391;6;3,00
1002;2506;95;;3;2,00
1003;2507;48;;3;4,50
1003;2508;35;;3;1,00
1004;2509;118;;8;6,00
1004;2510;106;87;4;7,00
1004;2511;94;;3;4,00
1005;2512;54;;3;5,00
1005;2513;43;;3;2,30
1006;2514;6;;3;7,00
1006;2515;123;;6;3,00
1006;2516;113;;4;4,50
1007;2517;80;;3;4,00
1007;2518;71;;10;4,00
1008;2519;41;;3;1,20
1008;2520;33;281;3;0,80
1008;2521;25;;3;7,00
1009;2522;126;;3;4,00
1009;2523;119;;9;2,00
1010;2524;96;;3;8,00
1010;2525;90;204;3;1,00
1010;2526;84;;3;0,75
1011;2527;65;;9;4,50
1011;2528;60;;3;0,50
1012;2529;44;;3;4,00
1012;2530;40;;4;1,00
1012;2531;36;;3;0,50
1013;2532;24;;3;3,00
1013;2533;21;;9;4,00
1014;2534;12;;3;4,00
1014;2535;10;431;3;0,50
1014;2536;8;;3;8,00
1015;2537;3;;9;5,00
1015;2538;2;;3;4,00
1016;2539;1;;8;2,00
1016;2540;1;166;4;2,00
1016;2541;1;;3;2,00
1017;2542;2;;3;4,00
1017;2543;3;;9;5,00
1018;2544;8;;3;8,00
1018;2545;10;;4;0,50
1018;2546;12;;3;4,00
1019;2547;21;;9;4,00
1019;2548;24;;3;3,00
1020;2549;36;;3;0,50
1020;2550;40;594;3;1,00
1020;2551;44;;3;4,00
1021;2552;60;;3;0,50
1021;2553;65;;9;4,50
1022;2554;84;;3;0,75
1022;2555;90;339;3;1,00
1022;2556;96;;3;8,00
1023;2557;119;;9;2,00
1023;2558;126;;3;4,00
1024;2559;25;;3;7,00
1024;2560;33;;3;0,80
1024;2561;41;;4;1,20
1025;2562;71;;6;4,00
1025;2563;80;;4;4,00
1026;2564;113;;3;4,50
1026;2565;123;148;6;3,00
1026;2566;6;;3;7,00
1027;2567;43;;11;2,30
1027;2568;54;;3;5,00
1028;2569;94;;8;4,00
1028;2570;106;46;4;7,00
1028;2571;118;;3;6,00
1029;2572;35;;3;1,00
1029;2573;48;;3;4,50
1030;2574;95;;3;2,00
1030;2575;109;;10;3,00
1030;2576;123;;3;3,00
1031;2577;47;;9;9,00
1031;2578;62;;4;4,00
1032;2579;116;;3;3,00
1032;2580;5;245;3;5,00
1032;2581;21;;3;4,00
1033;2582;79;;2;1,50
1033;2583;96;;3;8,00
1034;2584;30;;3;4,00
1034;2585;48;307;3;4,50
1034;2586;66;;3;3,00
1035;2587;4;;3;5,00
1035;2588;23;;3;3,00
1036;2589;91;;3;1,20
1036;2590;111;;3;8,00
1036;2591;4;;8;5,00
1037;2592;76;;3;4,00
1037;2593;97;;5;9,00
1038;2594;45;;3;2,00
1038;2595;67;207;6;3,50
1038;2596;89;;3;0,80
1039;2597;41;;7;1,20
1039;2598;64;;3;4,50
1040;2599;19;;8;2,00
1040;2600;43;413;4;2,30
1040;2601;67;;3;3,50
1041;2602;26;;3;4,00
1041;2603;51;;9;2,00
1042;2604;13;;3;4,50
1042;2605;39;;6;0,80
1042;2606;65;;4;4,50
1043;2607;31;;3;2,00
1043;2608;58;;8;8,00
1044;2609;27;;3;2,00
1044;2610;55;169;3;5,00
1044;2611;83;;3;0,80
1045;2612;56;;4;7,00
1045;2613;85;;9;1,00
1046;2614;61;;8;8,00
1046;2615;91;230;10;1,20
1046;2616;121;;3;4,00
1047;2617;101;;3;2,00
1047;2618;5;;6;5,00
1048;2619;115;;3;4,50
1048;2620;20;;8;8,00
1048;2621;52;;8;4,00
1049;2622;39;;6;0,80
1049;2623;72;;3;2,00
1050;2624;62;;3;4,00
1050;2625;96;616;3;8,00
1050;2626;3;;3;5,00
1051;2627;124;;8;3,00
1051;2628;32;;3;5,00
1052;2629;29;;4;1,50
1052;2630;65;555;8;4,50
1052;2631;101;;3;2,00
1053;2632;102;;3;4,00
1053;2633;12;;3;4,00
1054;2634;16;;3;3,00
1054;2635;54;706;3;5,00
1054;2636;92;;4;2,40
1055;2637;100;;3;5,60
1055;2638;12;;3;4,00
1056;2639;23;;3;3,00
1056;2640;63;213;3;4,50
1056;2641;103;;3;5,00
1057;2642;118;;8;6,00
1057;2643;32;;3;5,00
1058;2644;50;;4;5,60
1058;2645;92;;8;2,40
1058;2646;7;;3;8,00
1059;2647;29;;9;1,50
1059;2648;72;;3;2,00
1060;2649;97;;3;9,00
1060;2650;14;630;8;4,50
1060;2651;58;;8;8,00
1061;2652;87;;3;0,50
1061;2653;5;;1;5,00
1062;2654;37;;3;0,50
1062;2655;83;10;6;0,80
1062;2656;2;;3;4,00
1063;2657;38;;10;0,50
1063;2658;85;;6;1,00
1064;2659;124;;8;3,00
1064;2660;45;;3;2,00
1064;2661;93;;3;2,30
1065;2662;9;;6;3,00
1065;2663;58;;6;8,00
1066;2664;104;;3;5,00
1066;2665;27;274;6;2,00
1066;2666;77;;4;2,00
1067;2667;1;;9;2,00
1067;2668;51;;3;2,00
1068;2669;104;;3;5,00
1068;2670;29;288;3;1,50
1068;2671;81;;3;2,00
1069;2672;11;;4;8,00
1069;2673;64;;3;4,50
1070;2674;124;;8;3,00
1070;2675;51;;6;2,00
1070;2676;105;;3;5,00
1071;2677;42;;6;2,40
1071;2678;97;;6;9,00
1072;2679;37;;3;0,50
1072;2680;93;560;3;2,30
1072;2681;22;;8;2,00
1073;2682;93;;6;2,30
1073;2683;23;;1;3,00
1074;2684;97;;3;9,00
1074;2685;28;357;3;2,00
1074;2686;86;;3;0,50
1075;2687;37;;5;0,50
1075;2688;96;;3;8,00
1076;2689;50;;4;5,60
1076;2690;110;;8;0,50
1076;2691;43;;3;2,30
1077;2692;1;;3;2,00
1077;2693;62;;6;4,00
1078;2694;23;;3;3,00
1078;2695;85;643;10;1,00
1078;2696;20;;4;8,00
1079;2697;112;;3;4,00
1079;2698;48;;3;4,50
1080;2699;16;;3;3,00
1080;2700;80;121;3;4,00
1080;2701;17;;3;3,50
1081;2702;116;;4;3,00
1081;2703;54;;6;5,00
1082;2704;29;;4;1,50
1082;2705;95;;2;2,00
1082;2706;34;;3;0,75
1083;2707;13;;9;4,50
1083;2708;80;;3;4,00
1084;2709;62;;3;4,00
1084;2710;3;280;3;5,00
1084;2711;71;;4;4,00
1085;2712;57;;3;8,00
1085;2713;126;;6;4,00
1086;2714;115;;3;4,50
1086;2715;58;139;3;8,00
1086;2716;1;;3;2,00
1087;2717;121;;11;4,00
1087;2718;65;;6;4,50
1088;2719;61;;8;8,00
1088;2720;6;;3;7,00
1088;2721;78;;3;2,00
1089;2722;78;;3;2,00
1089;2723;24;;3;3,00
1090;2724;27;;3;2,00
1090;2725;101;436;2;2,00
1090;2726;48;;3;4,50
1091;2727;55;;3;5,00
1091;2728;3;;3;5,00
1092;2729;13;;3;4,50
1092;2730;89;42;3;0,80
1092;2731;38;;3;0,50
1093;2732;52;;8;4,00
1093;2733;2;;6;4,00
1094;2734;19;;8;2,00
1094;2735;97;;10;9,00
1094;2736;48;;3;4,50
1095;2737;69;;3;2,00
1095;2738;21;;6;4,00
1096;2739;45;;3;2,00
1096;2740;125;499;8;7,00
1096;2741;78;;3;2,00
1097;2742;106;;3;7,00
1097;2743;60;;3;0,50
1098;2744;91;;3;1,20
1098;2745;46;178;3;8,00
1098;2746;1;;3;2,00
1099;2747;36;;3;0,50
1099;2748;119;;3;2,00
1100;2749;30;;3;4,00
1100;2750;114;;3;4,50
1100;2751;71;;3;4,00
1101;2752;113;;3;4,50
1101;2753;71;;3;4,00
1102;2754;116;;3;3,00
1102;2755;75;517;6;7,00
1102;2756;34;;8;0,75
1103;2757;83;;9;0,80
1103;2758;43;;2;2,30
1104;2759;95;;3;2,00
1104;2760;56;295;3;7,00
1104;2761;17;;3;3,50
1105;2762;73;;2;3,00
1105;2763;35;;9;1,00
1106;2764;94;;8;4,00
1106;2765;57;;6;8,00
1106;2766;20;;3;8,00
1107;2767;83;;3;0,80
1107;2768;47;;3;9,00
1108;2769;113;;3;4,50
1108;2770;78;547;3;2,00
1108;2771;43;;8;2,30
1109;2772;113;;3;4,50
1109;2773;79;;11;1,50
1110;2774;25;;3;7,00
1110;2775;119;63;6;2,00
1110;2776;86;;3;0,50
1111;2777;36;;3;0,50
1111;2778;4;;3;5,00
1112;2779;84;;3;0,75
1112;2780;53;;8;5,00
1112;2781;22;;3;2,00
1113;2782;106;;3;7,00
1113;2783;76;;3;4,00
1114;2784;36;;3;0,50
1114;2785;7;687;10;8,00
1114;2786;105;;3;5,00
1115;2787;69;;9;2,00
1115;2788;41;;4;1,20
1116;2789;8;;3;8,00
1116;2790;108;94;3;8,00
1116;2791;81;;3;2,00
1117;2792;52;;8;4,00
1117;2793;26;;6;4,00
1118;2794;1;;8;2,00
1118;2795;102;;3;4,00
1118;2796;77;;3;2,00
1119;2797;55;;9;5,00
1119;2798;31;;6;2,00
1120;2799;12;;3;4,00
1120;2800;116;84;8;3,00
1120;2801;93;;3;2,30
1121;2802;78;;3;2,00
1121;2803;56;;4;7,00
1122;2804;44;;3;4,00
1122;2805;23;;6;3,00
1122;2806;2;;3;4,00
1123;2807;121;;5;4,00
1123;2808;101;;3;2,00
1124;2809;96;;3;8,00
1124;2810;77;370;8;2,00
1124;2811;58;;3;8,00
1125;2812;57;;3;8,00
1125;2813;39;;3;0,80
1126;2814;41;;3;1,20
1126;2815;24;171;3;3,00
1126;2816;7;;8;8,00
1127;2817;13;;3;4,50
1127;2818;124;;8;3,00
1128;2819;6;;3;7,00
1128;2820;118;;3;6,00
1128;2821;103;;3;5,00
1129;2822;116;;4;3,00
1129;2823;102;;6;4,00
1130;2824;118;;8;6,00
1130;2825;105;442;6;5,00
1130;2826;92;;3;2,40
1131;2827;112;;3;4,00
1131;2828;100;;3;5,60
1132;2829;123;;3;3,00
1132;2830;112;260;4;4,00
1132;2831;101;;4;2,00
1133;2832;1;;3;2,00
1133;2833;118;;2;6,00
1134;2834;21;;3;4,00
1134;2835;12;;3;4,00
1134;2836;3;;3;5,00
1135;2837;37;;11;0,50
1135;2838;29;;6;1,50
1136;2839;66;;3;3,00
1136;2840;59;256;8;3,00
1136;2841;52;;3;4,00
1137;2842;93;;6;2,30
1137;2843;87;;9;0,50
1138;2844;4;;3;5,00
1138;2845;126;185;3;4,00
1138;2846;121;;8;4,00
1139;2847;42;;6;2,40
1139;2848;38;;4;0,50
1140;2849;89;;3;0,80
1140;2850;86;;3;0,50
1140;2851;83;;3;0,80
1141;2852;11;;4;8,00
1141;2853;9;;9;3,00
1142;2854;67;;8;3,50
1142;2855;66;532;3;3,00
1142;2856;65;;3;4,50
1143;2857;1;;3;2,00
1143;2858;1;;6;2,00
1144;2859;65;;3;4,50
1144;2860;66;314;3;3,00
1144;2861;67;;8;3,50
1145;2862;9;;6;3,00
1145;2863;11;;1;8,00
1146;2864;83;;3;0,80
1146;2865;86;;3;0,50
1146;2866;89;;3;0,80
1147;2867;38;;10;0,50
1147;2868;42;;3;2,40
1148;2869;121;;8;4,00
1148;2870;126;343;3;4,00
1148;2871;4;;3;5,00
1149;2872;87;;3;0,50
1149;2873;93;;9;2,30
1150;2874;52;;3;4,00
1150;2875;59;55;2;3,00
1150;2876;66;;3;3,00
1151;2877;29;;3;1,50
1151;2878;37;;2;0,50
1152;2879;3;;3;5,00
1152;2880;12;;3;4,00
1152;2881;21;;3;4,00
1153;2882;118;;8;6,00
1153;2883;1;;3;2,00
1154;2884;101;;4;2,00
1154;2885;112;415;4;4,00
1154;2886;123;;3;3,00
1155;2887;100;;3;5,60
1155;2888;112;;3;4,00
1156;2889;92;;3;2,40
1156;2890;105;284;3;5,00
1156;2891;118;;8;6,00
1157;2892;102;;3;4,00
1157;2893;116;;4;3,00
1158;2894;103;;3;5,00
1158;2895;118;;3;6,00
1158;2896;6;;3;7,00
1159;2897;124;;8;3,00
1159;2898;13;;6;4,50
1160;2899;7;;8;8,00
1160;2900;24;595;3;3,00
1160;2901;41;;3;1,20
1161;2902;39;;6;0,80
1161;2903;57;;3;8,00
1162;2904;58;;3;8,00
1162;2905;77;539;2;2,00
1162;2906;96;;3;8,00
1163;2907;101;;9;2,00
1163;2908;121;;8;4,00
1164;2909;2;;3;4,00
1164;2910;23;;3;3,00
1164;2911;44;;3;4,00
1165;2912;56;;4;7,00
1165;2913;78;;6;2,00
1166;2914;93;;3;2,30
1166;2915;116;656;8;3,00
1166;2916;12;;3;4,00
1167;2917;31;;9;2,00
1167;2918;55;;6;5,00
1168;2919;77;;3;2,00
1168;2920;102;26;3;4,00
1168;2921;1;;8;2,00
1169;2922;26;;3;4,00
1169;2923;52;;8;4,00
1170;2924;81;;3;2,00
1170;2925;108;;3;8,00
1170;2926;8;;3;8,00
1171;2927;41;;1;1,20
1171;2928;69;;3;2,00
1172;2929;105;;3;5,00
1172;2930;7;137;4;8,00
1172;2931;36;;3;0,50
1173;2932;76;;3;4,00
1173;2933;106;;6;7,00
1174;2934;22;;3;2,00
1174;2935;53;160;2;5,00
1174;2936;84;;3;0,75
1175;2937;4;;3;5,00
1175;2938;36;;3;0,50
1176;2939;86;;3;0,50
1176;2940;119;;3;2,00
1176;2941;25;;3;7,00
1177;2942;79;;2;1,50
1177;2943;113;;3;4,50
1178;2944;43;;8;2,30
1178;2945;78;82;3;2,00
1178;2946;113;;3;4,50
1179;2947;47;;3;9,00
1179;2948;83;;3;0,80
1180;2949;20;;3;8,00
1180;2950;57;248;3;8,00
1180;2951;94;;8;4,00
1181;2952;35;;3;1,00
1181;2953;73;;5;3,00
1182;2954;17;;3;3,50
1182;2955;56;;3;7,00
1182;2956;95;;3;2,00
1183;2957;43;;5;2,30
1183;2958;83;;6;0,80
1184;2959;34;;8;0,75
1184;2960;75;619;3;7,00
1184;2961;116;;3;3,00
1185;2962;71;;6;4,00
1185;2963;113;;3;4,50
1186;2964;71;;3;4,00
1186;2965;114;225;3;4,50
1186;2966;30;;3;4,00
1187;2967;119;;3;2,00
1187;2968;36;;3;0,50
1188;2969;1;;3;2,00
1188;2970;46;700;3;8,00
1188;2971;91;;3;1,20
1189;2972;60;;3;0,50
1189;2973;106;;6;7,00
1190;2974;78;;3;2,00
1190;2975;125;95;2;7,00
1190;2976;45;;3;2,00
1191;2977;21;;3;4,00
1191;2978;69;;6;2,00
1192;2979;48;;3;4,50
1192;2980;97;;4;9,00
1192;2981;19;;8;2,00
1193;2982;2;;3;4,00
1193;2983;52;;8;4,00
1194;2984;38;;3;0,50
1194;2985;89;303;6;0,80
1194;2986;13;;3;4,50
1195;2987;3;;3;5,00
1195;2988;55;;3;5,00
1196;2989;48;;3;4,50
1196;2990;101;76;8;2,00
1196;2991;27;;3;2,00
1197;2992;24;;3;3,00
1197;2993;78;;6;2,00
1198;2994;78;;3;2,00
1198;2995;6;;3;7,00
1198;2996;61;;8;8,00
1199;2997;65;;3;4,50
1199;2998;121;;2;4,00
1200;2999;1;;3;2,00
1200;3000;58;451;3;8,00
1200;3001;115;;3;4,50
1201;3002;126;;3;4,00
1201;3003;57;;3;8,00
1202;3004;71;;4;4,00
1202;3005;3;68;6;5,00
1202;3006;62;;3;4,00
1203;3007;80;;3;4,00
1203;3008;13;;3;4,50
1204;3009;34;;3;0,75
1204;3010;95;;8;2,00
1204;3011;29;;4;1,50
1205;3012;54;;3;5,00
1205;3013;116;;4;3,00
1206;3014;17;;3;3,50
1206;3015;80;602;3;4,00
1206;3016;16;;3;3,00
1207;3017;48;;3;4,50
1207;3018;112;;3;4,00
1208;3019;20;;4;8,00
1208;3020;85;108;4;1,00
1208;3021;23;;3;3,00
1209;3022;62;;3;4,00
1209;3023;1;;3;2,00
1210;3024;43;;3;2,30
1210;3025;110;;8;0,50
1210;3026;50;;4;5,60
1211;3027;96;;3;8,00
1211;3028;37;;8;0,50
1212;3029;86;;3;0,50
1212;3030;28;129;3;2,00
1212;3031;97;;3;9,00
1213;3032;23;;4;3,00
1213;3033;93;;9;2,30
1214;3034;22;;8;2,00
1214;3035;93;369;6;2,30
1214;3036;37;;3;0,50
1215;3037;97;;3;9,00
1215;3038;42;;3;2,40
1216;3039;105;;3;5,00
1216;3040;51;;3;2,00
1216;3041;124;;8;3,00
1217;3042;64;;3;4,50
1217;3043;11;;1;8,00
1218;3044;81;;3;2,00
1218;3045;29;648;6;1,50
1218;3046;104;;3;5,00
1219;3047;51;;3;2,00
1219;3048;1;;3;2,00
1220;3049;77;;4;2,00
1220;3050;27;244;3;2,00
1220;3051;104;;3;5,00
1221;3052;58;;3;8,00
1221;3053;9;;9;3,00
1222;3054;93;;3;2,30
1222;3055;45;;6;2,00
1222;3056;124;;8;3,00
1223;3057;85;;3;1,00
1223;3058;38;;4;0,50
1224;3059;2;;3;4,00
1224;3060;83;486;3;0,80
1224;3061;37;;3;0,50
1225;3062;5;;10;5,00
1225;3063;87;;9;0,50
1226;3064;58;;8;8,00
1226;3065;14;33;8;4,50
1226;3066;97;;3;9,00
1227;3067;72;;3;2,00
1227;3068;29;;3;1,50
1228;3069;7;;3;8,00
1228;3070;92;;8;2,40
1228;3071;50;;4;5,60
1229;3072;32;;3;5,00
1229;3073;118;;2;6,00
1230;3074;103;;3;5,00
1230;3075;63;190;6;4,50
1230;3076;23;;3;3,00
1231;3077;12;;3;4,00
1231;3078;100;;3;5,60
1232;3079;92;;4;2,40
1232;3080;54;410;3;5,00
1232;3081;16;;3;3,00
1233;3082;12;;3;4,00
1233;3083;102;;6;4,00
1234;3084;101;;3;2,00
1234;3085;65;;2;4,50
1234;3086;29;;4;1,50
1235;3087;32;;3;5,00
1235;3088;124;;8;3,00
1236;3089;3;;3;5,00
1236;3090;96;427;3;8,00
1236;3091;62;;3;4,00
1237;3092;72;;3;2,00
1237;3093;39;;3;0,80
1238;3094;52;;8;4,00
1238;3095;20;218;8;8,00
1238;3096;115;;3;4,50
1239;3097;5;;3;5,00
1239;3098;101;;6;2,00
1240;3099;121;;3;4,00
1240;3100;91;;4;1,20
1240;3101;61;;8;8,00
1241;3102;85;;6;1,00
1241;3103;56;;4;7,00
1242;3104;83;;3;0,80
1242;3105;55;587;6;5,00
1242;3106;27;;3;2,00
1243;3107;58;;2;8,00
1243;3108;31;;3;2,00
1244;3109;65;;4;4,50
1244;3110;39;17;3;0,80
1244;3111;13;;3;4,50
1245;3112;51;;3;2,00
1245;3113;26;;6;4,00
1246;3114;67;;3;3,50
1246;3115;43;;10;2,30
1246;3116;19;;8;2,00
1247;3117;64;;3;4,50
1247;3118;41;;10;1,20
1248;3119;89;;3;0,80
1248;3120;67;316;3;3,50
1248;3121;45;;3;2,00
1249;3122;97;;2;9,00
1249;3123;76;;3;4,00
1250;3124;4;;8;5,00
1250;3125;111;14;6;8,00
1250;3126;91;;3;1,20
1251;3127;23;;3;3,00
1251;3128;4;;3;5,00
1252;3129;66;;3;3,00
1252;3130;48;;3;4,50
1252;3131;30;;3;4,00
1253;3132;96;;3;8,00
1253;3133;79;;11;1,50
1254;3134;21;;3;4,00
1254;3135;5;298;6;5,00
1254;3136;116;;3;3,00
1255;3137;62;;10;4,00
1255;3138;47;;6;9,00
1256;3139;123;;3;3,00
1256;3140;109;;4;3,00
1256;3141;95;;3;2,00
1257;3142;48;;3;4,50
1257;3143;35;;9;1,00
1258;3144;118;;3;6,00
1258;3145;106;443;4;7,00
1258;3146;94;;8;4,00
1259;3147;54;;6;5,00
1259;3148;43;;8;2,30
1260;3149;6;;3;7,00
1260;3150;123;31;3;3,00
1260;3151;113;;3;4,50
1261;3152;80;;4;4,00
1261;3153;71;;3;4,00
1262;3154;41;;4;1,20
1262;3155;33;;6;0,80
1262;3156;25;;3;7,00
1263;3157;126;;6;4,00
1263;3158;119;;6;2,00
1264;3159;96;;3;8,00
1264;3160;90;304;3;1,00
1264;3161;84;;3;0,75
1265;3162;65;;6;4,50
1265;3163;60;;3;0,50
1266;3164;44;;3;4,00
1266;3165;40;356;3;1,00
1266;3166;36;;3;0,50
1267;3167;24;;3;3,00
1267;3168;21;;3;4,00
1268;3169;12;;3;4,00
1268;3170;10;;4;0,50
1268;3171;8;;3;8,00
1269;3172;3;;3;5,00
1269;3173;2;;6;4,00
1270;3174;1;;3;2,00
1270;3175;1;425;10;2,00
1270;3176;1;;8;2,00
1271;3177;2;;6;4,00
1271;3178;3;;6;5,00
1272;3179;8;;3;8,00
1272;3180;10;378;3;0,50
1272;3181;12;;3;4,00
1273;3182;21;;6;4,00
1273;3183;24;;3;3,00
1274;3184;36;;3;0,50
1274;3185;40;;4;1,00
1274;3186;44;;3;4,00
1275;3187;60;;3;0,50
1275;3188;65;;3;4,50
1276;3189;84;;3;0,75
1276;3190;90;454;3;1,00
1276;3191;96;;3;8,00
1277;3192;119;;3;2,00
1277;3193;126;;6;4,00
1278;3194;25;;3;7,00
1278;3195;33;216;6;0,80
1278;3196;41;;3;1,20
1279;3197;71;;1;4,00
1279;3198;80;;3;4,00
1280;3199;113;;4;4,50
1280;3200;123;;3;3,00
1280;3201;6;;3;7,00
1281;3202;43;;6;2,30
1281;3203;54;;6;5,00
1282;3204;94;;3;4,00
1282;3205;106;198;4;7,00
1282;3206;118;;8;6,00
1283;3207;35;;3;1,00
1283;3208;48;;3;4,50
1284;3209;95;;3;2,00
1284;3210;109;88;3;3,00
1284;3211;123;;3;3,00
1285;3212;47;;4;9,00
1285;3213;62;;6;4,00
1286;3214;116;;4;3,00
1286;3215;5;;2;5,00
1286;3216;21;;3;4,00
1287;3217;79;;9;1,50
1287;3218;96;;3;8,00
1288;3219;30;;3;4,00
1288;3220;48;430;3;4,50
1288;3221;66;;3;3,00
1289;3222;4;;3;5,00
1289;3223;23;;1;3,00
1290;3224;91;;3;1,20
1290;3225;111;332;6;8,00
1290;3226;4;;3;5,00
1291;3227;76;;8;4,00
1291;3228;97;;3;9,00
1292;3229;45;;3;2,00
1292;3230;67;;4;3,50
1292;3231;89;;3;0,80
1293;3232;41;;3;1,20
1293;3233;64;;3;4,50
1294;3234;19;;3;2,00
1294;3235;43;446;10;2,30
1294;3236;67;;8;3,50
1295;3237;26;;6;4,00
1295;3238;51;;6;2,00
1296;3239;13;;3;4,50
1296;3240;39;345;3;0,80
1296;3241;65;;3;4,50
1297;3242;31;;2;2,00
1297;3243;58;;6;8,00
1298;3244;27;;3;2,00
1298;3245;55;;10;5,00
1298;3246;83;;3;0,80
1299;3247;56;;3;7,00
1299;3248;85;;3;1,00
1300;3249;61;;3;8,00
1300;3250;91;186;4;1,20
1300;3251;121;;8;4,00
1301;3252;101;;3;2,00
1301;3253;5;;1;5,00
1302;3254;115;;3;4,50
1302;3255;20;146;3;8,00
1302;3256;52;;3;4,00
1303;3257;39;;9;0,80
1303;3258;72;;3;2,00
1304;3259;62;;4;4,00
1304;3260;96;;3;8,00
1304;3261;3;;3;5,00
1305;3262;124;;3;3,00
1305;3263;32;;3;5,00
1306;3264;29;;3;1,50
1306;3265;65;283;2;4,50
1306;3266;101;;4;2,00
1307;3267;102;;6;4,00
1307;3268;12;;3;4,00
1308;3269;16;;3;3,00
1308;3270;54;328;3;5,00
1308;3271;92;;3;2,40
1309;3272;100;;8;5,60
1309;3273;12;;3;4,00
1310;3274;23;;4;3,00
1310;3275;63;;6;4,50
1310;3276;103;;3;5,00
1311;3277;118;;6;6,00
1311;3278;32;;3;5,00
1312;3279;50;;3;5,60
1312;3280;92;305;8;2,40
1312;3281;7;;8;8,00
1313;3282;29;;6;1,50
1313;3283;72;;3;2,00
1314;3284;97;;3;9,00
1314;3285;14;44;3;4,50
1314;3286;58;;3;8,00
1315;3287;87;;3;0,50
1315;3288;5;;3;5,00
1316;3289;37;;8;0,50
1316;3290;83;;8;0,80
1316;3291;2;;3;4,00
1317;3292;38;;3;0,50
1317;3293;85;;9;1,00
1318;3294;124;;3;3,00
1318;3295;45;;6;2,00
1318;3296;93;;3;2,30
1319;3297;9;;3;3,00
1319;3298;58;;8;8,00
1320;3299;104;;3;5,00
1320;3300;27;;3;2,00
1320;3301;77;;3;2,00
1321;3302;1;;2;2,00
1321;3303;51;;9;2,00
1322;3304;104;;4;5,00
1322;3305;29;764;2;1,50
1322;3306;81;;3;2,00
1323;3307;11;;3;8,00
1323;3308;64;;3;4,50
1324;3309;124;;3;3,00
1324;3310;51;522;3;2,00
1324;3311;105;;3;5,00
1325;3312;42;;3;2,40
1325;3313;97;;5;9,00
1326;3314;37;;3;0,50
1326;3315;93;97;6;2,30
1326;3316;22;;3;2,00
1327;3317;93;;3;2,30
1327;3318;23;;6;3,00
1328;3319;97;;8;9,00
1328;3320;28;65;4;2,00
1328;3321;86;;3;0,50
1329;3322;37;;6;0,50
1329;3323;96;;3;8,00
1330;3324;50;;3;5,60
1330;3325;110;15;8;0,50
1330;3326;43;;8;2,30
1331;3327;1;;9;2,00
1331;3328;62;;4;4,00
1332;3329;23;;3;3,00
1332;3330;85;379;3;1,00
1332;3331;20;;3;8,00
1333;3332;112;;8;4,00
1333;3333;48;;3;4,50
1334;3334;16;;8;3,00
1334;3335;80;126;8;4,00
1334;3336;17;;3;3,50
1335;3337;116;;3;3,00
1335;3338;54;;3;5,00
1336;3339;29;;3;1,50
1336;3340;95;133;8;2,00
1336;3341;34;;8;0,75
1337;3342;13;;6;4,50
1337;3343;80;;4;4,00
1338;3344;62;;3;4,00
1338;3345;3;649;6;5,00
1338;3346;71;;3;4,00
1339;3347;57;;9;8,00
1339;3348;126;;3;4,00
1340;3349;115;;8;4,50
1340;3350;58;192;4;8,00
1340;3351;1;;3;2,00
1341;3352;121;;3;4,00
1341;3353;65;;9;4,50
1342;3354;61;;3;8,00
1342;3355;6;72;3;7,00
1342;3356;78;;3;2,00
1343;3357;78;;6;2,00
1343;3358;24;;3;3,00
1344;3359;27;;3;2,00
1344;3360;101;202;3;2,00
1344;3361;48;;3;4,50
1345;3362;55;;2;5,00
1345;3363;3;;9;5,00
1346;3364;13;;8;4,50
1346;3365;89;187;2;0,80
1346;3366;38;;3;0,50
1347;3367;52;;3;4,00
1347;3368;2;;3;4,00
1348;3369;19;;3;2,00
1348;3370;97;194;4;9,00
1348;3371;48;;3;4,50
1349;3372;69;;3;2,00
1349;3373;21;;9;4,00
1350;3374;45;;3;2,00
1350;3375;125;5;6;7,00
1350;3376;78;;3;2,00
1351;3377;106;;2;7,00
1351;3378;60;;3;0,50
1352;3379;91;;8;1,20
1352;3380;46;182;4;8,00
1352;3381;1;;3;2,00
1353;3382;36;;3;0,50
1353;3383;119;;9;2,00
1354;3384;30;;3;4,00
1354;3385;114;367;3;4,50
1354;3386;71;;4;4,00
1355;3387;113;;9;4,50
1355;3388;71;;4;4,00
1356;3389;116;;3;3,00
1356;3390;75;57;3;7,00
1356;3391;34;;3;0,75
1357;3392;83;;4;0,80
1357;3393;43;;3;2,30
1358;3394;95;;4;2,00
1358;3395;56;296;8;7,00
1358;3396;17;;3;3,50
1359;3397;73;;3;3,00
1359;3398;35;;6;1,00
1360;3399;94;;3;4,00
1360;3400;57;540;3;8,00
1360;3401;20;;4;8,00
1361;3402;83;;6;0,80
1361;3403;47;;1;9,00
1362;3404;113;;3;4,50
1362;3405;78;385;3;2,00
1362;3406;43;;3;2,30
1363;3407;113;;1;4,50
1363;3408;79;;3;1,50
1364;3409;25;;8;7,00
1364;3410;119;183;8;2,00
1364;3411;86;;3;0,50
1365;3412;36;;3;0,50
1365;3413;4;;3;5,00
1366;3414;84;;3;0,75
1366;3415;53;;2;5,00
1366;3416;22;;8;2,00
1367;3417;106;;6;7,00
1367;3418;76;;8;4,00
1368;3419;36;;3;0,50
1368;3420;7;;3;8,00
1368;3421;105;;3;5,00
1369;3422;69;;6;2,00
1369;3423;41;;3;1,20
1370;3424;8;;4;8,00
1370;3425;108;;3;8,00
1370;3426;81;;3;2,00
1371;3427;52;;3;4,00
1371;3428;26;;3;4,00
1372;3429;1;;3;2,00
1372;3430;102;;3;4,00
1372;3431;77;;4;2,00
1373;3432;55;;3;5,00
1373;3433;31;;11;2,00
1374;3434;12;;3;4,00
1374;3435;116;;3;3,00
1374;3436;93;;3;2,30
1375;3437;78;;6;2,00
1375;3438;56;;3;7,00
1376;3439;44;;4;4,00
1376;3440;23;;8;3,00
1376;3441;2;;3;4,00
1377;3442;121;;6;4,00
1377;3443;101;;3;2,00
1378;3444;96;;3;8,00
1378;3445;77;;2;2,00
1378;3446;58;;8;8,00
1379;3447;57;;9;8,00
1379;3448;39;;3;0,80
1380;3449;41;;3;1,20
1380;3450;24;;3;3,00
1380;3451;7;;3;8,00
1381;3452;13;;8;4,50
1381;3453;124;;3;3,00
1382;3454;6;;3;7,00
1382;3455;118;;4;6,00
1382;3456;103;;3;5,00
1383;3457;116;;3;3,00
1383;3458;102;;3;4,00
1384;3459;118;;3;6,00
1384;3460;105;;3;5,00
1384;3461;92;;4;2,40
1385;3462;112;;3;4,00
1385;3463;100;;8;5,60
1386;3464;123;;3;3,00
1386;3465;112;;3;4,00
1386;3466;101;;3;2,00
1387;3467;1;;5;2,00
1387;3468;118;;3;6,00
1388;3469;21;;3;4,00
1388;3470;12;;3;4,00
1388;3471;3;;3;5,00
1389;3472;37;;3;0,50
1389;3473;29;;9;1,50
1390;3474;66;;3;3,00
1390;3475;59;;2;3,00
1390;3476;52;;8;4,00
1391;3477;93;;3;2,30
1391;3478;87;;6;0,50
1392;3479;4;;3;5,00
1392;3480;126;;3;4,00
1392;3481;121;;3;4,00
1393;3482;42;;3;2,40
1393;3483;38;;6;0,50
1394;3484;89;;4;0,80
1394;3485;86;;8;0,50
1394;3486;83;;3;0,80
1395;3487;11;;3;8,00
1395;3488;9;;3;3,00
1396;3489;67;;3;3,50
1396;3490;66;;3;3,00
1396;3491;65;;4;4,50
1397;3492;1;;3;2,00
1397;3493;1;;5;2,00
1398;3494;65;;3;4,50
1398;3495;66;;3;3,00
1398;3496;67;;3;3,50
1399;3497;9;;3;3,00
1399;3498;11;;6;8,00
1400;3499;83;;4;0,80
1400;3500;86;;8;0,50
1400;3501;89;;3;0,80
1401;3502;38;;3;0,50
1401;3503;42;;6;2,40
1402;3504;121;;3;4,00
1402;3505;126;;3;4,00
1402;3506;4;;8;5,00
1403;3507;87;;3;0,50
1403;3508;93;;3;2,30
1404;3509;52;;3;4,00
1404;3510;59;;3;3,00
1404;3511;66;;3;3,00
1405;3512;29;;4;1,50
1405;3513;37;;9;0,50
1406;3514;3;;3;5,00
1406;3515;12;;3;4,00
1406;3516;21;;3;4,00
1407;3517;118;;6;6,00
1407;3518;1;;6;2,00
1408;3519;101;;3;2,00
1408;3520;112;;4;4,00
1408;3521;123;;3;3,00
1409;3522;100;;3;5,60
1409;3523;112;;8;4,00
1410;3524;92;;3;2,40
1410;3525;105;;6;5,00
1410;3526;118;;3;6,00
1411;3527;102;;6;4,00
1411;3528;116;;3;3,00
1412;3529;103;;8;5,00
1412;3530;118;642;4;6,00
1412;3531;6;;3;7,00
1413;3532;124;;3;3,00
1413;3533;13;;9;4,50
1414;3534;7;;3;8,00
1414;3535;24;317;3;3,00
1414;3536;41;;4;1,20
1415;3537;39;;9;0,80
1415;3538;57;;6;8,00
1416;3539;58;;3;8,00
1416;3540;77;152;3;2,00
1416;3541;96;;3;8,00
1417;3542;101;;10;2,00
1417;3543;121;;3;4,00
1418;3544;2;;4;4,00
1418;3545;23;294;2;3,00
1418;3546;44;;3;4,00
1419;3547;56;;3;7,00
1419;3548;78;;3;2,00
1420;3549;93;;3;2,30
1420;3550;116;247;8;3,00
1420;3551;12;;3;4,00
1421;3552;31;;3;2,00
1421;3553;55;;11;5,00
1422;3554;77;;3;2,00
1422;3555;102;467;3;4,00
1422;3556;1;;3;2,00
1423;3557;26;;10;4,00
1423;3558;52;;3;4,00
1424;3559;81;;3;2,00
1424;3560;108;196;3;8,00
1424;3561;8;;3;8,00
1425;3562;41;;6;1,20
1425;3563;69;;3;2,00
1426;3564;105;;3;5,00
1426;3565;7;99;10;8,00
1426;3566;36;;3;0,50
1427;3567;76;;3;4,00
1427;3568;106;;8;7,00
1428;3569;22;;3;2,00
1428;3570;53;249;3;5,00
1428;3571;84;;3;0,75
1429;3572;4;;8;5,00
1429;3573;36;;3;0,50
1430;3574;86;;4;0,50
1430;3575;119;235;2;2,00
1430;3576;25;;3;7,00
1431;3577;79;;9;1,50
1431;3578;113;;6;4,50
1432;3579;43;;3;2,30
1432;3580;78;508;3;2,00
1432;3581;113;;4;4,50
1433;3582;47;;6;9,00
1433;3583;83;;1;0,80
1434;3584;20;;3;8,00
1434;3585;57;561;6;8,00
1434;3586;94;;3;4,00
1435;3587;35;;7;1,00
1435;3588;73;;3;3,00
1436;3589;17;;4;3,50
1436;3590;56;54;8;7,00
1436;3591;95;;3;2,00
1437;3592;43;;3;2,30
1437;3593;83;;3;0,80
1438;3594;34;;3;0,75
1438;3595;75;3;6;7,00
1438;3596;116;;4;3,00
1439;3597;71;;9;4,00
1439;3598;113;;10;4,50
1440;3599;71;;3;4,00
1440;3600;114;4;3;4,50
1440;3601;30;;3;4,00
1441;3602;119;;10;2,00
1441;3603;36;;3;0,50
1442;3604;1;;8;2,00
1442;3605;46;312;4;8,00
1442;3606;91;;3;1,20
1443;3607;60;;3;0,50
1443;3608;106;;3;7,00
1444;3609;78;;3;2,00
1444;3610;125;144;8;7,00
1444;3611;45;;3;2,00
1445;3612;21;;3;4,00
1445;3613;69;;9;2,00
1446;3614;48;;3;4,50
1446;3615;97;211;6;9,00
1446;3616;19;;3;2,00
1447;3617;2;;10;4,00
1447;3618;52;;3;4,00
1448;3619;38;;4;0,50
1448;3620;89;462;8;0,80
1448;3621;13;;3;4,50
1449;3622;3;;6;5,00
1449;3623;55;;9;5,00
1450;3624;48;;3;4,50
1450;3625;101;220;2;2,00
1450;3626;27;;3;2,00
1451;3627;24;;3;3,00
1451;3628;78;;3;2,00
1452;3629;78;;3;2,00
1452;3630;6;62;3;7,00
1452;3631;61;;3;8,00
1453;3632;65;;4;4,50
1453;3633;121;;9;4,00
1454;3634;1;;8;2,00
1454;3635;58;135;4;8,00
1454;3636;115;;3;4,50
1455;3637;126;;6;4,00
1455;3638;57;;6;8,00
1456;3639;71;;3;4,00
1456;3640;3;114;3;5,00
1456;3641;62;;4;4,00
1457;3642;80;;3;4,00
1457;3643;13;;11;4,50
1458;3644;34;;3;0,75
1458;3645;95;;6;2,00
1458;3646;29;;3;1,50
1459;3647;54;;6;5,00
1459;3648;116;;3;3,00
1460;3649;17;;4;3,50
1460;3650;80;;8;4,00
1460;3651;16;;3;3,00
1461;3652;48;;3;4,50
1461;3653;112;;3;4,00
1462;3654;20;;3;8,00
1462;3655;85;;10;1,00
1462;3656;23;;4;3,00
1463;3657;62;;6;4,00
1463;3658;1;;2;2,00
1464;3659;43;;3;2,30
1464;3660;110;;3;0,50
1464;3661;50;;3;5,60
1465;3662;96;;3;8,00
1465;3663;37;;3;0,50
1466;3664;86;;4;0,50
1466;3665;28;;4;2,00
1466;3666;97;;3;9,00
1467;3667;23;;3;3,00
1467;3668;93;;3;2,30
1468;3669;22;;3;2,00
1468;3670;93;;3;2,30
1468;3671;37;;8;0,50
1469;3672;97;;3;9,00
1469;3673;42;;6;2,40
1470;3674;105;;3;5,00
1470;3675;51;;6;2,00
1470;3676;124;;3;3,00
1471;3677;64;;8;4,50
1471;3678;11;;6;8,00
1472;3679;81;;3;2,00
1472;3680;29;;8;1,50
1472;3681;104;;3;5,00
1473;3682;51;;6;2,00
1473;3683;1;;3;2,00
1474;3684;77;;3;2,00
1474;3685;27;;6;2,00
1474;3686;104;;4;5,00
1475;3687;58;;6;8,00
1475;3688;9;;3;3,00
1476;3689;93;;3;2,30
1476;3690;45;;3;2,00
1476;3691;124;;3;3,00
1477;3692;85;;8;1,00
1477;3693;38;;6;0,50
1478;3694;2;;4;4,00
1478;3695;83;;2;0,80
1478;3696;37;;3;0,50
1479;3697;5;;3;5,00
1479;3698;87;;6;0,50
1480;3699;58;;3;8,00
1480;3700;14;;8;4,50
1480;3701;97;;8;9,00
1481;3702;72;;3;2,00
1481;3703;29;;7;1,50
1482;3704;7;;3;8,00
1482;3705;92;;3;2,40
1482;3706;50;;3;5,60
1483;3707;32;;4;5,00
1483;3708;118;;3;6,00
1484;3709;103;;8;5,00
1484;3710;63;;3;4,50
1484;3711;23;;3;3,00
1485;3712;12;;3;4,00
1485;3713;100;;3;5,60
1486;3714;92;;3;2,40
1486;3715;54;;3;5,00
1486;3716;16;;8;3,00
1487;3717;12;;3;4,00
1487;3718;102;;3;4,00
1488;3719;101;;3;2,00
1488;3720;65;;3;4,50
1488;3721;29;;3;1,50
1489;3722;32;;4;5,00
1489;3723;124;;3;3,00
1490;3724;3;;3;5,00
1490;3725;96;;3;8,00
1490;3726;62;;3;4,00
1491;3727;72;;3;2,00
1491;3728;39;;3;0,80
1492;3729;52;;3;4,00
1492;3730;20;;8;8,00
1492;3731;115;;8;4,50
1493;3732;5;;3;5,00
1493;3733;101;;1;2,00
1494;3734;121;;3;4,00
1494;3735;91;;6;1,20
1494;3736;61;;3;8,00
1495;3737;85;;11;1,00
1495;3738;56;;3;7,00
1496;3739;83;;4;0,80
1496;3740;55;;4;5,00
1496;3741;27;;3;2,00
1497;3742;58;;3;8,00
1497;3743;31;;9;2,00
1498;3744;65;;3;4,50
1498;3745;39;862;6;0,80
1498;3746;13;;8;4,50
1499;3747;51;;3;2,00
1499;3748;26;;4;4,00
1500;3749;67;;3;3,50
1500;3750;43;;3;2,30
1500;3751;19;;3;2,00
1501;3752;64;;8;4,50
1501;3753;41;;9;1,20
1502;3754;89;;4;0,80
1502;3755;67;;10;3,50
1502;3756;45;;3;2,00
1503;3757;97;;3;9,00
1503;3758;76;;3;4,00
1504;3759;4;;3;5,00
1504;3760;111;;3;8,00
1504;3761;91;;8;1,20
1505;3762;23;;6;3,00
1505;3763;4;;8;5,00
1506;3764;66;;3;3,00
1506;3765;48;;3;4,50
1506;3766;30;;3;4,00
1507;3767;96;;3;8,00
1507;3768;79;;3;1,50
1508;3769;21;;3;4,00
1508;3770;5;;8;5,00
1508;3771;116;;3;3,00
1509;3772;62;;3;4,00
1509;3773;47;;3;9,00
1510;3774;123;;3;3,00
1510;3775;109;;10;3,00
1510;3776;95;;4;2,00
1511;3777;48;;3;4,50
1511;3778;35;;10;1,00
1512;3779;118;;3;6,00
1512;3780;106;;3;7,00
1512;3781;94;;3;4,00
1513;3782;54;;3;5,00
1513;3783;43;;9;2,30
1514;3784;6;;3;7,00
1514;3785;123;;6;3,00
1514;3786;113;;3;4,50
1515;3787;80;;3;4,00
1515;3788;71;;3;4,00
1516;3789;41;;3;1,20
1516;3790;33;;3;0,80
1516;3791;25;;8;7,00
1517;3792;126;;3;4,00
1517;3793;119;;7;2,00
1518;3794;96;;3;8,00
1518;3795;90;;3;1,00
1518;3796;84;;3;0,75
1519;3797;65;;7;4,50
1519;3798;60;;3;0,50
1520;3799;44;;4;4,00
1520;3800;40;;4;1,00
1520;3801;36;;3;0,50
1521;3802;24;;3;3,00
1521;3803;21;;3;4,00
1522;3804;12;;3;4,00
1522;3805;10;;4;0,50
1522;3806;8;;4;8,00
1523;3807;3;;3;5,00
1523;3808;2;;4;4,00
1524;3809;1;;3;2,00
1524;3810;1;;3;2,00
1524;3811;1;;3;2,00
1525;3812;2;;4;4,00
1525;3813;3;;3;5,00
1526;3814;8;;4;8,00
1526;3815;10;;4;0,50
1526;3816;12;;3;4,00
1527;3817;21;;3;4,00
1527;3818;24;;3;3,00
1528;3819;36;;3;0,50
1528;3820;40;;4;1,00
1528;3821;44;;4;4,00
1529;3822;60;;3;0,50
1529;3823;65;;7;4,50
1530;3824;84;;3;0,75
1530;3825;90;;3;1,00
1530;3826;96;;3;8,00
1531;3827;119;;7;2,00
1531;3828;126;;3;4,00
1532;3829;25;;8;7,00
1532;3830;33;;3;0,80
1532;3831;41;;3;1,20
1533;3832;71;;3;4,00
1533;3833;80;;3;4,00
1534;3834;113;;3;4,50
1534;3835;123;;6;3,00
1534;3836;6;;3;7,00
1535;3837;43;;9;2,30
1535;3838;54;;3;5,00
1536;3839;94;;3;4,00
1536;3840;106;;3;7,00
1536;3841;118;;3;6,00
1537;3842;35;;10;1,00
1537;3843;48;;3;4,50
1;1;1;;1;2,00
1;2;2;;4;4,00
1;3;3;;9;5,00
2;4;8;;4;8,00
2;5;10;1;4;0,50
2;6;12;;3;4,00
3;7;21;;9;4,00
3;8;24;;3;3,00
4;9;36;;3;0,50
4;10;40;;4;1,00
4;11;44;;4;4,00
5;12;60;;3;0,50
5;13;65;;1;4,50
6;14;84;;3;0,75
6;15;90;631;3;1,00
6;16;96;;3;8,00
7;17;119;;1;2,00
7;18;126;;3;4,00
8;19;25;;8;7,00
8;20;33;494;3;0,80
8;21;41;;3;1,20
9;22;71;;6;4,00
9;23;80;;3;4,00
10;24;113;;3;4,50
10;25;123;;6;3,00
10;26;6;;3;7,00
11;27;43;;3;2,30
11;28;54;;3;5,00
12;29;94;;3;4,00
12;30;106;422;3;7,00
12;31;118;;3;6,00
13;32;35;;4;1,00
13;33;48;;3;4,50
14;34;95;;4;2,00
14;35;109;287;10;3,00
14;36;123;;3;3,00
15;37;47;;9;9,00
15;38;62;;3;4,00
16;39;116;;3;3,00
16;40;5;;8;5,00
16;41;21;;3;4,00
17;42;79;;6;1,50
17;43;96;;3;8,00
18;44;30;;3;4,00
18;45;48;589;3;4,50
18;46;66;;3;3,00
19;47;4;;8;5,00
19;48;23;;3;3,00
20;49;91;;8;1,20
20;50;111;263;3;8,00
20;51;4;;3;5,00
21;52;76;;3;4,00
21;53;97;;9;9,00
22;54;45;;3;2,00
22;55;67;;10;3,50
22;56;89;;4;0,80
23;57;41;;3;1,20
23;58;64;;8;4,50
24;59;19;;3;2,00
24;60;43;321;3;2,30
24;61;67;;3;3,50
25;62;26;;4;4,00
25;63;51;;9;2,00
26;64;13;;8;4,50
26;65;39;43;6;0,80
26;66;65;;3;4,50
27;67;31;;3;2,00
27;68;58;;3;8,00
28;69;27;;3;2,00
28;70;55;;4;5,00
28;71;83;;4;0,80
29;72;56;;3;7,00
29;73;85;;5;1,00
30;74;61;;3;8,00
30;75;91;112;6;1,20
30;76;121;;3;4,00
31;77;101;;7;2,00
31;78;5;;6;5,00
32;79;115;;8;4,50
32;80;20;392;8;8,00
32;81;52;;3;4,00
33;82;39;;6;0,80
33;83;72;;3;2,00
34;84;62;;3;4,00
34;85;96;;3;8,00
34;86;3;;3;5,00
35;87;124;;3;3,00
35;88;32;;4;5,00
36;89;29;;3;1,50
36;90;65;576;3;4,50
36;91;101;;3;2,00
37;92;102;;3;4,00
37;93;12;;3;4,00
38;94;16;;8;3,00
38;95;54;173;3;5,00
38;96;92;;3;2,40
39;97;100;;3;5,60
39;98;12;;3;4,00
40;99;23;;3;3,00
40;100;63;;3;4,50
40;101;103;;8;5,00
41;102;118;;3;6,00
41;103;32;;4;5,00
42;104;50;;3;5,60
42;105;92;644;3;2,40
42;106;7;;3;8,00
43;107;29;;1;1,50
43;108;72;;3;2,00
44;109;97;;8;9,00
44;110;14;50;8;4,50
44;111;58;;3;8,00
45;112;87;;3;0,50
45;113;5;;9;5,00
46;114;37;;3;0,50
46;115;83;;2;0,80
46;116;2;;4;4,00
47;117;38;;6;0,50
47;118;85;;2;1,00
48;119;124;;3;3,00
48;120;45;396;3;2,00
48;121;93;;3;2,30
49;122;9;;6;3,00
49;123;58;;6;8,00
50;124;104;;4;5,00
50;125;27;36;6;2,00
50;126;77;;3;2,00
51;127;1;;9;2,00
51;128;51;;3;2,00
52;129;104;;3;5,00
52;130;29;;8;1,50
52;131;81;;3;2,00
53;132;11;;3;8,00
53;133;64;;8;4,50
54;134;124;;3;3,00
54;135;51;447;6;2,00
54;136;105;;3;5,00
55;137;42;;6;2,40
55;138;97;;6;9,00
56;139;37;;8;0,50
56;140;93;234;3;2,30
56;141;22;;3;2,00
57;142;93;;6;2,30
57;143;23;;9;3,00
58;144;97;;3;9,00
58;145;28;;4;2,00
58;146;86;;4;0,50
59;147;37;;9;0,50
59;148;96;;3;8,00
60;149;50;;3;5,60
60;150;110;259;3;0,50
60;151;43;;3;2,30
61;152;1;;8;2,00
61;153;62;;6;4,00
62;154;23;;4;3,00
62;155;85;104;10;1,00
62;156;20;;3;8,00
63;157;112;;3;4,00
63;158;48;;3;4,50
64;159;16;;3;3,00
64;160;80;;8;4,00
64;161;17;;4;3,50
65;162;116;;3;3,00
65;163;54;;6;5,00
66;164;29;;3;1,50
66;165;95;308;6;2,00
66;166;34;;3;0,75
67;167;13;;5;4,50
67;168;80;;3;4,00
68;169;62;;4;4,00
68;170;3;125;3;5,00
68;171;71;;3;4,00
69;172;57;;3;8,00
69;173;126;;6;4,00
70;174;115;;3;4,50
70;175;58;;4;8,00
70;176;1;;8;2,00
71;177;121;;3;4,00
71;178;65;;10;4,50
72;179;61;;3;8,00
72;180;6;577;3;7,00
72;181;78;;3;2,00
73;182;78;;3;2,00
73;183;24;;3;3,00
74;184;27;;3;2,00
74;185;101;85;2;2,00
74;186;48;;3;4,50
75;187;55;;3;5,00
75;188;3;;3;5,00
76;189;13;;3;4,50
76;190;89;;8;0,80
76;191;38;;4;0,50
77;192;52;;3;4,00
77;193;2;;10;4,00
78;194;19;;3;2,00
78;195;97;564;6;9,00
78;196;48;;3;4,50
79;197;69;;3;2,00
79;198;21;;6;4,00
80;199;45;;3;2,00
80;200;125;27;8;7,00
80;201;78;;3;2,00
81;202;106;;3;7,00
81;203;60;;3;0,50
82;204;91;;3;1,20
82;205;46;;4;8,00
82;206;1;;8;2,00
83;207;36;;3;0,50
83;208;119;;4;2,00
84;209;30;;3;4,00
84;210;114;251;3;4,50
84;211;71;;3;4,00
85;212;113;;4;4,50
85;213;71;;3;4,00
86;214;116;;4;3,00
86;215;75;199;6;7,00
86;216;34;;3;0,75
87;217;83;;9;0,80
87;218;43;;6;2,30
88;219;95;;3;2,00
88;220;56;;8;7,00
88;221;17;;4;3,50
89;222;73;;6;3,00
89;223;35;;1;1,00
90;224;94;;3;4,00
90;225;57;276;6;8,00
90;226;20;;3;8,00
91;227;83;;7;0,80
91;228;47;;3;9,00
92;229;113;;4;4,50
92;230;78;453;3;2,00
92;231;43;;3;2,30
93;232;113;;3;4,50
93;233;79;;3;1,50
94;234;25;;3;7,00
94;235;119;;2;2,00
94;236;86;;4;0,50
95;237;36;;3;0,50
95;238;4;;8;5,00
96;239;84;;3;0,75
96;240;53;483;3;5,00
96;241;22;;3;2,00
97;242;106;;8;7,00
97;243;76;;3;4,00
98;244;36;;3;0,50
98;245;7;13;10;8,00
98;246;105;;3;5,00
100;249;8;;3;8,00
100;250;108;;3;8,00
100;251;81;;3;2,00
101;252;52;;3;4,00
101;253;26;;10;4,00
102;254;1;;3;2,00
102;255;102;285;3;4,00
102;256;77;;3;2,00
103;257;55;;5;5,00
103;258;31;;6;2,00
104;259;12;;3;4,00
104;260;116;130;8;3,00
104;261;93;;3;2,30
105;262;78;;3;2,00
105;263;56;;3;7,00
106;264;44;;3;4,00
106;265;23;;2;3,00
106;266;2;;4;4,00
107;267;121;;9;4,00
107;268;101;;4;2,00
108;269;96;;3;8,00
108;270;77;636;3;2,00
108;271;58;;3;8,00
109;272;57;;3;8,00
109;273;39;;3;0,80
110;274;41;;4;1,20
110;275;24;384;3;3,00
110;276;7;;3;8,00
111;277;13;;3;4,50
111;278;124;;3;3,00
112;279;6;;3;7,00
112;280;118;;4;6,00
112;281;103;;8;5,00
113;282;116;;3;3,00
113;283;102;;6;4,00
114;284;118;;3;6,00
114;285;105;376;6;5,00
114;286;92;;3;2,40
115;287;112;;8;4,00
115;288;100;;3;5,60
116;289;123;;3;3,00
116;290;112;69;4;4,00
116;291;101;;3;2,00
117;292;1;;3;2,00
117;293;118;;6;6,00
118;294;21;;3;4,00
118;295;12;;3;4,00
118;296;3;;3;5,00
119;297;37;;3;0,50
119;298;29;;10;1,50
120;299;66;;3;3,00
120;300;59;528;3;3,00
120;301;52;;3;4,00
121;302;93;;6;2,30
121;303;87;;9;0,50
122;304;4;;8;5,00
122;305;126;191;3;4,00
122;306;121;;3;4,00
123;307;42;;6;2,40
123;308;38;;3;0,50
124;309;89;;3;0,80
124;310;86;;8;0,50
124;311;83;;4;0,80
125;312;11;;3;8,00
125;313;9;;9;3,00
126;314;67;;3;3,50
126;315;66;718;3;3,00
126;316;65;;3;4,50
127;317;1;;11;2,00
127;318;1;;6;2,00
128;319;65;;4;4,50
128;320;66;109;3;3,00
128;321;67;;3;3,50
129;322;9;;6;3,00
129;323;11;;9;8,00
130;324;83;;3;0,80
130;325;86;;8;0,50
130;326;89;;4;0,80
131;327;38;;6;0,50
131;328;42;;3;2,40
132;329;121;;3;4,00
132;330;126;705;3;4,00
132;331;4;;3;5,00
133;332;87;;3;0,50
133;333;93;;9;2,30
134;334;52;;8;4,00
134;335;59;48;2;3,00
134;336;66;;3;3,00
135;337;29;;3;1,50
135;338;37;;6;0,50
136;339;3;;3;5,00
136;340;12;;3;4,00
136;341;21;;3;4,00
137;342;118;;3;6,00
137;343;1;;11;2,00
138;344;101;;3;2,00
138;345;112;368;3;4,00
138;346;123;;3;3,00
139;347;100;;8;5,60
139;348;112;;3;4,00
140;349;92;;4;2,40
140;350;105;6;3;5,00
140;351;118;;3;6,00
141;352;102;;3;4,00
141;353;116;;3;3,00
142;354;103;;3;5,00
142;355;118;;4;6,00
142;356;6;;3;7,00
143;357;124;;3;3,00
143;358;13;;2;4,50
144;359;7;;3;8,00
144;360;24;326;3;3,00
144;361;41;;3;1,20
145;362;39;;6;0,80
145;363;57;;3;8,00
146;364;58;;8;8,00
146;365;77;507;2;2,00
146;366;96;;3;8,00
147;367;101;;9;2,00
147;368;121;;3;4,00
148;369;2;;3;4,00
148;370;23;;8;3,00
148;371;44;;4;4,00
149;372;56;;3;7,00
149;373;78;;6;2,00
150;374;93;;3;2,30
150;375;116;358;3;3,00
150;376;12;;3;4,00
151;377;31;;5;2,00
151;378;55;;6;5,00
152;379;77;;4;2,00
152;380;102;19;3;4,00
152;381;1;;3;2,00
153;382;26;;3;4,00
153;383;52;;3;4,00
154;384;81;;3;2,00
154;385;108;;3;8,00
154;386;8;;4;8,00
155;387;41;;9;1,20
155;388;69;;3;2,00
156;389;105;;3;5,00
156;390;7;401;3;8,00
156;391;36;;3;0,50
157;392;76;;8;4,00
157;393;106;;6;7,00
158;394;22;;8;2,00
158;395;53;170;2;5,00
158;396;84;;3;0,75
159;397;4;;3;5,00
159;398;36;;3;0,50
160;399;86;;3;0,50
160;400;119;;8;2,00
160;401;25;;8;7,00
161;402;79;;6;1,50
161;403;113;;7;4,50
162;404;43;;3;2,30
162;405;78;290;3;2,00
162;406;113;;3;4,50
163;407;47;;7;9,00
163;408;83;;3;0,80
164;409;20;;4;8,00
164;410;57;90;3;8,00
164;411;94;;3;4,00
165;412;35;;3;1,00
165;413;73;;9;3,00
166;414;17;;3;3,50
166;415;56;;8;7,00
166;416;95;;4;2,00
167;417;43;;9;2,30
167;418;83;;10;0,80
168;419;34;;3;0,75
168;420;75;650;3;7,00
168;421;116;;3;3,00
169;422;71;;10;4,00
169;423;113;;3;4,50
170;424;71;;4;4,00
170;425;114;78;3;4,50
170;426;30;;3;4,00
171;427;119;;3;2,00
171;428;36;;3;0,50
172;429;1;;3;2,00
172;430;46;;4;8,00
172;431;91;;8;1,20
173;432;60;;3;0,50
173;433;106;;2;7,00
174;434;78;;3;2,00
174;435;125;323;6;7,00
174;436;45;;3;2,00
175;437;21;;3;4,00
175;438;69;;6;2,00
176;439;48;;3;4,50
176;440;97;265;4;9,00
176;441;19;;3;2,00
177;442;2;;3;4,00
177;443;52;;3;4,00
178;444;38;;3;0,50
178;445;89;;2;0,80
178;446;13;;8;4,50
179;447;3;;3;5,00
179;448;55;;8;5,00
180;449;48;;3;4,50
180;450;101;520;3;2,00
180;451;27;;3;2,00
181;452;24;;3;3,00
181;453;78;;6;2,00
182;454;78;;3;2,00
182;455;6;342;3;7,00
182;456;61;;3;8,00
183;457;65;;3;4,50
183;458;121;;6;4,00
184;459;1;;3;2,00
184;460;58;;4;8,00
184;461;115;;8;4,50
185;462;126;;3;4,00
185;463;57;;3;8,00
186;464;71;;3;4,00
186;465;3;552;6;5,00
186;466;62;;3;4,00
187;467;80;;4;4,00
187;468;13;;3;4,50
188;469;34;;8;0,75
188;470;95;66;8;2,00
188;471;29;;3;1,50
189;472;54;;3;5,00
189;473;116;;3;3,00
190;474;17;;3;3,50
190;475;80;;8;4,00
190;476;16;;8;3,00
191;477;48;;3;4,50
191;478;112;;8;4,00
192;479;20;;3;8,00
192;480;85;138;3;1,00
192;481;23;;3;3,00
193;482;62;;4;4,00
193;483;1;;3;2,00
194;484;43;;8;2,30
194;485;110;421;8;0,50
194;486;50;;3;5,60
195;487;96;;3;8,00
195;488;37;;3;0,50
196;489;86;;3;0,50
196;490;28;;4;2,00
196;491;97;;8;9,00
197;492;23;;3;3,00
197;493;93;;9;2,30
198;494;22;;3;2,00
198;495;93;156;6;2,30
198;496;37;;3;0,50
199;497;97;;11;9,00
199;498;42;;3;2,40
200;499;105;;3;5,00
200;500;51;445;3;2,00
200;501;124;;3;3,00
201;502;64;;3;4,50
201;503;11;;9;8,00
202;504;81;;3;2,00
202;505;29;;2;1,50
202;506;104;;4;5,00
203;507;51;;3;2,00
203;508;1;;8;2,00
204;509;77;;3;2,00
204;510;27;570;3;2,00
204;511;104;;3;5,00
205;512;58;;8;8,00
205;513;9;;9;3,00
206;514;93;;3;2,30
206;515;45;39;6;2,00
206;516;124;;3;3,00
207;517;85;;3;1,00
207;518;38;;3;0,50
208;519;2;;3;4,00
208;520;83;;8;0,80
208;521;37;;8;0,50
209;522;5;;6;5,00
209;523;87;;9;0,50
210;524;58;;3;8,00
210;525;14;529;3;4,50
210;526;97;;3;9,00
211;527;72;;3;2,00
211;528;29;;3;1,50
212;529;7;;8;8,00
212;530;92;58;8;2,40
212;531;50;;3;5,60
213;532;32;;3;5,00
213;533;118;;6;6,00
214;534;103;;3;5,00
214;535;63;;6;4,50
214;536;23;;4;3,00
215;537;12;;3;4,00
215;538;100;;8;5,60
216;539;92;;3;2,40
216;540;54;365;3;5,00
216;541;16;;3;3,00
217;542;12;;3;4,00
217;543;102;;6;4,00
218;544;101;;4;2,00
218;545;65;53;2;4,50
218;546;29;;3;1,50
219;547;32;;3;5,00
219;548;124;;3;3,00
221;552;72;;3;2,00
221;553;39;;3;0,80
222;554;52;;3;4,00
222;555;20;306;3;8,00
222;556;115;;3;4,50
223;557;5;;7;5,00
223;558;101;;6;2,00
224;559;121;;8;4,00
224;560;91;150;4;1,20
224;561;61;;3;8,00
225;562;85;;6;1,00
225;563;56;;3;7,00
226;564;83;;3;0,80
226;565;55;;10;5,00
226;566;27;;3;2,00
227;567;58;;6;8,00
227;568;31;;8;2,00
228;569;65;;3;4,50
228;570;39;592;3;0,80
228;571;13;;3;4,50
229;572;51;;3;2,00
229;573;26;;6;4,00
230;574;67;;8;3,50
230;575;43;203;10;2,30
230;576;19;;3;2,00
231;577;64;;3;4,50
231;578;41;;6;1,20
232;579;89;;3;0,80
232;580;67;;4;3,50
232;581;45;;3;2,00
233;582;97;;6;9,00
233;583;76;;8;4,00
234;584;4;;3;5,00
234;585;111;476;6;8,00
234;586;91;;3;1,20
235;587;23;;7;3,00
235;588;4;;3;5,00
236;589;66;;3;3,00
236;590;48;24;3;4,50
236;591;30;;3;4,00
237;592;96;;3;8,00
237;593;79;;3;1,50
238;594;21;;3;4,00
238;595;5;;2;5,00
238;596;116;;4;3,00
239;597;62;;6;4,00
239;598;47;;10;9,00
240;599;123;;3;3,00
240;600;109;654;3;3,00
240;601;95;;3;2,00
241;602;48;;3;4,50
241;603;35;;9;1,00
242;604;118;;8;6,00
242;605;106;21;4;7,00
242;606;94;;3;4,00
243;607;54;;6;5,00
243;608;43;;3;2,30
244;609;6;;3;7,00
244;610;123;;3;3,00
244;611;113;;4;4,50
245;612;80;;3;4,00
245;613;71;;7;4,00
246;614;41;;3;1,20
246;615;33;74;6;0,80
246;616;25;;3;7,00
247;617;126;;6;4,00
247;618;119;;6;2,00
248;619;96;;3;8,00
248;620;90;175;3;1,00
248;621;84;;3;0,75
249;622;65;;6;4,50
249;623;60;;3;0,50
250;624;44;;3;4,00
250;625;40;;4;1,00
250;626;36;;3;0,50
251;627;24;;3;3,00
251;628;21;;3;4,00
252;629;12;;3;4,00
252;630;10;360;3;0,50
252;631;8;;3;8,00
253;632;3;;3;5,00
253;633;2;;6;4,00
254;634;1;;8;2,00
254;635;1;101;10;2,00
254;636;1;;3;2,00
255;637;2;;6;4,00
255;638;3;;6;5,00
256;639;8;;3;8,00
256;640;10;;4;0,50
256;641;12;;3;4,00
257;642;21;;6;4,00
257;643;24;;3;3,00
258;644;36;;3;0,50
258;645;40;622;3;1,00
258;646;44;;3;4,00
259;647;60;;3;0,50
259;648;65;;3;4,50
260;649;84;;3;0,75
260;650;90;2;3;1,00
260;651;96;;3;8,00
261;652;119;;3;2,00
261;653;126;;6;4,00
262;654;25;;3;7,00
262;655;33;;6;0,80
262;656;41;;4;1,20
263;657;71;;9;4,00
263;658;80;;4;4,00
264;659;113;;3;4,50
264;660;123;224;3;3,00
264;661;6;;3;7,00
265;662;43;;2;2,30
265;663;54;;6;5,00
266;664;94;;8;4,00
266;665;106;81;4;7,00
266;666;118;;3;6,00
267;667;35;;3;1,00
267;668;48;;3;4,50
268;669;95;;3;2,00
268;670;109;;4;3,00
268;671;123;;3;3,00
269;672;47;;3;9,00
269;673;62;;10;4,00
270;674;116;;3;3,00
270;675;5;221;6;5,00
270;676;21;;3;4,00
271;677;79;;5;1,50
271;678;96;;3;8,00
272;679;30;;3;4,00
272;680;48;208;3;4,50
272;681;66;;3;3,00
273;682;4;;3;5,00
273;683;23;;9;3,00
274;684;91;;3;1,20
274;685;111;;6;8,00
274;686;4;;8;5,00
275;687;76;;3;4,00
275;688;97;;8;9,00
276;689;45;;3;2,00
276;690;67;596;3;3,50
276;691;89;;3;0,80
277;692;41;;4;1,20
277;693;64;;3;4,50
278;694;19;;8;2,00
278;695;43;113;10;2,30
278;696;67;;3;3,50
279;697;26;;6;4,00
279;698;51;;6;2,00
280;699;13;;3;4,50
280;700;39;;3;0,80
280;701;65;;4;4,50
281;702;31;;6;2,00
281;703;58;;2;8,00
282;704;27;;3;2,00
282;705;55;373;6;5,00
282;706;83;;3;0,80
283;707;56;;4;7,00
283;708;85;;3;1,00
284;709;61;;8;8,00
284;710;91;264;4;1,20
284;711;121;;3;4,00
285;712;101;;3;2,00
285;713;5;;9;5,00
286;714;115;;3;4,50
286;715;20;;8;8,00
286;716;52;;8;4,00
287;717;39;;9;0,80
287;718;72;;3;2,00
288;719;62;;3;4,00
288;720;96;694;3;8,00
288;721;3;;3;5,00
289;722;124;;8;3,00
289;723;32;;3;5,00
290;724;29;;4;1,50
290;725;65;80;2;4,50
290;726;101;;3;2,00
291;727;102;;6;4,00
291;728;12;;3;4,00
292;729;16;;3;3,00
292;730;54;;3;5,00
292;731;92;;4;2,40
293;732;100;;3;5,60
293;733;12;;3;4,00
294;734;23;;3;3,00
294;735;63;386;6;4,50
294;736;103;;3;5,00
295;737;118;;2;6,00
295;738;32;;3;5,00
296;739;50;;4;5,60
296;740;92;37;8;2,40
296;741;7;;3;8,00
297;742;29;;6;1,50
297;743;72;;3;2,00
298;744;97;;3;9,00
298;745;14;;8;4,50
298;746;58;;8;8,00
299;747;87;;3;0,50
299;748;5;;4;5,00
300;749;37;;3;0,50
300;750;83;408;3;0,80
300;751;2;;3;4,00
301;752;38;;4;0,50
301;753;85;;9;1,00
302;754;124;;8;3,00
302;755;45;253;6;2,00
302;756;93;;3;2,30
303;757;9;;3;3,00
303;758;58;;3;8,00
304;759;104;;3;5,00
304;760;27;;3;2,00
304;761;77;;4;2,00
305;762;1;;6;2,00
305;763;51;;9;2,00
306;764;104;;3;5,00
306;765;29;351;6;1,50
306;766;81;;3;2,00
307;767;11;;7;8,00
307;768;64;;3;4,50
308;769;124;;8;3,00
308;770;51;584;3;2,00
308;771;105;;3;5,00
309;772;42;;3;2,40
309;773;97;;9;9,00
310;774;37;;3;0,50
310;775;93;;6;2,30
310;776;22;;8;2,00
311;777;93;;3;2,30
311;778;23;;10;3,00
312;779;97;;3;9,00
312;780;28;455;3;2,00
312;781;86;;3;0,50
313;782;37;;2;0,50
313;783;96;;3;8,00
314;784;50;;4;5,60
314;785;110;8;8;0,50
314;786;43;;3;2,30
315;787;1;;9;2,00
315;788;62;;3;4,00
316;789;23;;3;3,00
316;790;85;;4;1,00
316;791;20;;4;8,00
317;792;112;;3;4,00
317;793;48;;3;4,50
318;794;16;;3;3,00
318;795;80;271;3;4,00
318;796;17;;3;3,50
319;797;116;;4;3,00
319;798;54;;3;5,00
320;799;29;;4;1,50
320;800;95;136;8;2,00
320;801;34;;3;0,75
321;802;13;;6;4,50
321;803;80;;3;4,00
322;804;62;;3;4,00
322;805;3;;6;5,00
322;806;71;;4;4,00
323;807;57;;9;8,00
323;808;126;;3;4,00
324;809;115;;3;4,50
324;810;58;461;3;8,00
324;811;1;;3;2,00
325;812;121;;8;4,00
325;813;65;;9;4,50
326;814;61;;8;8,00
326;815;6;29;3;7,00
326;816;78;;3;2,00
327;817;78;;6;2,00
327;818;24;;3;3,00
328;819;27;;3;2,00
328;820;101;;8;2,00
328;821;48;;3;4,50
329;822;55;;6;5,00
329;823;3;;9;5,00
330;824;13;;3;4,50
330;825;89;525;6;0,80
330;826;38;;3;0,50
331;827;52;;8;4,00
331;828;2;;3;4,00
332;829;19;;8;2,00
332;830;97;119;4;9,00
332;831;48;;3;4,50
333;832;69;;3;2,00
333;833;21;;9;4,00
334;834;45;;3;2,00
334;835;125;;2;7,00
334;836;78;;3;2,00
335;837;106;;6;7,00
335;838;60;;3;0,50
336;839;91;;3;1,20
336;840;46;334;3;8,00
336;841;1;;3;2,00
337;842;36;;3;0,50
337;843;119;;9;2,00
338;844;30;;3;4,00
338;845;114;531;3;4,50
338;846;71;;3;4,00
339;847;113;;9;4,50
339;848;71;;3;4,00
340;849;116;;3;3,00
340;850;75;;3;7,00
340;851;34;;8;0,75
341;852;83;;3;0,80
341;853;43;;11;2,30
342;854;95;;3;2,00
342;855;56;651;3;7,00
342;856;17;;3;3,50
343;857;73;;11;3,00
343;858;35;;6;1,00
344;859;94;;8;4,00
344;860;57;213;3;8,00
344;861;20;;3;8,00
345;862;83;;6;0,80
345;863;47;;9;9,00
346;864;113;;3;4,50
346;865;78;;3;2,00
346;866;43;;8;2,30
347;867;113;;9;4,50
347;868;79;;8;1,50
348;869;25;;3;7,00
348;870;119;630;3;2,00
348;871;86;;3;0,50
349;872;36;;3;0,50
349;873;4;;3;5,00
350;874;84;;3;0,75
350;875;53;10;2;5,00
350;876;22;;3;2,00
351;877;106;;6;7,00
351;878;76;;3;4,00
352;879;36;;3;0,50
352;880;7;;4;8,00
352;881;105;;3;5,00
353;882;69;;6;2,00
353;883;41;;7;1,20
354;884;8;;3;8,00
354;885;108;274;3;8,00
354;886;81;;3;2,00
355;887;52;;8;4,00
355;888;26;;3;4,00
356;889;1;;8;2,00
356;890;102;288;3;4,00
356;891;77;;3;2,00
357;892;55;;3;5,00
357;893;31;;3;2,00
358;894;12;;3;4,00
358;895;116;;8;3,00
358;896;93;;3;2,30
359;897;78;;6;2,00
359;898;56;;4;7,00
360;899;44;;3;4,00
360;900;23;560;3;3,00
360;901;2;;3;4,00
361;902;121;;2;4,00
361;903;101;;3;2,00
362;904;96;;3;8,00
362;905;77;357;2;2,00
362;906;58;;3;8,00
363;907;57;;9;8,00
363;908;39;;3;0,80
364;909;41;;3;1,20
364;910;24;;3;3,00
364;911;7;;8;8,00
365;912;13;;3;4,50
365;913;124;;8;3,00
366;914;6;;3;7,00
366;915;118;643;3;6,00
366;916;103;;3;5,00
367;917;116;;4;3,00
367;918;102;;3;4,00
368;919;118;;8;6,00
368;920;105;121;3;5,00
368;921;92;;3;2,40
369;922;112;;3;4,00
369;923;100;;3;5,60
370;924;123;;3;3,00
370;925;112;;4;4,00
370;926;101;;4;2,00
371;927;1;;9;2,00
371;928;118;;8;6,00
372;929;21;;3;4,00
372;930;12;280;3;4,00
372;931;3;;3;5,00
373;932;37;;8;0,50
373;933;29;;9;1,50
374;934;66;;3;3,00
374;935;59;139;2;3,00
374;936;52;;3;4,00
375;937;93;;3;2,30
375;938;87;;6;0,50
376;939;4;;3;5,00
376;940;126;;3;4,00
376;941;121;;8;4,00
377;942;42;;3;2,40
377;943;38;;10;0,50
378;944;89;;3;0,80
378;945;86;436;3;0,50
378;946;83;;3;0,80
379;947;11;;7;8,00
379;948;9;;3;3,00
380;949;67;;8;3,50
380;950;66;42;3;3,00
380;951;65;;3;4,50
381;952;1;;3;2,00
381;953;1;;9;2,00
382;954;65;;3;4,50
382;955;66;;3;3,00
382;956;67;;8;3,50
383;957;9;;3;3,00
383;958;11;;10;8,00
384;959;83;;3;0,80
384;960;86;499;3;0,50
384;961;89;;3;0,80
385;962;38;;4;0,50
385;963;42;;6;2,40
386;964;121;;8;4,00
386;965;126;178;3;4,00
386;966;4;;3;5,00
387;967;87;;3;0,50
387;968;93;;3;2,30
388;969;52;;3;4,00
388;970;59;;8;3,00
388;971;66;;3;3,00
389;972;29;;3;1,50
389;973;37;;5;0,50
390;974;3;;3;5,00
390;975;12;517;3;4,00
390;976;21;;3;4,00
391;977;118;;2;6,00
391;978;1;;6;2,00
392;979;101;;4;2,00
392;980;112;295;4;4,00
392;981;123;;3;3,00
393;982;100;;3;5,60
393;983;112;;3;4,00
394;984;92;;3;2,40
394;985;105;;6;5,00
394;986;118;;8;6,00
395;987;102;;6;4,00
395;988;116;;4;3,00
396;989;103;;3;5,00
396;990;118;547;3;6,00
396;991;6;;3;7,00
397;992;124;;8;3,00
397;993;13;;9;4,50
398;994;7;;8;8,00
398;995;24;63;3;3,00
398;996;41;;3;1,20
399;997;39;;9;0,80
399;998;57;;6;8,00
400;999;58;;3;8,00
400;1000;77;;8;2,00
400;1001;96;;3;8,00
401;1002;101;;6;2,00
401;1003;121;;11;4,00
402;1004;2;;3;4,00
402;1005;23;687;6;3,00
402;1006;44;;3;4,00
403;1007;56;;4;7,00
403;1008;78;;3;2,00
404;1009;93;;3;2,30
404;1010;116;94;8;3,00
404;1011;12;;3;4,00
405;1012;31;;3;2,00
405;1013;55;;3;5,00
406;1014;77;;3;2,00
406;1015;102;;3;4,00
406;1016;1;;8;2,00
407;1017;26;;6;4,00
407;1018;52;;8;4,00
408;1019;81;;3;2,00
408;1020;108;84;3;8,00
408;1021;8;;3;8,00
409;1022;41;;10;1,20
409;1023;69;;3;2,00
410;1024;105;;3;5,00
410;1025;7;106;10;8,00
410;1026;36;;3;0,50
411;1027;76;;3;4,00
411;1028;106;;3;7,00
412;1029;22;;3;2,00
412;1030;53;;8;5,00
412;1031;84;;3;0,75
413;1032;4;;3;5,00
413;1033;36;;3;0,50
414;1034;86;;3;0,50
414;1035;119;327;6;2,00
414;1036;25;;3;7,00
415;1037;79;;5;1,50
415;1038;113;;6;4,50
416;1039;43;;8;2,30
416;1040;78;153;3;2,00
416;1041;113;;3;4,50
417;1042;47;;6;9,00
417;1043;83;;9;0,80
418;1044;20;;3;8,00
418;1045;57;;6;8,00
418;1046;94;;8;4,00
419;1047;35;;3;1,00
419;1048;73;;8;3,00
420;1049;17;;3;3,50
420;1050;56;646;3;7,00
420;1051;95;;3;2,00
421;1052;43;;8;2,30
421;1053;83;;3;0,80
422;1054;34;;8;0,75
422;1055;75;86;6;7,00
422;1056;116;;3;3,00
423;1057;71;;9;4,00
423;1058;113;;6;4,50
424;1059;71;;3;4,00
424;1060;114;;3;4,50
424;1061;30;;3;4,00
425;1062;119;;6;2,00
425;1063;36;;3;0,50
426;1064;1;;3;2,00
426;1065;46;267;3;8,00
426;1066;91;;3;1,20
427;1067;60;;3;0,50
427;1068;106;;3;7,00
428;1069;78;;3;2,00
428;1070;125;330;8;7,00
428;1071;45;;3;2,00
429;1072;21;;3;4,00
429;1073;69;;9;2,00
430;1074;48;;3;4,50
430;1075;97;;10;9,00
430;1076;19;;8;2,00
431;1077;2;;6;4,00
431;1078;52;;8;4,00
432;1079;38;;3;0,50
432;1080;89;341;3;0,80
432;1081;13;;3;4,50
433;1082;3;;6;5,00
433;1083;55;;9;5,00
434;1084;48;;3;4,50
434;1085;101;179;2;2,00
434;1086;27;;3;2,00
435;1087;24;;3;3,00
435;1088;78;;3;2,00
436;1089;78;;3;2,00
436;1090;6;;3;7,00
436;1091;61;;8;8,00
437;1092;65;;3;4,50
437;1093;121;;5;4,00
438;1094;1;;3;2,00
438;1095;58;393;3;8,00
438;1096;115;;3;4,50
439;1097;126;;6;4,00
439;1098;57;;6;8,00
440;1099;71;;4;4,00
440;1100;3;102;3;5,00
440;1101;62;;3;4,00
441;1102;80;;3;4,00
441;1103;13;;3;4,50
442;1104;34;;3;0,75
442;1105;95;;2;2,00
442;1106;29;;4;1,50
443;1107;54;;6;5,00
443;1108;116;;4;3,00
444;1109;17;;3;3,50
444;1110;80;293;3;4,00
444;1111;16;;3;3,00
445;1112;48;;3;4,50
445;1113;112;;3;4,00
446;1114;20;;4;8,00
446;1115;85;574;10;1,00
446;1116;23;;3;3,00
447;1117;62;;6;4,00
447;1118;1;;6;2,00
448;1119;43;;3;2,30
448;1120;110;;8;0,50
448;1121;50;;4;5,60
449;1122;96;;3;8,00
449;1123;37;;11;0,50
450;1124;86;;3;0,50
450;1125;28;633;3;2,00
450;1126;97;;3;9,00
451;1127;23;;7;3,00
451;1128;93;;3;2,30
452;1129;22;;8;2,00
452;1130;93;180;3;2,30
452;1131;37;;3;0,50
453;1132;97;;3;9,00
453;1133;42;;6;2,40
454;1134;105;;3;5,00
454;1135;51;;6;2,00
454;1136;124;;8;3,00
455;1137;64;;3;4,50
455;1138;11;;10;8,00
456;1139;81;;3;2,00
456;1140;29;597;3;1,50
456;1141;104;;3;5,00
457;1142;51;;6;2,00
457;1143;1;;3;2,00
458;1144;77;;4;2,00
458;1145;27;98;6;2,00
458;1146;104;;3;5,00
459;1147;58;;6;8,00
459;1148;9;;3;3,00
460;1149;93;;3;2,30
460;1150;45;;3;2,00
460;1151;124;;8;3,00
461;1152;85;;3;1,00
461;1153;38;;10;0,50
462;1154;2;;3;4,00
462;1155;83;473;6;0,80
462;1156;37;;3;0,50
463;1157;5;;7;5,00
463;1158;87;;6;0,50
464;1159;58;;8;8,00
464;1160;14;51;8;4,50
464;1161;97;;3;9,00
466;1164;7;;3;8,00
466;1165;92;;8;2,40
466;1166;50;;4;5,60
467;1167;32;;3;5,00
467;1168;118;;8;6,00
468;1169;103;;3;5,00
468;1170;63;407;3;4,50
468;1171;23;;3;3,00
469;1172;12;;3;4,00
469;1173;100;;3;5,60
470;1174;92;;4;2,40
470;1175;54;605;3;5,00
470;1176;16;;3;3,00
471;1177;12;;3;4,00
471;1178;102;;3;4,00
472;1179;101;;3;2,00
472;1180;65;;8;4,50
472;1181;29;;4;1,50
473;1182;32;;3;5,00
473;1183;124;;8;3,00
474;1184;3;;3;5,00
474;1185;96;582;3;8,00
474;1186;62;;3;4,00
475;1187;72;;3;2,00
475;1188;39;;3;0,80
476;1189;52;;8;4,00
476;1190;20;95;8;8,00
476;1191;115;;3;4,50
477;1192;5;;3;5,00
477;1193;101;;9;2,00
478;1194;121;;3;4,00
478;1195;91;;10;1,20
478;1196;61;;8;8,00
479;1197;85;;3;1,00
479;1198;56;;4;7,00
480;1199;83;;3;0,80
480;1200;55;303;3;5,00
480;1201;27;;3;2,00
481;1202;58;;8;8,00
481;1203;31;;9;2,00
482;1204;65;;4;4,50
482;1205;39;76;6;0,80
482;1206;13;;3;4,50
483;1207;51;;3;2,00
483;1208;26;;3;4,00
484;1209;67;;3;3,50
484;1210;43;;4;2,30
484;1211;19;;8;2,00
485;1212;64;;3;4,50
485;1213;41;;1;1,20
486;1214;89;;3;0,80
486;1215;67;451;6;3,50
486;1216;45;;3;2,00
487;1217;97;;11;9,00
487;1218;76;;3;4,00
488;1219;4;;8;5,00
488;1220;111;68;3;8,00
488;1221;91;;3;1,20
489;1222;23;;6;3,00
489;1223;4;;3;5,00
490;1224;66;;3;3,00
490;1225;48;;3;4,50
490;1226;30;;3;4,00
491;1227;96;;3;8,00
491;1228;79;;8;1,50
492;1229;21;;3;4,00
492;1230;5;602;3;5,00
492;1231;116;;3;3,00
493;1232;62;;4;4,00
493;1233;47;;3;9,00
494;1234;123;;3;3,00
494;1235;109;108;10;3,00
494;1236;95;;3;2,00
495;1237;48;;3;4,50
495;1238;35;;6;1,00
496;1239;118;;3;6,00
496;1240;106;;4;7,00
496;1241;94;;8;4,00
497;1242;54;;3;5,00
497;1243;43;;5;2,30
498;1244;6;;3;7,00
498;1245;123;129;6;3,00
498;1246;113;;3;4,50
499;1247;80;;4;4,00
499;1248;71;;3;4,00
500;1249;41;;4;1,20
500;1250;33;369;3;0,80
500;1251;25;;3;7,00
501;1252;126;;3;4,00
501;1253;119;;3;2,00
502;1254;96;;3;8,00
502;1255;90;;3;1,00
502;1256;84;;3;0,75
503;1257;65;;3;4,50
503;1258;60;;3;0,50
504;1259;44;;3;4,00
504;1260;40;648;3;1,00
504;1261;36;;3;0,50
505;1262;24;;3;3,00
505;1263;21;;3;4,00
506;1264;12;;3;4,00
506;1265;10;244;4;0,50
506;1266;8;;3;8,00
507;1267;3;;3;5,00
507;1268;2;;3;4,00
508;1269;1;;3;2,00
508;1270;1;;4;2,00
508;1271;1;;8;2,00
509;1272;2;;3;4,00
509;1273;3;;3;5,00
510;1274;8;;3;8,00
510;1275;10;486;3;0,50
510;1276;12;;3;4,00
511;1277;21;;3;4,00
511;1278;24;;3;3,00
512;1279;36;;3;0,50
512;1280;40;33;4;1,00
512;1281;44;;3;4,00
513;1282;60;;3;0,50
513;1283;65;;3;4,50
514;1284;84;;3;0,75
514;1285;90;;3;1,00
514;1286;96;;3;8,00
515;1287;119;;3;2,00
515;1288;126;;3;4,00
516;1289;25;;3;7,00
516;1290;33;190;3;0,80
516;1291;41;;3;1,20
517;1292;71;;4;4,00
517;1293;80;;3;4,00
518;1294;113;;4;4,50
518;1295;123;410;6;3,00
518;1296;6;;3;7,00
519;1297;43;;9;2,30
519;1298;54;;3;5,00
520;1299;94;;3;4,00
520;1300;106;;4;7,00
520;1301;118;;8;6,00
521;1302;35;;6;1,00
521;1303;48;;3;4,50
522;1304;95;;3;2,00
522;1305;109;427;6;3,00
522;1306;123;;3;3,00
523;1307;47;;7;9,00
523;1308;62;;3;4,00
524;1309;116;;4;3,00
524;1310;5;218;8;5,00
524;1311;21;;3;4,00
525;1312;79;;3;1,50
525;1313;96;;3;8,00
526;1314;30;;3;4,00
526;1315;48;;3;4,50
526;1316;66;;3;3,00
527;1317;4;;3;5,00
527;1318;23;;10;3,00
528;1319;91;;3;1,20
528;1320;111;587;3;8,00
528;1321;4;;3;5,00
529;1322;76;;8;4,00
529;1323;97;;3;9,00
530;1324;45;;3;2,00
530;1325;67;17;10;3,50
530;1326;89;;3;0,80
531;1327;41;;9;1,20
531;1328;64;;3;4,50
532;1329;19;;3;2,00
532;1330;43;;4;2,30
532;1331;67;;8;3,50
533;1332;26;;3;4,00
533;1333;51;;3;2,00
534;1334;13;;3;4,50
534;1335;39;316;6;0,80
534;1336;65;;3;4,50
535;1337;31;;5;2,00
535;1338;58;;3;8,00
536;1339;27;;3;2,00
536;1340;55;14;4;5,00
536;1341;83;;3;0,80
537;1342;56;;3;7,00
537;1343;85;;3;1,00
538;1344;61;;3;8,00
538;1345;91;;10;1,20
538;1346;121;;8;4,00
539;1347;101;;9;2,00
539;1348;5;;4;5,00
540;1349;115;;3;4,50
540;1350;20;298;3;8,00
540;1351;52;;3;4,00
541;1352;39;;3;0,80
541;1353;72;;3;2,00
542;1354;62;;4;4,00
542;1355;96;96;3;8,00
542;1356;3;;3;5,00
543;1357;124;;3;3,00
543;1358;32;;3;5,00
544;1359;29;;3;1,50
544;1360;65;;8;4,50
544;1361;101;;4;2,00
545;1362;102;;3;4,00
545;1363;12;;3;4,00
546;1364;16;;3;3,00
546;1365;54;226;3;5,00
546;1366;92;;3;2,40
547;1367;100;;8;5,60
547;1368;12;;3;4,00
548;1369;23;;4;3,00
548;1370;63;75;3;4,50
548;1371;103;;3;5,00
549;1372;118;;3;6,00
549;1373;32;;3;5,00
550;1374;50;;3;5,60
550;1375;92;;8;2,40
550;1376;7;;8;8,00
551;1377;29;;3;1,50
551;1378;72;;3;2,00
552;1379;97;;3;9,00
552;1380;14;534;3;4,50
552;1381;58;;3;8,00
553;1382;87;;6;0,50
553;1383;5;;3;5,00
554;1384;37;;8;0,50
554;1385;83;233;2;0,80
554;1386;2;;3;4,00
555;1387;38;;6;0,50
555;1388;85;;3;1,00
556;1389;124;;3;3,00
556;1390;45;;3;2,00
556;1391;93;;3;2,30
557;1392;9;;3;3,00
557;1393;58;;2;8,00
558;1394;104;;3;5,00
558;1395;27;493;6;2,00
558;1396;77;;3;2,00
559;1397;1;;11;2,00
559;1398;51;;6;2,00
560;1399;104;;4;5,00
560;1400;29;35;8;1,50
560;1401;81;;3;2,00
561;1402;11;;6;8,00
561;1403;64;;3;4,50
562;1404;124;;3;3,00
562;1405;51;;6;2,00
562;1406;105;;3;5,00
563;1407;42;;6;2,40
563;1408;97;;8;9,00
564;1409;37;;3;0,50
564;1410;93;698;3;2,30
564;1411;22;;3;2,00
565;1412;93;;3;2,30
565;1413;23;;3;3,00
566;1414;97;;8;9,00
566;1415;28;52;4;2,00
566;1416;86;;3;0,50
567;1417;37;;3;0,50
567;1418;96;;3;8,00
568;1419;50;;3;5,60
568;1420;110;;8;0,50
568;1421;43;;8;2,30
569;1422;1;;6;2,00
569;1423;62;;10;4,00
570;1424;23;;3;3,00
570;1425;85;142;6;1,00
570;1426;20;;3;8,00
571;1427;112;;8;4,00
571;1428;48;;3;4,50
572;1429;16;;8;3,00
572;1430;80;359;8;4,00
572;1431;17;;3;3,50
573;1432;116;;3;3,00
573;1433;54;;6;5,00
574;1434;29;;3;1,50
574;1435;95;;2;2,00
574;1436;34;;8;0,75
575;1437;13;;3;4,50
575;1438;80;;4;4,00
576;1439;62;;3;4,00
576;1440;3;660;3;5,00
576;1441;71;;3;4,00
577;1442;57;;6;8,00
577;1443;126;;6;4,00
578;1444;115;;8;4,50
578;1445;58;201;4;8,00
578;1446;1;;3;2,00
579;1447;121;;9;4,00
579;1448;65;;3;4,50
580;1449;61;;3;8,00
580;1450;6;;3;7,00
580;1451;78;;3;2,00
581;1452;78;;3;2,00
581;1453;24;;3;3,00
582;1454;27;;3;2,00
582;1455;101;406;6;2,00
582;1456;48;;3;4,50
583;1457;55;;5;5,00
583;1458;3;;6;5,00
584;1459;13;;8;4,50
584;1460;89;34;8;0,80
584;1461;38;;3;0,50
585;1462;52;;3;4,00
585;1463;2;;6;4,00
586;1464;19;;3;2,00
586;1465;97;;10;9,00
586;1466;48;;3;4,50
587;1467;69;;9;2,00
587;1468;21;;3;4,00
588;1469;45;;3;2,00
588;1470;125;340;3;7,00
588;1471;78;;3;2,00
589;1472;106;;8;7,00
589;1473;60;;3;0,50
590;1474;91;;8;1,20
590;1475;46;258;4;8,00
590;1476;1;;3;2,00
591;1477;36;;3;0,50
591;1478;119;;6;2,00
592;1479;30;;3;4,00
592;1480;114;;3;4,50
592;1481;71;;4;4,00
593;1482;113;;6;4,50
593;1483;71;;1;4,00
594;1484;116;;3;3,00
594;1485;75;371;6;7,00
594;1486;34;;3;0,75
595;1487;83;;7;0,80
595;1488;43;;3;2,30
596;1489;95;;4;2,00
596;1490;56;268;8;7,00
596;1491;17;;3;3,50
597;1492;73;;3;3,00
597;1493;35;;3;1,00
598;1494;94;;3;4,00
598;1495;57;;6;8,00
598;1496;20;;4;8,00
599;1497;83;;9;0,80
599;1498;47;;10;9,00
600;1499;113;;3;4,50
600;1500;78;470;3;2,00
600;1501;43;;3;2,30
601;1502;113;;10;4,50
601;1503;79;;9;1,50
602;1504;25;;8;7,00
602;1505;119;441;2;2,00
602;1506;86;;3;0,50
603;1507;36;;3;0,50
603;1508;4;;3;5,00
604;1509;84;;3;0,75
604;1510;53;279;8;5,00
604;1511;22;;8;2,00
605;1512;106;;3;7,00
605;1513;76;;8;4,00
606;1514;36;;3;0,50
606;1515;7;450;6;8,00
606;1516;105;;3;5,00
607;1517;69;;3;2,00
607;1518;41;;6;1,20
608;1519;8;;4;8,00
608;1520;108;522;3;8,00
608;1521;81;;3;2,00
609;1522;52;;3;4,00
609;1523;26;;6;4,00
610;1524;1;;3;2,00
610;1525;102;97;3;4,00
610;1526;77;;4;2,00
611;1527;55;;3;5,00
611;1528;31;;8;2,00
612;1529;12;;3;4,00
612;1530;116;65;3;3,00
612;1531;93;;3;2,30
613;1532;78;;3;2,00
613;1533;56;;3;7,00
614;1534;44;;4;4,00
614;1535;23;15;2;3,00
614;1536;2;;3;4,00
615;1537;121;;3;4,00
615;1538;101;;6;2,00
616;1539;96;;3;8,00
616;1540;77;379;8;2,00
616;1541;58;;8;8,00
617;1542;57;;6;8,00
617;1543;39;;9;0,80
618;1544;41;;3;1,20
618;1545;24;126;3;3,00
618;1546;7;;3;8,00
619;1547;13;;5;4,50
619;1548;124;;3;3,00
620;1549;6;;3;7,00
620;1550;118;133;4;6,00
620;1551;103;;3;5,00
621;1552;116;;3;3,00
621;1553;102;;6;4,00
622;1554;118;;3;6,00
622;1555;105;649;6;5,00
622;1556;92;;4;2,40
623;1557;112;;3;4,00
623;1558;100;;8;5,60
624;1559;123;;3;3,00
624;1560;112;192;3;4,00
624;1561;101;;3;2,00
625;1562;1;;2;2,00
625;1563;118;;6;6,00
626;1564;21;;3;4,00
626;1565;12;72;3;4,00
626;1566;3;;3;5,00
627;1567;37;;9;0,50
627;1568;29;;3;1,50
628;1569;66;;3;3,00
628;1570;59;202;8;3,00
628;1571;52;;8;4,00
629;1572;93;;3;2,30
629;1573;87;;3;0,50
630;1574;4;;3;5,00
630;1575;126;187;3;4,00
630;1576;121;;3;4,00
631;1577;42;;6;2,40
631;1578;38;;3;0,50
632;1579;89;;4;0,80
632;1580;86;194;8;0,50
632;1581;83;;3;0,80
633;1582;11;;6;8,00
633;1583;9;;3;3,00
634;1584;67;;3;3,50
634;1585;66;5;3;3,00
634;1586;65;;4;4,50
635;1587;1;;9;2,00
635;1588;1;;8;2,00
636;1589;65;;3;4,50
636;1590;66;182;3;3,00
636;1591;67;;3;3,50
637;1592;9;;3;3,00
637;1593;11;;3;8,00
638;1594;83;;4;0,80
638;1595;86;367;8;0,50
638;1596;89;;3;0,80
639;1597;38;;6;0,50
639;1598;42;;3;2,40
640;1599;121;;3;4,00
640;1600;126;57;3;4,00
640;1601;4;;8;5,00
641;1602;87;;6;0,50
641;1603;93;;3;2,30
642;1604;52;;3;4,00
642;1605;59;296;6;3,00
642;1606;66;;3;3,00
643;1607;29;;1;1,50
643;1608;37;;3;0,50
644;1609;3;;3;5,00
644;1610;12;540;3;4,00
644;1611;21;;3;4,00
645;1612;118;;3;6,00
645;1613;1;;9;2,00
646;1614;101;;3;2,00
646;1615;112;385;4;4,00
646;1616;123;;3;3,00
647;1617;100;;3;5,60
647;1618;112;;8;4,00
648;1619;92;;3;2,40
648;1620;105;183;3;5,00
648;1621;118;;3;6,00
649;1622;102;;3;4,00
649;1623;116;;3;3,00
650;1624;103;;8;5,00
650;1625;118;255;4;6,00
650;1626;6;;3;7,00
651;1627;124;;3;3,00
651;1628;13;;3;4,50
652;1629;7;;3;8,00
652;1630;24;116;3;3,00
652;1631;41;;4;1,20
653;1632;39;;3;0,80
653;1633;57;;9;8,00
654;1634;58;;3;8,00
654;1635;77;475;6;2,00
654;1636;96;;3;8,00
655;1637;101;;7;2,00
655;1638;121;;6;4,00
656;1639;2;;4;4,00
656;1640;23;366;8;3,00
656;1641;44;;3;4,00
657;1642;56;;3;7,00
657;1643;78;;6;2,00
658;1644;93;;3;2,30
658;1645;116;434;8;3,00
658;1646;12;;3;4,00
659;1647;31;;3;2,00
659;1648;55;;8;5,00
660;1649;77;;3;2,00
660;1650;102;621;3;4,00
660;1651;1;;3;2,00
661;1652;26;;4;4,00
661;1653;52;;3;4,00
662;1654;81;;3;2,00
662;1655;108;49;3;8,00
662;1656;8;;3;8,00
663;1657;41;;3;1,20
663;1658;69;;6;2,00
664;1659;105;;3;5,00
664;1660;7;420;4;8,00
664;1661;36;;3;0,50
665;1662;76;;3;4,00
665;1663;106;;2;7,00
666;1664;22;;3;2,00
666;1665;53;40;6;5,00
666;1666;84;;3;0,75
667;1667;4;;8;5,00
667;1668;36;;3;0,50
668;1669;86;;4;0,50
668;1670;119;134;8;2,00
668;1671;25;;3;7,00
669;1672;79;;3;1,50
669;1673;113;;9;4,50
670;1674;43;;3;2,30
670;1675;78;20;3;2,00
670;1676;113;;4;4,50
671;1677;47;;9;9,00
671;1678;83;;10;0,80
672;1679;20;;3;8,00
672;1680;57;47;3;8,00
672;1681;94;;3;4,00
673;1682;35;;10;1,00
673;1683;73;;3;3,00
674;1684;17;;4;3,50
674;1685;56;73;8;7,00
674;1686;95;;3;2,00
675;1687;43;;3;2,30
675;1688;83;;3;0,80
676;1689;34;;3;0,75
676;1690;75;243;3;7,00
676;1691;116;;4;3,00
677;1692;71;;3;4,00
677;1693;113;;1;4,50
678;1694;71;;3;4,00
678;1695;114;131;3;4,50
678;1696;30;;3;4,00
679;1697;119;;1;2,00
679;1698;36;;3;0,50
680;1699;1;;8;2,00
680;1700;46;319;4;8,00
680;1701;91;;3;1,20
681;1702;60;;3;0,50
681;1703;106;;6;7,00
682;1704;78;;3;2,00
682;1705;125;91;2;7,00
682;1706;45;;3;2,00
683;1707;21;;9;4,00
683;1708;69;;3;2,00
684;1709;48;;3;4,50
684;1710;97;151;3;9,00
684;1711;19;;3;2,00
685;1712;2;;4;4,00
685;1713;52;;3;4,00
686;1714;38;;4;0,50
686;1715;89;41;2;0,80
686;1716;13;;3;4,50
687;1717;3;;9;5,00
687;1718;55;;6;5,00
688;1719;48;;3;4,50
688;1720;101;168;8;2,00
688;1721;27;;3;2,00
689;1722;24;;3;3,00
689;1723;78;;6;2,00
690;1724;78;;3;2,00
690;1725;6;70;3;7,00
690;1726;61;;3;8,00
691;1727;65;;1;4,50
691;1728;121;;3;4,00
692;1729;1;;8;2,00
692;1730;58;61;4;8,00
692;1731;115;;3;4,50
693;1732;126;;3;4,00
693;1733;57;;9;8,00
694;1734;71;;3;4,00
694;1735;3;257;6;5,00
694;1736;62;;4;4,00
695;1737;80;;3;4,00
695;1738;13;;2;4,50
696;1739;34;;3;0,75
696;1740;95;317;3;2,00
696;1741;29;;3;1,50
697;1742;54;;3;5,00
697;1743;116;;3;3,00
698;1744;17;;4;3,50
698;1745;80;152;8;4,00
698;1746;16;;3;3,00
699;1747;48;;3;4,50
699;1748;112;;3;4,00
700;1749;20;;3;8,00
700;1750;85;294;4;1,00
700;1751;23;;4;3,00
701;1752;62;;3;4,00
701;1753;1;;5;2,00
702;1754;43;;3;2,30
702;1755;110;247;3;0,50
702;1756;50;;3;5,60
703;1757;96;;3;8,00
703;1758;37;;6;0,50
704;1759;86;;4;0,50
704;1760;28;467;4;2,00
704;1761;97;;3;9,00
705;1762;23;;6;3,00
705;1763;93;;3;2,30
706;1764;22;;3;2,00
706;1765;93;196;6;2,30
706;1766;37;;8;0,50
707;1767;97;;9;9,00
707;1768;42;;3;2,40
708;1769;105;;3;5,00
708;1770;51;99;3;2,00
708;1771;124;;3;3,00
709;1772;64;;8;4,50
709;1773;11;;3;8,00
710;1774;81;;3;2,00
710;1775;29;249;2;1,50
710;1776;104;;3;5,00
711;1777;51;;9;2,00
711;1778;1;;6;2,00
712;1779;77;;3;2,00
712;1780;27;235;3;2,00
712;1781;104;;4;5,00
713;1782;58;;3;8,00
713;1783;9;;3;3,00
714;1784;93;;3;2,30
714;1785;45;508;6;2,00
714;1786;124;;3;3,00
715;1787;85;;5;1,00
715;1788;38;;3;0,50
716;1789;2;;4;4,00
716;1790;83;561;8;0,80
716;1791;37;;3;0,50
717;1792;5;;3;5,00
717;1793;87;;3;0,50
718;1794;58;;3;8,00
718;1795;14;54;8;4,50
718;1796;97;;8;9,00
719;1797;72;;3;2,00
719;1798;29;;10;1,50
720;1799;7;;3;8,00
720;1800;92;3;3;2,40
720;1801;50;;3;5,60
721;1802;32;;4;5,00
721;1803;118;;6;6,00
722;1804;103;;8;5,00
722;1805;63;4;6;4,50
722;1806;23;;3;3,00
723;1807;12;;3;4,00
723;1808;100;;3;5,60
724;1809;92;;3;2,40
724;1810;54;312;3;5,00
724;1811;16;;8;3,00
725;1812;12;;3;4,00
725;1813;102;;6;4,00
726;1814;101;;3;2,00
726;1815;65;144;6;4,50
726;1816;29;;3;1,50
727;1817;32;;4;5,00
727;1818;124;;3;3,00
728;1819;3;;3;5,00
728;1820;96;211;3;8,00
728;1821;62;;3;4,00
729;1822;72;;3;2,00
729;1823;39;;9;0,80
730;1824;52;;3;4,00
730;1825;20;462;8;8,00
730;1826;115;;8;4,50
731;1827;5;;9;5,00
731;1828;101;;4;2,00
732;1829;121;;3;4,00
732;1830;91;220;3;1,20
732;1831;61;;3;8,00
733;1832;85;;8;1,00
733;1833;56;;3;7,00
734;1834;83;;4;0,80
734;1835;55;62;10;5,00
734;1836;27;;3;2,00
735;1837;58;;6;8,00
735;1838;31;;6;2,00
736;1839;65;;3;4,50
736;1840;39;135;3;0,80
736;1841;13;;8;4,50
737;1842;51;;6;2,00
737;1843;26;;10;4,00
738;1844;67;;3;3,50
738;1845;43;114;6;2,30
738;1846;19;;3;2,00
739;1847;64;;8;4,50
739;1848;41;;3;1,20
740;1849;89;;4;0,80
740;1850;67;212;4;3,50
740;1851;45;;3;2,00
741;1852;97;;3;9,00
741;1853;76;;3;4,00
742;1854;4;;3;5,00
742;1855;111;157;6;8,00
742;1856;91;;8;1,20
743;1857;23;;9;3,00
743;1858;4;;8;5,00
744;1859;66;;3;3,00
744;1860;48;176;3;4,50
744;1861;30;;3;4,00
745;1862;96;;3;8,00
745;1863;79;;9;1,50
746;1864;21;;3;4,00
746;1865;5;241;2;5,00
746;1866;116;;3;3,00
747;1867;62;;6;4,00
747;1868;47;;3;9,00
748;1869;123;;3;3,00
748;1870;109;329;4;3,00
748;1871;95;;4;2,00
749;1872;48;;3;4,50
749;1873;35;;7;1,00
750;1874;118;;3;6,00
750;1875;106;402;3;7,00
750;1876;94;;3;4,00
751;1877;54;;6;5,00
751;1878;43;;6;2,30
752;1879;6;;3;7,00
752;1880;123;466;3;3,00
752;1881;113;;3;4,50
753;1882;80;;3;4,00
753;1883;71;;9;4,00
754;1884;41;;3;1,20
754;1885;33;197;6;0,80
754;1886;25;;8;7,00
755;1887;126;;6;4,00
755;1888;119;;4;2,00
756;1889;96;;3;8,00
756;1890;90;100;3;1,00
756;1891;84;;3;0,75
757;1892;65;;4;4,50
757;1893;60;;3;0,50
758;1894;44;;4;4,00
758;1895;40;161;4;1,00
758;1896;36;;3;0,50
759;1897;24;;3;3,00
759;1898;21;;6;4,00
760;1899;12;;3;4,00
760;1900;10;286;4;0,50
760;1901;8;;4;8,00
761;1902;3;;6;5,00
761;1903;2;;10;4,00
762;1904;1;;3;2,00
762;1905;1;382;6;2,00
762;1906;1;;3;2,00
763;1907;2;;10;4,00
763;1908;3;;3;5,00
764;1909;8;;4;8,00
764;1910;10;333;4;0,50
764;1911;12;;3;4,00
765;1912;21;;3;4,00
765;1913;24;;3;3,00
766;1914;36;;3;0,50
766;1915;40;416;4;1,00
766;1916;44;;4;4,00
767;1917;60;;3;0,50
767;1918;65;;10;4,50
768;1919;84;;3;0,75
768;1920;90;575;3;1,00
768;1921;96;;3;8,00
769;1922;119;;10;2,00
769;1923;126;;6;4,00
770;1924;25;;8;7,00
770;1925;33;38;6;0,80
770;1926;41;;3;1,20
771;1927;71;;3;4,00
771;1928;80;;3;4,00
772;1929;113;;3;4,50
772;1930;123;485;3;3,00
772;1931;6;;3;7,00
773;1932;43;;3;2,30
773;1933;54;;6;5,00
774;1934;94;;3;4,00
774;1935;106;254;3;7,00
774;1936;118;;3;6,00
775;1937;35;;1;1,00
775;1938;48;;3;4,50
776;1939;95;;4;2,00
776;1940;109;262;4;3,00
776;1941;123;;3;3,00
777;1942;47;;6;9,00
777;1943;62;;6;4,00
778;1944;116;;3;3,00
778;1945;5;9;2;5,00
778;1946;21;;3;4,00
779;1947;79;;3;1,50
779;1948;96;;3;8,00
780;1949;30;;3;4,00
780;1950;48;59;3;4,50
780;1951;66;;3;3,00
781;1952;4;;8;5,00
781;1953;23;;3;3,00
782;1954;91;;8;1,20
782;1955;111;149;6;8,00
782;1956;4;;3;5,00
783;1957;76;;3;4,00
783;1958;97;;6;9,00
784;1959;45;;3;2,00
784;1960;67;645;4;3,50
784;1961;89;;4;0,80
785;1962;41;;6;1,20
785;1963;64;;8;4,50
786;1964;19;;3;2,00
786;1965;43;209;6;2,30
786;1966;67;;3;3,50
787;1967;26;;10;4,00
787;1968;51;;3;2,00
788;1969;13;;8;4,50
788;1970;39;419;3;0,80
788;1971;65;;3;4,50
789;1972;31;;3;2,00
789;1973;58;;6;8,00
790;1974;27;;3;2,00
790;1975;55;30;10;5,00
790;1976;83;;4;0,80
791;1977;56;;3;7,00
791;1978;85;;2;1,00
792;1979;61;;3;8,00
792;1980;91;387;3;1,20
792;1981;121;;3;4,00
793;1982;101;;10;2,00
793;1983;5;;3;5,00
794;1984;115;;8;4,50
794;1985;20;141;8;8,00
794;1986;52;;3;4,00
795;1987;39;;3;0,80
795;1988;72;;3;2,00
796;1989;62;;3;4,00
796;1990;96;105;3;8,00
796;1991;3;;3;5,00
797;1992;124;;3;3,00
797;1993;32;;4;5,00
798;1994;29;;3;1,50
798;1995;65;246;6;4,50
798;1996;101;;3;2,00
799;1997;102;;6;4,00
799;1998;12;;3;4,00
800;1999;16;;8;3,00
800;2000;54;337;3;5,00
