BestellungID;KundeID;AllgLieferAdrID;Bestelldatum;Wunschdatum;Rabatt
1538;1;1;19.03.2022;27.03.2022;3
1539;1;120;19.03.2022;19.03.2022;0
1540;1;530;19.03.2022;24.03.2022;2,5
1541;2;275;19.03.2022;29.03.2022;3
1542;2;631;19.03.2022;31.03.2022;3
1543;2;686;19.03.2022;27.03.2022;3
1544;3;494;19.03.2022;20.03.2022;0,5
1545;3;526;19.03.2022;19.03.2022;0
1546;3;568;19.03.2022;01.04.2022;3
1547;4;162;19.03.2022;28.03.2022;3
1548;4;422;19.03.2022;25.03.2022;3
1549;4;551;19.03.2022;02.04.2022;3
1550;5;287;19.03.2022;29.03.2022;3
1551;5;638;19.03.2022;22.03.2022;1,5
1552;5;721;19.03.2022;26.03.2022;3
1553;6;588;19.03.2022;28.03.2022;3
1554;6;589;19.03.2022;25.03.2022;3
1555;6;627;19.03.2022;19.03.2022;0
1556;7;263;19.03.2022;01.04.2022;3
1557;7;652;19.03.2022;28.03.2022;3
1558;7;742;19.03.2022;20.03.2022;0,5
1559;8;22;19.03.2022;27.03.2022;3
1560;8;321;19.03.2022;19.03.2022;0
1561;9;43;19.03.2022;01.04.2022;3
1562;9;403;19.03.2022;30.03.2022;3
1563;9;599;19.03.2022;31.03.2022;3
1564;10;93;19.03.2022;31.03.2022;3
1565;10;112;19.03.2022;24.03.2022;2,5
1566;10;490;19.03.2022;19.03.2022;0
1567;11;392;19.03.2022;02.04.2022;3
1568;11;469;19.03.2022;21.03.2022;1
1569;11;601;19.03.2022;28.03.2022;3
1570;12;239;19.03.2022;24.03.2022;2,5
1571;12;576;19.03.2022;25.03.2022;3
1572;12;788;19.03.2022;25.03.2022;3
1573;13;173;19.03.2022;02.04.2022;3
1574;13;623;19.03.2022;26.03.2022;3
1575;14;514;19.03.2022;19.03.2022;0
1576;14;644;19.03.2022;02.04.2022;3
1577;14;735;19.03.2022;19.03.2022;0
1578;15;50;19.03.2022;19.03.2022;0
1579;15;89;19.03.2022;30.03.2022;3
1580;15;414;19.03.2022;19.03.2022;0
1581;16;140;19.03.2022;19.03.2022;0
1582;16;396;19.03.2022;31.03.2022;3
1583;16;678;19.03.2022;28.03.2022;3
1584;17;36;19.03.2022;28.03.2022;3
1585;17;154;19.03.2022;29.03.2022;3
1586;17;763;19.03.2022;27.03.2022;3
1587;18;433;19.03.2022;25.03.2022;3
1588;18;447;19.03.2022;25.03.2022;3
1589;18;665;19.03.2022;29.03.2022;3
1590;19;234;19.03.2022;19.03.2022;0
1591;19;593;19.03.2022;27.03.2022;3
1592;20;64;19.03.2022;27.03.2022;3
1593;20;259;19.03.2022;31.03.2022;3
1594;20;755;19.03.2022;24.03.2022;2,5
1595;21;104;19.03.2022;29.03.2022;3
1596;21;214;19.03.2022;28.03.2022;3
1597;21;726;19.03.2022;31.03.2022;3
1598;22;56;19.03.2022;01.04.2022;3
1599;22;308;19.03.2022;31.03.2022;3
1600;22;784;19.03.2022;29.03.2022;3
1601;23;125;19.03.2022;29.03.2022;3
1602;23;363;19.03.2022;25.03.2022;3
1603;23;482;19.03.2022;30.03.2022;3
1604;23;901;19.03.2022;02.04.2022;3
1605;24;297;19.03.2022;19.03.2022;0
1606;24;577;19.03.2022;26.03.2022;3
1607;24;776;19.03.2022;26.03.2022;3
1608;25;85;19.03.2022;19.03.2022;0
1609;25;615;19.03.2022;19.03.2022;0
1610;25;712;19.03.2022;24.03.2022;2,5
1611;26;147;19.03.2022;31.03.2022;3
1612;26;564;19.03.2022;22.03.2022;1,5
1613;26;670;19.03.2022;24.03.2022;2,5
1614;27;27;19.03.2022;22.03.2022;1,5
1615;27;291;19.03.2022;19.03.2022;0
1616;27;397;19.03.2022;21.03.2022;1
1617;28;103;19.03.2022;25.03.2022;3
1618;28;251;19.03.2022;27.03.2022;3
1619;28;338;19.03.2022;26.03.2022;3
1620;29;199;19.03.2022;19.03.2022;0
1621;29;313;19.03.2022;01.04.2022;3
1622;29;474;19.03.2022;22.03.2022;1,5
1623;30;77;19.03.2022;25.03.2022;3
1624;30;276;19.03.2022;28.03.2022;3
1625;30;607;19.03.2022;24.03.2022;2,5
1626;31;453;19.03.2022;22.03.2022;1,5
1627;31;495;19.03.2022;19.03.2022;0
1628;47;424;19.03.2022;21.03.2022;1
1629;48;210;19.03.2022;19.03.2022;0
1630;48;326;19.03.2022;24.03.2022;2,5
1631;48;777;19.03.2022;31.03.2022;3
1632;49;507;19.03.2022;28.03.2022;3
1633;49;523;19.03.2022;23.03.2022;2
1634;49;641;19.03.2022;23.03.2022;2
1635;50;355;19.03.2022;19.03.2022;0
1636;50;358;19.03.2022;01.04.2022;3
1637;50;533;19.03.2022;20.03.2022;0,5
1638;51;19;19.03.2022;31.03.2022;3
1639;51;252;19.03.2022;22.03.2022;1,5
1640;51;277;19.03.2022;24.03.2022;2,5
1641;52;336;19.03.2022;25.03.2022;3
1642;52;401;19.03.2022;21.03.2022;1
1643;52;789;19.03.2022;31.03.2022;3
1644;53;170;19.03.2022;19.03.2022;0
1645;53;398;19.03.2022;24.03.2022;2,5
1646;53;463;19.03.2022;27.03.2022;3
1647;54;28;19.03.2022;25.03.2022;3
1648;54;290;19.03.2022;24.03.2022;2,5
1649;54;606;19.03.2022;28.03.2022;3
1650;55;90;19.03.2022;19.03.2022;0
1651;55;496;19.03.2022;20.03.2022;0,5
1652;55;497;19.03.2022;23.03.2022;2
1653;111;169;19.03.2022;31.03.2022;3
1654;111;240;19.03.2022;19.03.2022;0
1655;112;230;19.03.2022;29.03.2022;3
1656;112;334;19.03.2022;28.03.2022;3
1657;113;531;19.03.2022;31.03.2022;3
1658;113;616;19.03.2022;27.03.2022;3
1659;113;682;19.03.2022;22.03.2022;1,5
1660;114;555;19.03.2022;19.03.2022;0
1661;120;560;19.03.2022;29.03.2022;3
1662;120;572;19.03.2022;28.03.2022;3
1663;121;357;19.03.2022;25.03.2022;3
1664;121;604;19.03.2022;30.03.2022;3
1665;121;674;19.03.2022;19.03.2022;0
1666;122;639;19.03.2022;28.03.2022;3
1667;122;643;19.03.2022;30.03.2022;3
1668;122;722;19.03.2022;25.03.2022;3
1669;123;121;19.03.2022;23.03.2022;2
1670;123;167;19.03.2022;29.03.2022;3
1671;123;388;19.03.2022;22.03.2022;1,5
1672;124;118;19.03.2022;20.03.2022;0,5
1673;124;280;19.03.2022;24.03.2022;2,5
1674;124;741;19.03.2022;28.03.2022;3
1675;125;139;19.03.2022;29.03.2022;3
1676;125;270;19.03.2022;19.03.2022;0
1677;125;791;19.03.2022;31.03.2022;3
1678;126;206;19.03.2022;27.03.2022;3
1679;126;436;19.03.2022;02.04.2022;3
1680;126;632;19.03.2022;19.03.2022;0
1681;127;42;19.03.2022;31.03.2022;3
1682;127;335;19.03.2022;29.03.2022;3
1683;127;468;19.03.2022;28.03.2022;3
1684;128;92;19.03.2022;27.03.2022;3
1685;128;499;19.03.2022;24.03.2022;2,5
1686;128;783;19.03.2022;22.03.2022;1,5
1687;129;178;19.03.2022;20.03.2022;0,5
1688;129;181;19.03.2022;27.03.2022;3
1689;142;267;19.03.2022;22.03.2022;1,5
1690;142;567;19.03.2022;19.03.2022;0
1691;143;330;19.03.2022;19.03.2022;0
1692;143;532;19.03.2022;28.03.2022;3
1693;143;781;19.03.2022;01.04.2022;3
1694;144;314;19.03.2022;20.03.2022;0,5
1695;144;341;19.03.2022;19.03.2022;0
1696;144;614;19.03.2022;02.04.2022;3
1697;145;179;19.03.2022;01.04.2022;3
1698;145;343;19.03.2022;28.03.2022;3
1699;145;438;19.03.2022;31.03.2022;3
1700;146;55;19.03.2022;24.03.2022;2,5
1701;146;393;19.03.2022;22.03.2022;1,5
1702;146;725;19.03.2022;24.03.2022;2,5
1703;147;102;19.03.2022;25.03.2022;3
1704;147;415;19.03.2022;19.03.2022;0
1705;147;598;19.03.2022;29.03.2022;3
1706;148;284;19.03.2022;23.03.2022;2
1707;148;293;19.03.2022;25.03.2022;3
1708;148;696;19.03.2022;22.03.2022;1,5
1709;149;574;19.03.2022;30.03.2022;3
1710;149;595;19.03.2022;19.03.2022;0
1711;149;775;19.03.2022;29.03.2022;3
1712;150;539;19.03.2022;01.04.2022;3
1713;150;633;19.03.2022;28.03.2022;3
1714;150;671;19.03.2022;02.04.2022;3
1715;151;180;19.03.2022;19.03.2022;0
1716;151;656;19.03.2022;25.03.2022;3
1717;151;797;19.03.2022;02.04.2022;3
1718;152;26;19.03.2022;01.04.2022;3
1719;152;597;19.03.2022;22.03.2022;1,5
1720;152;669;19.03.2022;19.03.2022;0
1721;153;98;19.03.2022;01.04.2022;3
1722;153;137;19.03.2022;28.03.2022;3
1723;153;591;19.03.2022;22.03.2022;1,5
1724;154;160;19.03.2022;24.03.2022;2,5
1725;154;473;19.03.2022;19.03.2022;0
1726;154;501;19.03.2022;25.03.2022;3
1727;155;51;19.03.2022;31.03.2022;3
1728;155;82;19.03.2022;25.03.2022;3
1729;155;586;19.03.2022;23.03.2022;2
1730;156;248;19.03.2022;29.03.2022;3
1731;156;407;19.03.2022;31.03.2022;3
1732;156;794;19.03.2022;27.03.2022;3
1733;157;605;19.03.2022;29.03.2022;3
1734;157;619;19.03.2022;25.03.2022;3
1735;157;690;19.03.2022;19.03.2022;0
1736;158;225;20.03.2022;20.03.2022;0
1737;158;582;20.03.2022;29.03.2022;3
1738;158;700;20.03.2022;30.03.2022;3
1739;158;907;20.03.2022;28.03.2022;3
1740;159;95;20.03.2022;20.03.2022;0
1741;159;110;20.03.2022;25.03.2022;2,5
1742;159;418;20.03.2022;31.03.2022;3
1743;160;174;20.03.2022;01.04.2022;3
1744;160;303;20.03.2022;01.04.2022;3
1745;160;767;20.03.2022;30.03.2022;3
1746;161;76;20.03.2022;26.03.2022;3
1747;161;219;20.03.2022;23.03.2022;1,5
1748;161;302;20.03.2022;21.03.2022;0,5
1749;162;242;20.03.2022;23.03.2022;1,5
1750;162;451;20.03.2022;30.03.2022;3
1751;162;488;20.03.2022;02.04.2022;3
1752;163;68;20.03.2022;26.03.2022;3
1753;163;320;20.03.2022;25.03.2022;2,5
1754;163;663;20.03.2022;01.04.2022;3
1755;164;232;20.03.2022;20.03.2022;0
1756;164;602;20.03.2022;22.03.2022;1
1757;164;711;20.03.2022;01.04.2022;3
1758;165;108;20.03.2022;29.03.2022;3
1759;165;231;20.03.2022;29.03.2022;3
1760;165;590;20.03.2022;30.03.2022;3
1761;166;12;20.03.2022;01.04.2022;3
1762;166;129;20.03.2022;23.03.2022;1,5
1763;166;457;20.03.2022;31.03.2022;3
1764;167;369;20.03.2022;26.03.2022;3
1765;167;375;20.03.2022;20.03.2022;0
1766;167;782;20.03.2022;27.03.2022;3
1767;168;647;20.03.2022;29.03.2022;3
1768;168;648;20.03.2022;29.03.2022;3
1769;168;732;20.03.2022;23.03.2022;1,5
1770;169;244;20.03.2022;20.03.2022;0
1771;169;512;20.03.2022;22.03.2022;1
1772;169;716;20.03.2022;27.03.2022;3
1773;170;83;20.03.2022;29.03.2022;3
1774;170;486;20.03.2022;29.03.2022;3
1775;170;676;20.03.2022;25.03.2022;2,5
1776;171;33;20.03.2022;23.03.2022;1,5
1777;171;300;20.03.2022;20.03.2022;0
1778;171;381;20.03.2022;23.03.2022;1,5
1779;172;107;20.03.2022;23.03.2022;1,5
1780;172;190;20.03.2022;30.03.2022;3
1781;172;309;20.03.2022;29.03.2022;3
1782;173;410;20.03.2022;20.03.2022;0
1783;173;546;20.03.2022;23.03.2022;1,5
1784;173;724;20.03.2022;31.03.2022;3
1785;187;454;20.03.2022;20.03.2022;0
1786;187;556;20.03.2022;21.03.2022;0,5
1787;188;216;20.03.2022;01.04.2022;3
1788;188;698;20.03.2022;29.03.2022;3
1789;188;787;20.03.2022;02.04.2022;3
1790;189;52;20.03.2022;25.03.2022;2,5
1791;189;198;20.03.2022;23.03.2022;1,5
1792;189;489;20.03.2022;23.03.2022;1,5
1793;190;88;20.03.2022;03.04.2022;3
1794;190;142;20.03.2022;23.03.2022;1,5
1795;190;163;20.03.2022;30.03.2022;3
1796;191;359;20.03.2022;24.03.2022;2
1797;191;430;20.03.2022;20.03.2022;0
1798;191;439;20.03.2022;27.03.2022;3
1799;192;332;20.03.2022;02.04.2022;3
1800;192;660;20.03.2022;20.03.2022;0
1801;192;733;20.03.2022;02.04.2022;3
1802;193;201;20.03.2022;01.04.2022;3
1803;193;446;20.03.2022;23.03.2022;1,5
1804;193;563;20.03.2022;22.03.2022;1
1805;194;345;20.03.2022;20.03.2022;0
1806;194;406;20.03.2022;26.03.2022;3
1807;194;519;20.03.2022;23.03.2022;1,5
1808;195;34;20.03.2022;22.03.2022;1
1809;195;186;20.03.2022;29.03.2022;3
1810;195;299;20.03.2022;25.03.2022;2,5
1811;196;146;20.03.2022;21.03.2022;0,5
1812;196;340;20.03.2022;20.03.2022;0
1813;196;349;20.03.2022;27.03.2022;3
1814;197;258;20.03.2022;01.04.2022;3
1815;197;283;20.03.2022;20.03.2022;0
1816;197;743;20.03.2022;28.03.2022;3
1817;198;328;20.03.2022;31.03.2022;3
1818;198;371;20.03.2022;23.03.2022;1,5
1819;198;714;21.03.2022;27.03.2022;3
1820;199;268;21.03.2022;26.03.2022;2,5
1821;199;305;21.03.2022;21.03.2022;0
1822;199;481;21.03.2022;28.03.2022;3
1823;200;44;21.03.2022;28.03.2022;3
1824;200;470;21.03.2022;21.03.2022;0
1825;200;800;21.03.2022;26.03.2022;2,5
1826;201;441;21.03.2022;27.03.2022;3
1827;201;477;21.03.2022;30.03.2022;3
1828;202;279;21.03.2022;02.04.2022;3
1829;202;796;21.03.2022;04.04.2022;3
1830;203;450;21.03.2022;21.03.2022;0
1831;203;764;21.03.2022;04.04.2022;3
1832;203;909;21.03.2022;24.03.2022;1,5
1833;204;522;21.03.2022;27.03.2022;3
1834;204;771;21.03.2022;30.03.2022;3
1835;205;97;21.03.2022;26.03.2022;2,5
1836;205;362;21.03.2022;02.04.2022;3
1837;206;65;21.03.2022;26.03.2022;2,5
1838;206;635;21.03.2022;31.03.2022;3
1839;207;15;21.03.2022;21.03.2022;0
1840;207;452;21.03.2022;26.03.2022;2,5
1841;208;379;21.03.2022;04.04.2022;3
1842;208;535;21.03.2022;21.03.2022;0
1843;209;126;21.03.2022;24.03.2022;1,5
1844;209;155;21.03.2022;31.03.2022;3
1845;210;133;21.03.2022;21.03.2022;0
1846;210;637;21.03.2022;28.03.2022;3
1847;211;649;21.03.2022;29.03.2022;3
1848;211;704;21.03.2022;02.04.2022;3
1849;212;192;21.03.2022;24.03.2022;1,5
1850;212;444;21.03.2022;21.03.2022;0
1851;213;72;21.03.2022;02.04.2022;3
1852;213;195;21.03.2022;21.03.2022;0
1853;214;202;21.03.2022;01.04.2022;3
1854;214;756;21.03.2022;30.03.2022;3
1855;215;187;21.03.2022;31.03.2022;3
1856;215;658;21.03.2022;29.03.2022;3
1857;216;194;21.03.2022;24.03.2022;1,5
1858;216;661;21.03.2022;03.04.2022;3
1859;217;5;21.03.2022;31.03.2022;3
1860;217;380;21.03.2022;21.03.2022;0
1861;218;182;21.03.2022;23.03.2022;1
1862;218;692;21.03.2022;25.03.2022;2
1863;219;367;21.03.2022;27.03.2022;3
1864;219;510;21.03.2022;21.03.2022;0
1865;220;57;21.03.2022;21.03.2022;0
1866;220;557;21.03.2022;02.04.2022;3
1867;221;296;21.03.2022;23.03.2022;1
1868;221;699;21.03.2022;02.04.2022;3
1869;222;540;21.03.2022;21.03.2022;0
1870;222;748;21.03.2022;31.03.2022;3
1871;223;385;21.03.2022;26.03.2022;2,5
1872;223;608;21.03.2022;27.03.2022;3
1873;224;183;21.03.2022;30.03.2022;3
1874;224;746;21.03.2022;25.03.2022;2
1875;224;910;21.03.2022;21.03.2022;0
1876;252;688;21.03.2022;03.04.2022;3
1877;253;196;21.03.2022;23.03.2022;1
1878;253;612;21.03.2022;27.03.2022;3
1879;254;99;21.03.2022;27.03.2022;3
1880;254;655;21.03.2022;26.03.2022;2,5
1881;255;249;21.03.2022;30.03.2022;3
1882;255;404;22.03.2022;30.03.2022;3
1883;256;235;22.03.2022;27.03.2022;2,5
1884;256;753;22.03.2022;03.04.2022;3
1885;257;508;22.03.2022;01.04.2022;3
1886;257;702;22.03.2022;03.04.2022;3
1887;258;561;22.03.2022;03.04.2022;3
1888;258;703;22.03.2022;26.03.2022;2
1889;259;54;22.03.2022;28.03.2022;3
1890;259;390;22.03.2022;22.03.2022;0
1891;260;3;22.03.2022;25.03.2022;1,5
1892;260;537;22.03.2022;31.03.2022;3
1893;261;4;22.03.2022;03.04.2022;3
1894;261;578;22.03.2022;24.03.2022;1
1895;262;312;22.03.2022;22.03.2022;0
1896;262;374;22.03.2022;31.03.2022;3
1897;263;144;22.03.2022;25.03.2022;1,5
1898;263;165;22.03.2022;22.03.2022;0
1899;264;211;22.03.2022;31.03.2022;3
1900;264;761;22.03.2022;27.03.2022;2,5
1901;265;462;22.03.2022;03.04.2022;3
1902;265;668;22.03.2022;28.03.2022;3
1903;266;220;22.03.2022;01.04.2022;3
1904;266;566;22.03.2022;26.03.2022;2
1905;267;62;22.03.2022;22.03.2022;0
1906;267;115;22.03.2022;01.04.2022;3
1907;268;135;22.03.2022;22.03.2022;0
1908;268;562;22.03.2022;28.03.2022;3
1909;269;114;22.03.2022;28.03.2022;3
1910;269;364;22.03.2022;27.03.2022;2,5
1911;313;863;22.03.2022;25.03.2022;1,5
1912;314;814;22.03.2022;04.04.2022;3
1913;314;864;22.03.2022;03.04.2022;3
1914;315;815;22.03.2022;22.03.2022;0
1915;315;865;22.03.2022;01.04.2022;3
1916;329;879;22.03.2022;31.03.2022;3
1917;330;830;22.03.2022;22.03.2022;0
1918;330;880;22.03.2022;01.04.2022;3
1919;331;831;22.03.2022;31.03.2022;3
1920;331;881;22.03.2022;22.03.2022;0
1921;332;832;22.03.2022;29.03.2022;3
1922;332;882;22.03.2022;31.03.2022;3
1923;333;833;22.03.2022;31.03.2022;3
1924;338;888;22.03.2022;03.04.2022;3
1925;339;839;22.03.2022;01.04.2022;3
1926;339;889;22.03.2022;31.03.2022;3
1927;340;840;22.03.2022;22.03.2022;0
1928;340;890;22.03.2022;01.04.2022;3
1929;341;841;22.03.2022;31.03.2022;3
1930;341;891;22.03.2022;22.03.2022;0
1931;342;842;22.03.2022;29.03.2022;3
1932;342;892;22.03.2022;31.03.2022;3
1933;343;843;22.03.2022;31.03.2022;3
1934;343;893;22.03.2022;29.03.2022;3
1935;344;844;22.03.2022;22.03.2022;0
1936;344;894;23.03.2022;01.04.2022;3
1937;345;845;23.03.2022;02.04.2022;3
1938;345;895;23.03.2022;23.03.2022;0
1939;346;846;23.03.2022;01.04.2022;3
1940;346;896;23.03.2022;02.04.2022;3
1941;347;847;23.03.2022;04.04.2022;3
1942;347;897;23.03.2022;01.04.2022;3
1943;348;848;23.03.2022;27.03.2022;2
1944;348;898;23.03.2022;04.04.2022;3
1945;349;849;23.03.2022;23.03.2022;0
1946;349;899;23.03.2022;27.03.2022;2
1947;350;850;23.03.2022;23.03.2022;0
1948;350;900;23.03.2022;23.03.2022;0
1949;351;916;23.03.2022;06.04.2022;3
1950;351;976;23.03.2022;23.03.2022;0
1951;352;917;23.03.2022;25.03.2022;1
1952;352;977;23.03.2022;27.03.2022;2
1953;353;918;23.03.2022;01.04.2022;3
1954;353;978;23.03.2022;04.04.2022;3
1955;354;919;23.03.2022;28.03.2022;2,5
1956;354;979;23.03.2022;01.04.2022;3
1957;355;920;23.03.2022;28.03.2022;2,5
1958;355;980;23.03.2022;02.04.2022;3
1959;356;921;23.03.2022;01.04.2022;3
1960;356;981;23.03.2022;23.03.2022;0
1961;357;922;23.03.2022;25.03.2022;1
1962;357;982;23.03.2022;01.04.2022;3
1963;358;923;23.03.2022;06.04.2022;3
1964;358;983;23.03.2022;30.03.2022;3
1965;359;924;23.03.2022;23.03.2022;0
1966;359;984;23.03.2022;01.04.2022;3
1967;360;925;23.03.2022;28.03.2022;2,5
1968;360;985;23.03.2022;23.03.2022;0
1969;361;926;23.03.2022;06.04.2022;3
1970;361;986;23.03.2022;02.04.2022;3
1971;362;927;23.03.2022;04.04.2022;3
1972;362;987;23.03.2022;01.04.2022;3
1973;363;928;23.03.2022;06.04.2022;3
1974;363;988;23.03.2022;04.04.2022;3
1975;364;929;23.03.2022;28.03.2022;2,5
1976;364;989;23.03.2022;27.03.2022;2
1977;365;930;23.03.2022;23.03.2022;0
1978;365;990;23.03.2022;23.03.2022;0
1979;366;931;23.03.2022;06.04.2022;3
1980;366;991;23.03.2022;23.03.2022;0
1981;367;932;23.03.2022;25.03.2022;1
1982;367;992;23.03.2022;27.03.2022;2
1983;368;933;24.03.2022;02.04.2022;3
1984;368;993;24.03.2022;05.04.2022;3
1985;369;934;24.03.2022;29.03.2022;2,5
1986;369;994;24.03.2022;02.04.2022;3
1987;370;935;24.03.2022;29.03.2022;2,5
1988;370;995;24.03.2022;03.04.2022;3
1989;371;936;24.03.2022;02.04.2022;3
1990;371;996;24.03.2022;24.03.2022;0
1991;372;937;24.03.2022;26.03.2022;1
1992;372;997;24.03.2022;02.04.2022;3
1993;373;938;24.03.2022;07.04.2022;3
1994;373;998;24.03.2022;31.03.2022;3
1995;374;939;24.03.2022;24.03.2022;0
1996;374;999;24.03.2022;02.04.2022;3
1997;375;940;24.03.2022;29.03.2022;2,5
1998;375;1000;24.03.2022;24.03.2022;0
1999;376;941;24.03.2022;07.04.2022;3
2000;376;1001;24.03.2022;03.04.2022;3
2001;377;942;24.03.2022;05.04.2022;3
2002;377;1002;24.03.2022;02.04.2022;3
2003;378;943;24.03.2022;07.04.2022;3
2004;378;1003;24.03.2022;05.04.2022;3
2005;379;944;24.03.2022;29.03.2022;2,5
2006;379;1004;24.03.2022;28.03.2022;2
2007;380;945;24.03.2022;24.03.2022;0
2008;380;1005;24.03.2022;24.03.2022;0
2009;381;946;24.03.2022;07.04.2022;3
2010;381;1006;24.03.2022;24.03.2022;0
2011;382;947;24.03.2022;26.03.2022;1
2012;382;1007;24.03.2022;28.03.2022;2
2013;383;948;24.03.2022;02.04.2022;3
2014;383;1008;24.03.2022;05.04.2022;3
2015;384;949;24.03.2022;29.03.2022;2,5
2016;384;1009;24.03.2022;02.04.2022;3
2017;385;950;24.03.2022;29.03.2022;2,5
2018;385;1010;24.03.2022;03.04.2022;3
2019;386;951;24.03.2022;02.04.2022;3
2020;386;1011;24.03.2022;24.03.2022;0
2021;387;952;24.03.2022;26.03.2022;1
2022;387;1012;24.03.2022;02.04.2022;3
2023;388;953;24.03.2022;07.04.2022;3
2024;388;1013;24.03.2022;31.03.2022;3
2025;389;954;24.03.2022;24.03.2022;0
2026;389;1014;25.03.2022;03.04.2022;3
2027;390;955;25.03.2022;30.03.2022;2,5
2028;390;1015;25.03.2022;25.03.2022;0
2029;391;956;25.03.2022;08.04.2022;3
2030;391;1016;25.03.2022;04.04.2022;3
2031;392;957;25.03.2022;06.04.2022;3
2032;392;1017;25.03.2022;03.04.2022;3
2033;393;958;25.03.2022;08.04.2022;3
2034;393;1018;25.03.2022;06.04.2022;3
2035;394;959;25.03.2022;30.03.2022;2,5
2036;394;1019;25.03.2022;29.03.2022;2
2037;395;960;25.03.2022;25.03.2022;0
2038;395;1020;25.03.2022;25.03.2022;0
2039;396;961;25.03.2022;08.04.2022;3
2040;396;1021;25.03.2022;25.03.2022;0
2041;397;962;25.03.2022;27.03.2022;1
2042;397;1022;25.03.2022;29.03.2022;2
2043;398;963;25.03.2022;03.04.2022;3
2044;398;1023;25.03.2022;06.04.2022;3
2045;399;964;25.03.2022;30.03.2022;2,5
2046;399;1024;25.03.2022;03.04.2022;3
2047;400;965;25.03.2022;30.03.2022;2,5
2048;400;1025;25.03.2022;04.04.2022;3
2049;401;966;25.03.2022;03.04.2022;3
2050;401;1026;25.03.2022;25.03.2022;0
2051;402;967;25.03.2022;27.03.2022;1
2052;402;1027;25.03.2022;03.04.2022;3
2053;403;968;25.03.2022;08.04.2022;3
2054;403;1028;25.03.2022;01.04.2022;3
2055;404;969;25.03.2022;25.03.2022;0
2056;404;1029;25.03.2022;03.04.2022;3
2057;405;970;25.03.2022;30.03.2022;2,5
2058;405;1030;25.03.2022;25.03.2022;0
2059;406;971;25.03.2022;08.04.2022;3
2060;406;1031;25.03.2022;04.04.2022;3
2061;407;972;25.03.2022;06.04.2022;3
2062;407;1032;25.03.2022;03.04.2022;3
801;1;1;12.03.2022;18.03.2022;3
802;1;120;12.03.2022;12.03.2022;0
803;1;530;12.03.2022;22.03.2022;3
804;2;275;12.03.2022;12.03.2022;0
805;2;631;12.03.2022;22.03.2022;3
806;2;686;12.03.2022;13.03.2022;0,5
807;3;494;12.03.2022;15.03.2022;1,5
808;3;526;12.03.2022;25.03.2022;3
809;3;568;12.03.2022;14.03.2022;1
810;4;162;12.03.2022;12.03.2022;0
811;4;422;12.03.2022;14.03.2022;1
812;4;551;12.03.2022;19.03.2022;3
813;5;287;12.03.2022;18.03.2022;3
814;5;638;12.03.2022;14.03.2022;1
815;5;721;12.03.2022;17.03.2022;2,5
816;6;588;12.03.2022;15.03.2022;1,5
817;6;589;12.03.2022;25.03.2022;3
818;6;627;12.03.2022;18.03.2022;3
819;7;263;12.03.2022;24.03.2022;3
820;7;652;12.03.2022;22.03.2022;3
821;7;742;12.03.2022;14.03.2022;1
822;8;22;12.03.2022;21.03.2022;3
823;23;901;12.03.2022;25.03.2022;3
824;24;577;12.03.2022;20.03.2022;3
825;24;776;12.03.2022;12.03.2022;0
826;25;85;12.03.2022;22.03.2022;3
827;25;615;12.03.2022;12.03.2022;0
828;25;712;12.03.2022;18.03.2022;3
829;26;147;12.03.2022;15.03.2022;1,5
830;26;564;12.03.2022;12.03.2022;0
831;26;670;12.03.2022;12.03.2022;0
832;27;27;12.03.2022;21.03.2022;3
833;27;291;12.03.2022;15.03.2022;1,5
834;27;397;12.03.2022;15.03.2022;1,5
835;28;103;12.03.2022;22.03.2022;3
836;28;251;12.03.2022;13.03.2022;0,5
837;28;338;12.03.2022;18.03.2022;3
838;29;199;12.03.2022;19.03.2022;3
839;29;313;12.03.2022;14.03.2022;1
840;29;474;12.03.2022;12.03.2022;0
841;30;77;12.03.2022;14.03.2022;1
842;30;276;12.03.2022;24.03.2022;3
843;30;607;12.03.2022;18.03.2022;3
844;31;453;12.03.2022;24.03.2022;3
845;31;495;12.03.2022;12.03.2022;0
846;31;768;12.03.2022;15.03.2022;1,5
847;32;417;12.03.2022;21.03.2022;3
848;32;483;12.03.2022;21.03.2022;3
849;32;581;12.03.2022;21.03.2022;3
850;33;13;12.03.2022;22.03.2022;3
851;33;222;12.03.2022;24.03.2022;3
852;33;227;12.03.2022;21.03.2022;3
853;34;200;12.03.2022;17.03.2022;2,5
854;34;285;12.03.2022;12.03.2022;0
855;34;506;12.03.2022;12.03.2022;0
856;35;130;12.03.2022;22.03.2022;3
857;35;238;12.03.2022;23.03.2022;3
858;35;691;12.03.2022;15.03.2022;1,5
859;36;289;12.03.2022;13.03.2022;0,5
860;36;636;12.03.2022;12.03.2022;0
861;36;666;12.03.2022;18.03.2022;3
862;37;384;12.03.2022;15.03.2022;1,5
863;37;429;12.03.2022;24.03.2022;3
864;37;620;12.03.2022;12.03.2022;0
865;38;215;12.03.2022;17.03.2022;2,5
866;38;376;12.03.2022;23.03.2022;3
867;38;464;12.03.2022;15.03.2022;1,5
868;39;69;12.03.2022;24.03.2022;3
869;39;372;12.03.2022;15.03.2022;1,5
870;39;432;12.03.2022;12.03.2022;0
871;40;487;12.03.2022;19.03.2022;3
872;40;528;12.03.2022;18.03.2022;3
873;40;679;12.03.2022;24.03.2022;3
874;41;191;12.03.2022;26.03.2022;3
875;41;502;12.03.2022;17.03.2022;2,5
876;41;565;12.03.2022;12.03.2022;0
877;42;516;12.03.2022;24.03.2022;3
878;42;718;12.03.2022;26.03.2022;3
879;42;747;12.03.2022;15.03.2022;1,5
880;43;109;12.03.2022;22.03.2022;3
881;43;628;12.03.2022;20.03.2022;3
882;43;680;12.03.2022;12.03.2022;0
883;44;159;12.03.2022;24.03.2022;3
884;44;705;12.03.2022;12.03.2022;0
885;44;731;12.03.2022;12.03.2022;0
886;45;48;12.03.2022;15.03.2022;1,5
887;45;143;12.03.2022;13.03.2022;0,5
888;45;727;12.03.2022;18.03.2022;3
889;46;32;12.03.2022;20.03.2022;3
890;46;368;12.03.2022;22.03.2022;3
891;46;456;12.03.2022;18.03.2022;3
892;47;6;12.03.2022;24.03.2022;3
893;47;331;12.03.2022;20.03.2022;3
894;47;424;12.03.2022;18.03.2022;3
895;48;210;12.03.2022;12.03.2022;0
896;48;326;12.03.2022;13.03.2022;0,5
897;48;777;12.03.2022;21.03.2022;3
898;49;507;12.03.2022;18.03.2022;3
899;49;523;12.03.2022;14.03.2022;1
900;49;641;12.03.2022;12.03.2022;0
901;50;355;12.03.2022;22.03.2022;3
902;50;358;12.03.2022;23.03.2022;3
903;50;533;12.03.2022;21.03.2022;3
904;51;19;12.03.2022;13.03.2022;0,5
905;51;252;12.03.2022;12.03.2022;0
906;51;277;12.03.2022;24.03.2022;3
907;52;336;12.03.2022;24.03.2022;3
908;52;401;12.03.2022;25.03.2022;3
909;52;789;12.03.2022;18.03.2022;3
910;53;170;12.03.2022;17.03.2022;2,5
911;53;398;12.03.2022;25.03.2022;3
912;53;463;12.03.2022;18.03.2022;3
913;54;28;12.03.2022;16.03.2022;2
914;54;290;12.03.2022;22.03.2022;3
915;54;606;12.03.2022;12.03.2022;0
916;55;90;12.03.2022;12.03.2022;0
917;55;496;12.03.2022;14.03.2022;1
918;55;497;12.03.2022;18.03.2022;3
919;56;117;12.03.2022;15.03.2022;1,5
920;56;650;12.03.2022;22.03.2022;3
921;56;744;12.03.2022;21.03.2022;3
922;56;902;12.03.2022;26.03.2022;3
923;57;78;12.03.2022;21.03.2022;3
924;57;269;12.03.2022;18.03.2022;3
925;57;471;12.03.2022;12.03.2022;0
926;58;45;12.03.2022;12.03.2022;0
927;58;323;12.03.2022;18.03.2022;3
928;58;573;12.03.2022;21.03.2022;3
929;59;265;12.03.2022;17.03.2022;2,5
930;59;524;12.03.2022;12.03.2022;0
931;59;710;12.03.2022;17.03.2022;2,5
932;60;437;12.03.2022;16.03.2022;2
933;60;520;12.03.2022;12.03.2022;0
934;60;765;12.03.2022;12.03.2022;0
935;61;342;12.03.2022;12.03.2022;0
936;61;580;12.03.2022;12.03.2022;0
937;61;752;12.03.2022;26.03.2022;3
938;62;11;12.03.2022;25.03.2022;3
939;62;552;12.03.2022;15.03.2022;1,5
940;62;717;12.03.2022;12.03.2022;0
941;63;66;12.03.2022;18.03.2022;3
942;63;448;12.03.2022;18.03.2022;3
943;63;609;12.03.2022;24.03.2022;3
944;67;903;12.03.2022;24.03.2022;3
945;79;24;12.03.2022;12.03.2022;0
946;79;667;12.03.2022;19.03.2022;3
947;79;780;12.03.2022;12.03.2022;0
948;80;266;12.03.2022;15.03.2022;1,5
949;80;654;12.03.2022;18.03.2022;3
950;80;770;12.03.2022;22.03.2022;3
951;81;21;12.03.2022;18.03.2022;3
952;81;177;12.03.2022;21.03.2022;3
953;81;472;12.03.2022;23.03.2022;3
954;82;71;12.03.2022;21.03.2022;3
955;82;74;12.03.2022;17.03.2022;2,5
956;82;79;12.03.2022;26.03.2022;3
957;83;175;12.03.2022;12.03.2022;0
958;83;492;12.03.2022;18.03.2022;3
959;83;544;12.03.2022;23.03.2022;3
960;84;132;12.03.2022;12.03.2022;0
961;84;360;12.03.2022;12.03.2022;0
962;84;766;12.03.2022;14.03.2022;1
963;85;101;12.03.2022;15.03.2022;1,5
964;85;579;12.03.2022;18.03.2022;3
965;85;701;12.03.2022;22.03.2022;3
966;86;237;12.03.2022;24.03.2022;3
967;86;622;12.03.2022;16.03.2022;2
968;86;625;12.03.2022;17.03.2022;2,5
969;87;2;12.03.2022;15.03.2022;1,5
970;87;67;12.03.2022;22.03.2022;3
971;87;318;12.03.2022;15.03.2022;1,5
972;88;193;12.03.2022;18.03.2022;3
973;88;224;12.03.2022;14.03.2022;1
974;88;273;12.03.2022;24.03.2022;3
975;89;81;12.03.2022;12.03.2022;0
976;89;399;12.03.2022;21.03.2022;3
977;89;681;12.03.2022;24.03.2022;3
978;90;128;12.03.2022;21.03.2022;3
979;90;221;12.03.2022;26.03.2022;3
980;90;521;12.03.2022;22.03.2022;3
981;91;208;12.03.2022;15.03.2022;1,5
982;91;229;12.03.2022;25.03.2022;3
983;91;634;12.03.2022;14.03.2022;1
984;92;310;12.03.2022;12.03.2022;0
985;92;596;12.03.2022;17.03.2022;2,5
986;92;683;12.03.2022;25.03.2022;3
987;92;904;12.03.2022;15.03.2022;1,5
988;93;113;12.03.2022;26.03.2022;3
989;93;315;12.03.2022;12.03.2022;0
990;93;548;12.03.2022;12.03.2022;0
991;94;145;12.03.2022;22.03.2022;3
992;94;373;12.03.2022;23.03.2022;3
993;94;779;12.03.2022;24.03.2022;3
994;95;264;12.03.2022;18.03.2022;3
995;95;350;12.03.2022;22.03.2022;3
996;95;786;12.03.2022;18.03.2022;3
997;96;426;12.03.2022;24.03.2022;3
998;96;694;12.03.2022;14.03.2022;1
999;96;736;12.03.2022;21.03.2022;3
1000;97;80;12.03.2022;17.03.2022;2,5
1001;97;391;12.03.2022;23.03.2022;3
1002;97;484;12.03.2022;15.03.2022;1,5
1003;98;87;12.03.2022;18.03.2022;3
1004;98;386;12.03.2022;16.03.2022;2
1005;98;559;12.03.2022;12.03.2022;0
1006;99;37;12.03.2022;19.03.2022;3
1007;99;281;12.03.2022;19.03.2022;3
1008;99;505;12.03.2022;12.03.2022;0
1009;100;204;12.03.2022;18.03.2022;3
1010;100;408;12.03.2022;12.03.2022;0
1011;100;543;12.03.2022;15.03.2022;1,5
1012;101;253;12.03.2022;13.03.2022;0,5
1013;101;431;12.03.2022;25.03.2022;3
1014;101;536;12.03.2022;21.03.2022;3
1015;102;166;12.03.2022;22.03.2022;3
1016;102;351;12.03.2022;18.03.2022;3
1017;102;707;12.03.2022;21.03.2022;3
1018;103;584;12.03.2022;14.03.2022;1
1019;103;594;12.03.2022;18.03.2022;3
1020;103;745;12.03.2022;12.03.2022;0
1021;104;339;12.03.2022;21.03.2022;3
1022;104;455;12.03.2022;22.03.2022;3
1023;104;500;12.03.2022;12.03.2022;0
1024;105;8;12.03.2022;14.03.2022;1
1025;105;148;12.03.2022;17.03.2022;2,5
1026;105;158;12.03.2022;15.03.2022;1,5
1027;106;46;12.03.2022;19.03.2022;3
1028;106;271;12.03.2022;20.03.2022;3
1029;106;728;12.03.2022;24.03.2022;3
1030;107;136;12.03.2022;22.03.2022;3
1031;107;245;12.03.2022;22.03.2022;3
1032;107;498;12.03.2022;18.03.2022;3
1033;108;307;12.03.2022;13.03.2022;0,5
1034;108;461;12.03.2022;16.03.2022;2
1035;108;465;12.03.2022;12.03.2022;0
1036;109;29;12.03.2022;26.03.2022;3
1037;109;207;12.03.2022;21.03.2022;3
1038;109;697;12.03.2022;18.03.2022;3
1039;110;413;12.03.2022;14.03.2022;1
1040;110;525;12.03.2022;12.03.2022;0
1041;110;583;12.03.2022;15.03.2022;1,5
1042;111;119;12.03.2022;20.03.2022;3
1043;111;169;12.03.2022;14.03.2022;1
1044;111;240;12.03.2022;12.03.2022;0
1045;112;230;12.03.2022;17.03.2022;2,5
1046;112;334;12.03.2022;26.03.2022;3
1047;112;611;12.03.2022;24.03.2022;3
1048;113;531;12.03.2022;15.03.2022;1,5
1049;113;616;12.03.2022;26.03.2022;3
1050;113;682;12.03.2022;12.03.2022;0
1051;114;555;12.03.2022;12.03.2022;0
1052;114;651;12.03.2022;24.03.2022;3
1053;114;706;12.03.2022;15.03.2022;1,5
1054;114;905;12.03.2022;17.03.2022;2,5
1055;115;213;12.03.2022;12.03.2022;0
1056;115;695;12.03.2022;12.03.2022;0
1057;115;709;12.03.2022;25.03.2022;3
1058;116;111;12.03.2022;15.03.2022;1,5
1059;116;630;12.03.2022;12.03.2022;0
1060;116;759;12.03.2022;12.03.2022;0
1061;117;10;12.03.2022;17.03.2022;2,5
1062;117;205;12.03.2022;12.03.2022;0
1063;117;250;12.03.2022;22.03.2022;3
1064;118;7;12.03.2022;20.03.2022;3
1065;118;274;12.03.2022;12.03.2022;0
1066;118;423;12.03.2022;15.03.2022;1,5
1067;119;288;12.03.2022;18.03.2022;3
1068;119;346;12.03.2022;15.03.2022;1,5
1069;119;458;12.03.2022;14.03.2022;1
1070;120;60;12.03.2022;12.03.2022;0
1071;120;560;12.03.2022;12.03.2022;0
1072;120;572;12.03.2022;26.03.2022;3
1073;121;357;12.03.2022;18.03.2022;3
1074;121;604;12.03.2022;18.03.2022;3
1075;121;674;12.03.2022;17.03.2022;2,5
1076;122;639;12.03.2022;21.03.2022;3
1077;122;643;12.03.2022;18.03.2022;3
1078;122;722;12.03.2022;23.03.2022;3
1079;123;121;12.03.2022;26.03.2022;3
1080;123;167;12.03.2022;12.03.2022;0
1081;123;388;12.03.2022;25.03.2022;3
1082;124;118;12.03.2022;23.03.2022;3
1083;124;280;12.03.2022;12.03.2022;0
1084;124;741;12.03.2022;21.03.2022;3
1085;125;139;12.03.2022;17.03.2022;2,5
1086;125;270;12.03.2022;12.03.2022;0
1087;125;791;13.03.2022;15.03.2022;1
1088;126;206;13.03.2022;26.03.2022;3
1089;126;436;13.03.2022;22.03.2022;3
1090;126;632;13.03.2022;18.03.2022;2,5
1091;127;42;13.03.2022;25.03.2022;3
1092;127;335;13.03.2022;13.03.2022;0
1093;127;468;13.03.2022;22.03.2022;3
1094;128;92;13.03.2022;26.03.2022;3
1095;128;499;13.03.2022;13.03.2022;0
1096;128;783;13.03.2022;16.03.2022;1,5
1097;129;178;13.03.2022;24.03.2022;3
1098;129;181;13.03.2022;16.03.2022;1,5
1099;129;460;13.03.2022;23.03.2022;3
1100;130;23;13.03.2022;23.03.2022;3
1101;130;517;13.03.2022;25.03.2022;3
1102;130;762;13.03.2022;22.03.2022;3
1103;131;295;13.03.2022;18.03.2022;2,5
1104;131;325;13.03.2022;13.03.2022;0
1105;131;664;13.03.2022;23.03.2022;3
1106;132;389;13.03.2022;17.03.2022;2
1107;132;547;13.03.2022;22.03.2022;3
1108;132;793;13.03.2022;17.03.2022;2
1109;133;63;13.03.2022;25.03.2022;3
1110;133;624;13.03.2022;13.03.2022;0
1111;133;715;13.03.2022;23.03.2022;3
1112;134;344;13.03.2022;26.03.2022;3
1113;134;687;13.03.2022;19.03.2022;3
1114;134;754;13.03.2022;14.03.2022;0,5
1115;135;94;13.03.2022;18.03.2022;2,5
1116;135;352;13.03.2022;25.03.2022;3
1117;135;354;13.03.2022;16.03.2022;1,5
1118;136;16;13.03.2022;21.03.2022;3
1119;136;84;13.03.2022;19.03.2022;3
1120;136;124;13.03.2022;23.03.2022;3
1121;136;906;13.03.2022;19.03.2022;3
1122;137;106;13.03.2022;25.03.2022;3
1123;137;370;13.03.2022;23.03.2022;3
1124;137;491;13.03.2022;17.03.2022;2
1125;138;171;13.03.2022;13.03.2022;0
1126;138;327;13.03.2022;25.03.2022;3
1127;138;541;13.03.2022;15.03.2022;1
1128;139;153;13.03.2022;22.03.2022;3
1129;139;442;13.03.2022;26.03.2022;3
1130;139;785;13.03.2022;23.03.2022;3
1131;140;260;13.03.2022;13.03.2022;0
1132;140;646;13.03.2022;20.03.2022;3
1133;140;750;13.03.2022;13.03.2022;0
1134;141;86;13.03.2022;22.03.2022;3
1135;141;256;13.03.2022;23.03.2022;3
1136;141;377;13.03.2022;20.03.2022;3
1137;142;185;13.03.2022;13.03.2022;0
1138;142;267;13.03.2022;19.03.2022;3
1139;142;567;13.03.2022;16.03.2022;1,5
1140;143;330;13.03.2022;13.03.2022;0
1141;143;532;13.03.2022;20.03.2022;3
1142;143;781;13.03.2022;15.03.2022;1
1143;144;314;13.03.2022;25.03.2022;3
1144;144;341;13.03.2022;27.03.2022;3
1145;144;614;13.03.2022;23.03.2022;3
1146;145;179;13.03.2022;22.03.2022;3
1147;145;343;13.03.2022;14.03.2022;0,5
1148;145;438;13.03.2022;22.03.2022;3
1149;146;55;13.03.2022;13.03.2022;0
1150;146;393;13.03.2022;13.03.2022;0
1151;146;725;13.03.2022;23.03.2022;3
1152;147;102;13.03.2022;22.03.2022;3
1153;147;415;13.03.2022;23.03.2022;3
1154;147;598;13.03.2022;15.03.2022;1
1155;148;284;13.03.2022;13.03.2022;0
1156;148;293;13.03.2022;21.03.2022;3
1157;148;696;13.03.2022;25.03.2022;3
1158;149;574;13.03.2022;25.03.2022;3
1159;149;595;13.03.2022;23.03.2022;3
1160;149;775;13.03.2022;18.03.2022;2,5
1161;150;539;13.03.2022;22.03.2022;3
1162;150;633;13.03.2022;19.03.2022;3
1163;150;671;13.03.2022;26.03.2022;3
1164;151;180;13.03.2022;13.03.2022;0
1165;151;656;13.03.2022;18.03.2022;2,5
1166;151;797;13.03.2022;20.03.2022;3
1167;152;26;13.03.2022;25.03.2022;3
1168;152;597;13.03.2022;19.03.2022;3
1169;152;669;13.03.2022;19.03.2022;3
1170;153;98;13.03.2022;13.03.2022;0
1171;153;137;13.03.2022;15.03.2022;1
1172;153;591;13.03.2022;25.03.2022;3
1173;154;160;13.03.2022;13.03.2022;0
1174;154;473;13.03.2022;15.03.2022;1
1175;154;501;13.03.2022;13.03.2022;0
1176;155;51;13.03.2022;19.03.2022;3
1177;155;82;13.03.2022;17.03.2022;2
1178;155;586;13.03.2022;21.03.2022;3
1179;156;248;13.03.2022;25.03.2022;3
1180;156;407;13.03.2022;18.03.2022;2,5
1181;156;794;13.03.2022;17.03.2022;2
1182;157;605;13.03.2022;13.03.2022;0
1183;157;619;13.03.2022;20.03.2022;3
1184;157;690;13.03.2022;13.03.2022;0
1185;158;225;13.03.2022;13.03.2022;0
1186;158;582;13.03.2022;25.03.2022;3
1187;158;700;13.03.2022;18.03.2022;2,5
1188;158;907;13.03.2022;19.03.2022;3
1189;159;95;13.03.2022;18.03.2022;2,5
1190;159;110;13.03.2022;23.03.2022;3
1191;159;418;13.03.2022;16.03.2022;1,5
1192;160;174;13.03.2022;16.03.2022;1,5
1193;160;303;13.03.2022;22.03.2022;3
1194;160;767;13.03.2022;16.03.2022;1,5
1195;161;76;13.03.2022;23.03.2022;3
1196;161;219;13.03.2022;22.03.2022;3
1197;161;302;13.03.2022;22.03.2022;3
1198;162;242;13.03.2022;24.03.2022;3
1199;162;451;13.03.2022;27.03.2022;3
1200;162;488;13.03.2022;13.03.2022;0
1201;163;68;13.03.2022;21.03.2022;3
1202;163;320;13.03.2022;23.03.2022;3
1203;163;663;13.03.2022;22.03.2022;3
1204;164;232;13.03.2022;26.03.2022;3
1205;164;602;13.03.2022;23.03.2022;3
1206;164;711;13.03.2022;19.03.2022;3
1207;165;108;14.03.2022;20.03.2022;3
1208;165;231;14.03.2022;17.03.2022;1,5
1209;165;590;14.03.2022;14.03.2022;0
1210;166;12;14.03.2022;14.03.2022;0
1211;166;129;14.03.2022;23.03.2022;3
1212;166;457;14.03.2022;23.03.2022;3
1213;167;369;14.03.2022;26.03.2022;3
1214;167;375;14.03.2022;14.03.2022;0
1215;167;782;14.03.2022;14.03.2022;0
1216;168;647;14.03.2022;16.03.2022;1
1217;168;648;14.03.2022;20.03.2022;3
1218;168;732;14.03.2022;20.03.2022;3
1219;169;244;14.03.2022;15.03.2022;0,5
1220;169;512;14.03.2022;24.03.2022;3
1221;169;716;14.03.2022;20.03.2022;3
1222;170;83;14.03.2022;25.03.2022;3
1223;170;486;14.03.2022;17.03.2022;1,5
1224;170;676;14.03.2022;23.03.2022;3
1225;171;33;14.03.2022;14.03.2022;0
1226;171;300;14.03.2022;14.03.2022;0
1227;171;381;14.03.2022;26.03.2022;3
1228;172;107;14.03.2022;25.03.2022;3
1229;172;190;14.03.2022;19.03.2022;2,5
1230;172;309;14.03.2022;14.03.2022;0
1231;173;410;14.03.2022;19.03.2022;2,5
1232;173;546;14.03.2022;26.03.2022;3
1233;173;724;14.03.2022;26.03.2022;3
1234;174;123;14.03.2022;26.03.2022;3
1235;174;427;14.03.2022;19.03.2022;2,5
1236;174;672;14.03.2022;26.03.2022;3
1237;175;218;14.03.2022;25.03.2022;3
1238;175;518;14.03.2022;18.03.2022;2
1239;175;774;14.03.2022;20.03.2022;3
1240;176;554;14.03.2022;19.03.2022;2,5
1241;176;587;14.03.2022;21.03.2022;3
1242;176;713;14.03.2022;20.03.2022;3
1243;177;17;14.03.2022;25.03.2022;3
1244;177;228;14.03.2022;26.03.2022;3
1245;177;571;14.03.2022;14.03.2022;0
1246;178;184;14.03.2022;18.03.2022;2
1247;178;316;14.03.2022;16.03.2022;1
1248;178;795;14.03.2022;14.03.2022;0
1249;179;14;14.03.2022;25.03.2022;3
1250;179;25;14.03.2022;19.03.2022;2,5
1251;179;730;14.03.2022;14.03.2022;0
1252;180;292;14.03.2022;18.03.2022;2
1253;180;298;14.03.2022;28.03.2022;3
1254;180;640;14.03.2022;14.03.2022;0
1255;180;908;14.03.2022;19.03.2022;2,5
1256;181;96;14.03.2022;20.03.2022;3
1257;181;443;14.03.2022;20.03.2022;3
1258;181;653;14.03.2022;28.03.2022;3
1259;182;31;14.03.2022;28.03.2022;3
1260;182;226;14.03.2022;14.03.2022;0
1261;182;626;14.03.2022;25.03.2022;3
1262;183;75;14.03.2022;14.03.2022;0
1263;183;304;14.03.2022;26.03.2022;3
1264;183;603;14.03.2022;26.03.2022;3
1265;184;356;14.03.2022;24.03.2022;3
1266;184;534;14.03.2022;23.03.2022;3
1267;184;734;14.03.2022;22.03.2022;3
1268;185;233;14.03.2022;18.03.2022;2
1269;185;425;14.03.2022;14.03.2022;0
1270;185;435;14.03.2022;14.03.2022;0
1271;186;378;14.03.2022;17.03.2022;1,5
1272;186;493;14.03.2022;20.03.2022;3
1273;186;751;14.03.2022;27.03.2022;3
1274;187;35;14.03.2022;24.03.2022;3
1275;187;454;14.03.2022;14.03.2022;0
1276;187;556;14.03.2022;15.03.2022;0,5
1277;188;216;14.03.2022;26.03.2022;3
1278;188;698;14.03.2022;23.03.2022;3
1279;188;787;14.03.2022;27.03.2022;3
1280;189;52;14.03.2022;19.03.2022;2,5
1281;189;198;14.03.2022;17.03.2022;1,5
1282;189;489;14.03.2022;17.03.2022;1,5
1283;190;88;14.03.2022;28.03.2022;3
1284;190;142;14.03.2022;17.03.2022;1,5
1285;190;163;14.03.2022;24.03.2022;3
1286;191;359;14.03.2022;18.03.2022;2
1287;191;430;14.03.2022;14.03.2022;0
1289;192;332;14.03.2022;27.03.2022;3
1290;192;660;14.03.2022;14.03.2022;0
1291;192;733;14.03.2022;27.03.2022;3
1292;193;201;14.03.2022;26.03.2022;3
1293;193;446;14.03.2022;17.03.2022;1,5
1294;193;563;14.03.2022;16.03.2022;1
1295;194;345;14.03.2022;14.03.2022;0
1296;194;406;14.03.2022;20.03.2022;3
1297;194;519;14.03.2022;17.03.2022;1,5
1298;195;34;14.03.2022;16.03.2022;1
1299;195;186;15.03.2022;24.03.2022;3
1300;195;299;15.03.2022;20.03.2022;2,5
1301;196;146;15.03.2022;16.03.2022;0,5
1302;196;340;15.03.2022;15.03.2022;0
1303;196;349;15.03.2022;22.03.2022;3
1304;197;258;15.03.2022;27.03.2022;3
1305;197;283;15.03.2022;15.03.2022;0
1306;197;743;15.03.2022;23.03.2022;3
1307;198;328;15.03.2022;26.03.2022;3
1308;198;371;15.03.2022;18.03.2022;1,5
1309;198;714;15.03.2022;21.03.2022;3
1310;199;268;15.03.2022;20.03.2022;2,5
1311;199;305;15.03.2022;15.03.2022;0
1312;199;481;15.03.2022;22.03.2022;3
1313;200;44;15.03.2022;22.03.2022;3
1314;200;470;15.03.2022;15.03.2022;0
1315;200;800;15.03.2022;20.03.2022;2,5
1316;201;441;15.03.2022;21.03.2022;3
1317;201;477;15.03.2022;24.03.2022;3
1318;202;279;15.03.2022;27.03.2022;3
1319;202;796;15.03.2022;29.03.2022;3
1320;203;450;15.03.2022;15.03.2022;0
1321;203;764;15.03.2022;29.03.2022;3
1322;203;909;15.03.2022;18.03.2022;1,5
1323;204;522;15.03.2022;21.03.2022;3
1324;204;771;15.03.2022;24.03.2022;3
1325;205;97;15.03.2022;20.03.2022;2,5
1326;205;362;15.03.2022;27.03.2022;3
1327;206;65;15.03.2022;20.03.2022;2,5
1328;206;635;15.03.2022;25.03.2022;3
1329;207;15;15.03.2022;15.03.2022;0
1330;207;452;15.03.2022;20.03.2022;2,5
1331;208;379;15.03.2022;29.03.2022;3
1332;208;535;15.03.2022;15.03.2022;0
1333;209;126;15.03.2022;18.03.2022;1,5
1334;209;155;15.03.2022;25.03.2022;3
1335;210;133;15.03.2022;15.03.2022;0
1336;210;637;15.03.2022;22.03.2022;3
1337;211;649;15.03.2022;23.03.2022;3
1338;211;704;15.03.2022;27.03.2022;3
1339;212;192;15.03.2022;18.03.2022;1,5
1340;212;444;15.03.2022;15.03.2022;0
1341;213;72;15.03.2022;27.03.2022;3
1342;213;195;15.03.2022;15.03.2022;0
1343;214;202;15.03.2022;26.03.2022;3
1344;214;756;15.03.2022;24.03.2022;3
1345;215;187;15.03.2022;25.03.2022;3
1346;215;658;15.03.2022;23.03.2022;3
1347;216;194;15.03.2022;18.03.2022;1,5
1348;216;661;15.03.2022;28.03.2022;3
1349;217;5;15.03.2022;25.03.2022;3
1350;217;380;15.03.2022;15.03.2022;0
1351;218;182;15.03.2022;17.03.2022;1
1352;218;692;15.03.2022;19.03.2022;2
1353;219;367;15.03.2022;21.03.2022;3
1354;219;510;15.03.2022;15.03.2022;0
1355;220;57;15.03.2022;15.03.2022;0
1356;220;557;15.03.2022;27.03.2022;3
1357;221;296;15.03.2022;17.03.2022;1
1358;221;699;15.03.2022;27.03.2022;3
1359;222;540;15.03.2022;15.03.2022;0
1360;222;748;15.03.2022;25.03.2022;3
1361;223;385;15.03.2022;20.03.2022;2,5
1362;223;608;15.03.2022;21.03.2022;3
1363;224;183;15.03.2022;24.03.2022;3
1364;224;746;15.03.2022;19.03.2022;2
1365;224;910;15.03.2022;15.03.2022;0
1366;225;255;15.03.2022;15.03.2022;0
1367;225;478;15.03.2022;26.03.2022;3
1368;226;116;15.03.2022;18.03.2022;1,5
1369;226;409;15.03.2022;16.03.2022;0,5
1370;227;475;15.03.2022;20.03.2022;2,5
1371;227;553;15.03.2022;18.03.2022;1,5
1372;228;366;15.03.2022;27.03.2022;3
1373;228;772;15.03.2022;26.03.2022;3
1374;229;434;15.03.2022;21.03.2022;3
1375;229;629;15.03.2022;20.03.2022;2,5
1376;230;621;15.03.2022;21.03.2022;3
1377;230;739;16.03.2022;19.03.2022;1,5
1378;231;49;16.03.2022;23.03.2022;3
1379;231;272;16.03.2022;29.03.2022;3
1380;232;420;16.03.2022;16.03.2022;0
1381;232;719;16.03.2022;30.03.2022;3
1382;233;40;16.03.2022;21.03.2022;2,5
1383;233;769;16.03.2022;28.03.2022;3
1384;234;134;16.03.2022;27.03.2022;3
1385;234;527;16.03.2022;26.03.2022;3
1386;235;20;16.03.2022;16.03.2022;0
1387;235;585;16.03.2022;16.03.2022;0
1388;236;47;16.03.2022;17.03.2022;0,5
1389;236;322;16.03.2022;19.03.2022;1,5
1390;237;73;16.03.2022;26.03.2022;3
1391;237;740;16.03.2022;26.03.2022;3
1392;238;243;16.03.2022;22.03.2022;3
1393;238;790;16.03.2022;26.03.2022;3
1394;239;131;16.03.2022;20.03.2022;2
1395;239;347;16.03.2022;16.03.2022;0
1396;240;319;16.03.2022;20.03.2022;2
1397;240;760;16.03.2022;21.03.2022;2,5
1398;241;91;16.03.2022;19.03.2022;1,5
1399;241;684;16.03.2022;22.03.2022;3
1400;242;151;16.03.2022;21.03.2022;2,5
1401;242;515;16.03.2022;16.03.2022;0
1402;243;41;16.03.2022;18.03.2022;1
1403;243;428;16.03.2022;20.03.2022;2
1404;244;168;16.03.2022;28.03.2022;3
1405;244;236;16.03.2022;21.03.2022;2,5
1406;245;70;16.03.2022;21.03.2022;2,5
1407;245;311;16.03.2022;28.03.2022;3
1408;246;61;16.03.2022;29.03.2022;3
1409;246;511;16.03.2022;30.03.2022;3
1410;247;257;16.03.2022;16.03.2022;0
1411;247;642;16.03.2022;28.03.2022;3
1412;247;911;16.03.2022;23.03.2022;3
1413;248;317;16.03.2022;22.03.2022;3
1414;248;459;16.03.2022;22.03.2022;3
1415;249;152;16.03.2022;26.03.2022;3
1416;249;223;16.03.2022;19.03.2022;1,5
1417;250;294;16.03.2022;19.03.2022;1,5
1418;250;479;16.03.2022;23.03.2022;3
1419;251;247;16.03.2022;19.03.2022;1,5
1420;251;798;16.03.2022;16.03.2022;0
1421;252;467;16.03.2022;23.03.2022;3
1422;252;688;16.03.2022;22.03.2022;3
1423;253;196;16.03.2022;29.03.2022;3
1424;253;612;16.03.2022;19.03.2022;1,5
1425;254;99;16.03.2022;16.03.2022;0
1426;254;655;16.03.2022;26.03.2022;3
1427;255;249;16.03.2022;19.03.2022;1,5
1428;255;404;16.03.2022;28.03.2022;3
1429;256;235;16.03.2022;26.03.2022;3
1430;256;753;16.03.2022;16.03.2022;0
1431;257;508;16.03.2022;19.03.2022;1,5
1432;257;702;16.03.2022;25.03.2022;3
1433;258;561;16.03.2022;19.03.2022;1,5
1434;258;703;16.03.2022;28.03.2022;3
1435;259;54;16.03.2022;16.03.2022;0
1436;259;390;16.03.2022;16.03.2022;0
1437;260;3;16.03.2022;22.03.2022;3
1438;260;537;16.03.2022;22.03.2022;3
1439;261;4;16.03.2022;27.03.2022;3
1440;261;578;16.03.2022;16.03.2022;0
1441;262;312;16.03.2022;28.03.2022;3
1442;262;374;16.03.2022;29.03.2022;3
1443;263;144;16.03.2022;28.03.2022;3
1444;263;165;16.03.2022;16.03.2022;0
1445;264;211;17.03.2022;22.03.2022;2,5
1446;264;761;17.03.2022;23.03.2022;3
1447;265;462;17.03.2022;26.03.2022;3
1448;265;668;17.03.2022;21.03.2022;2
1449;266;220;17.03.2022;17.03.2022;0
1450;266;566;17.03.2022;22.03.2022;2,5
1451;267;62;17.03.2022;24.03.2022;3
1452;267;115;17.03.2022;17.03.2022;0
1453;268;135;17.03.2022;17.03.2022;0
1454;268;562;17.03.2022;25.03.2022;3
1455;269;114;17.03.2022;17.03.2022;0
1456;269;364;17.03.2022;21.03.2022;2
1457;269;912;17.03.2022;26.03.2022;3
1458;270;212;17.03.2022;23.03.2022;3
1459;270;394;17.03.2022;18.03.2022;0,5
1460;271;157;17.03.2022;22.03.2022;2,5
1461;271;405;17.03.2022;17.03.2022;0
1462;272;176;17.03.2022;19.03.2022;1
1463;272;282;17.03.2022;23.03.2022;3
1464;273;241;17.03.2022;26.03.2022;3
1465;273;395;17.03.2022;22.03.2022;2,5
1466;274;329;17.03.2022;21.03.2022;2
1467;274;480;17.03.2022;17.03.2022;0
1468;275;402;17.03.2022;23.03.2022;3
1469;275;799;17.03.2022;28.03.2022;3
1471;276;689;17.03.2022;31.03.2022;3
1472;277;197;17.03.2022;21.03.2022;2
1473;277;353;17.03.2022;26.03.2022;3
1474;278;100;17.03.2022;27.03.2022;3
1475;278;558;17.03.2022;17.03.2022;0
1476;279;161;17.03.2022;23.03.2022;3
1477;279;550;17.03.2022;27.03.2022;3
1478;280;286;17.03.2022;25.03.2022;3
1479;280;301;17.03.2022;26.03.2022;3
1480;281;382;17.03.2022;27.03.2022;3
1481;281;538;17.03.2022;25.03.2022;3
1482;291;913;17.03.2022;23.03.2022;3
1483;299;411;17.03.2022;20.03.2022;1,5
1484;300;337;17.03.2022;25.03.2022;3
1485;300;600;17.03.2022;17.03.2022;0
1486;301;851;17.03.2022;28.03.2022;3
1487;302;852;17.03.2022;26.03.2022;3
1488;303;853;17.03.2022;26.03.2022;3
1489;304;854;17.03.2022;28.03.2022;3
1490;305;855;17.03.2022;17.03.2022;0
1491;306;856;17.03.2022;23.03.2022;3
1492;307;857;17.03.2022;31.03.2022;3
1493;308;858;17.03.2022;26.03.2022;3
1494;309;859;17.03.2022;23.03.2022;3
1495;310;860;17.03.2022;22.03.2022;2,5
1496;311;861;17.03.2022;23.03.2022;3
1497;312;862;17.03.2022;26.03.2022;3
1498;312;914;17.03.2022;19.03.2022;1
1499;313;863;17.03.2022;24.03.2022;3
1500;314;864;17.03.2022;17.03.2022;0
1501;315;865;17.03.2022;27.03.2022;3
1502;316;866;17.03.2022;24.03.2022;3
1503;317;867;17.03.2022;23.03.2022;3
1504;318;868;17.03.2022;24.03.2022;3
1505;319;869;17.03.2022;27.03.2022;3
1506;320;870;17.03.2022;17.03.2022;0
1507;321;871;18.03.2022;25.03.2022;3
1508;322;872;18.03.2022;19.03.2022;0,5
1509;323;873;18.03.2022;30.03.2022;3
1510;324;874;18.03.2022;28.03.2022;3
1511;325;875;18.03.2022;28.03.2022;3
1512;326;876;18.03.2022;30.03.2022;3
1513;327;877;18.03.2022;19.03.2022;0,5
1514;328;878;18.03.2022;25.03.2022;3
1515;329;879;18.03.2022;18.03.2022;0
1516;330;880;18.03.2022;28.03.2022;3
1517;331;881;18.03.2022;25.03.2022;3
1518;332;882;18.03.2022;24.03.2022;3
1519;333;883;18.03.2022;25.03.2022;3
1520;334;884;18.03.2022;28.03.2022;3
1521;334;915;18.03.2022;18.03.2022;0
1522;335;885;18.03.2022;18.03.2022;0
1523;336;886;18.03.2022;26.03.2022;3
1524;337;887;18.03.2022;21.03.2022;1,5
1525;338;888;18.03.2022;18.03.2022;0
1526;339;889;18.03.2022;01.04.2022;3
1527;340;890;18.03.2022;18.03.2022;0
1528;341;891;18.03.2022;21.03.2022;1,5
1529;342;892;18.03.2022;26.03.2022;3
1530;343;893;18.03.2022;18.03.2022;0
1531;344;894;18.03.2022;27.03.2022;3
1532;345;895;18.03.2022;23.03.2022;2,5
1533;346;896;18.03.2022;21.03.2022;1,5
1534;347;897;18.03.2022;21.03.2022;1,5
1535;348;898;18.03.2022;23.03.2022;2,5
1536;349;899;18.03.2022;27.03.2022;3
1537;350;900;18.03.2022;18.03.2022;0
1;1;1;05.03.2022;06.03.2022;0,5
2;1;120;05.03.2022;05.03.2022;0
3;1;530;05.03.2022;05.03.2022;0
4;2;275;05.03.2022;10.03.2022;2,5
5;2;631;05.03.2022;10.03.2022;2,5
6;2;686;05.03.2022;11.03.2022;3
7;3;494;05.03.2022;13.03.2022;3
8;3;526;05.03.2022;13.03.2022;3
9;3;568;05.03.2022;17.03.2022;3
10;4;162;05.03.2022;05.03.2022;0
11;4;422;05.03.2022;12.03.2022;3
12;4;551;05.03.2022;17.03.2022;3
13;5;287;05.03.2022;16.03.2022;3
14;5;638;05.03.2022;12.03.2022;3
15;5;721;05.03.2022;05.03.2022;0
16;6;588;05.03.2022;08.03.2022;1,5
17;6;589;05.03.2022;13.03.2022;3
18;6;627;05.03.2022;11.03.2022;3
19;7;263;05.03.2022;07.03.2022;1
20;7;652;05.03.2022;10.03.2022;2,5
21;7;742;05.03.2022;17.03.2022;3
22;8;22;05.03.2022;09.03.2022;2
23;8;321;05.03.2022;08.03.2022;1,5
24;8;792;05.03.2022;08.03.2022;1,5
25;9;43;05.03.2022;15.03.2022;3
26;9;403;05.03.2022;13.03.2022;3
27;9;599;05.03.2022;08.03.2022;1,5
28;10;93;05.03.2022;14.03.2022;3
29;10;112;05.03.2022;13.03.2022;3
30;10;490;05.03.2022;05.03.2022;0
31;11;392;05.03.2022;07.03.2022;1
32;11;469;05.03.2022;13.03.2022;3
33;11;601;05.03.2022;08.03.2022;1,5
34;12;239;05.03.2022;16.03.2022;3
35;12;576;05.03.2022;05.03.2022;0
36;12;788;05.03.2022;08.03.2022;1,5
37;13;173;05.03.2022;16.03.2022;3
38;13;623;05.03.2022;09.03.2022;2
39;13;749;05.03.2022;11.03.2022;3
40;14;514;05.03.2022;15.03.2022;3
41;14;644;05.03.2022;09.03.2022;2
42;14;735;05.03.2022;05.03.2022;0
43;15;50;05.03.2022;10.03.2022;2,5
44;15;89;05.03.2022;06.03.2022;0,5
45;15;414;05.03.2022;05.03.2022;0
46;16;140;05.03.2022;10.03.2022;2,5
47;16;396;05.03.2022;17.03.2022;3
48;16;678;05.03.2022;14.03.2022;3
49;17;36;05.03.2022;14.03.2022;3
50;17;154;05.03.2022;10.03.2022;2,5
51;17;763;05.03.2022;08.03.2022;1,5
52;18;433;05.03.2022;06.03.2022;0,5
53;18;447;05.03.2022;11.03.2022;3
54;18;665;05.03.2022;05.03.2022;0
55;19;234;05.03.2022;05.03.2022;0
56;19;593;05.03.2022;18.03.2022;3
57;19;657;05.03.2022;14.03.2022;3
58;20;64;05.03.2022;12.03.2022;3
59;20;259;05.03.2022;16.03.2022;3
60;20;755;05.03.2022;05.03.2022;0
61;21;104;05.03.2022;19.03.2022;3
62;21;214;05.03.2022;13.03.2022;3
63;21;726;05.03.2022;08.03.2022;1,5
64;22;56;05.03.2022;19.03.2022;3
65;22;308;05.03.2022;15.03.2022;3
66;22;784;05.03.2022;14.03.2022;3
67;23;125;05.03.2022;10.03.2022;2,5
68;23;363;05.03.2022;14.03.2022;3
69;23;482;05.03.2022;08.03.2022;1,5
70;24;297;05.03.2022;05.03.2022;0
71;24;577;05.03.2022;07.03.2022;1
72;24;776;05.03.2022;17.03.2022;3
73;25;85;05.03.2022;15.03.2022;3
74;25;615;05.03.2022;05.03.2022;0
75;25;712;05.03.2022;05.03.2022;0
76;26;147;05.03.2022;17.03.2022;3
77;26;564;05.03.2022;08.03.2022;1,5
78;26;670;05.03.2022;05.03.2022;0
79;27;27;05.03.2022;08.03.2022;1,5
80;27;291;05.03.2022;05.03.2022;0
81;27;397;05.03.2022;17.03.2022;3
82;28;103;05.03.2022;06.03.2022;0,5
83;28;251;05.03.2022;18.03.2022;3
84;28;338;05.03.2022;17.03.2022;3
85;29;199;05.03.2022;15.03.2022;3
86;29;313;05.03.2022;13.03.2022;3
87;29;474;05.03.2022;08.03.2022;1,5
88;30;77;05.03.2022;16.03.2022;3
89;30;276;05.03.2022;14.03.2022;3
90;30;607;05.03.2022;05.03.2022;0
91;31;453;05.03.2022;08.03.2022;1,5
92;31;495;05.03.2022;05.03.2022;0
93;31;768;05.03.2022;14.03.2022;3
94;32;417;05.03.2022;08.03.2022;1,5
95;32;483;05.03.2022;05.03.2022;0
96;32;581;05.03.2022;11.03.2022;3
97;33;13;05.03.2022;06.03.2022;0,5
98;33;222;05.03.2022;11.03.2022;3
100;34;200;05.03.2022;10.03.2022;2,5
101;34;285;05.03.2022;05.03.2022;0
102;34;506;05.03.2022;17.03.2022;3
103;35;130;05.03.2022;15.03.2022;3
104;35;238;05.03.2022;07.03.2022;1
105;35;691;05.03.2022;05.03.2022;0
106;36;289;05.03.2022;09.03.2022;2
107;36;636;05.03.2022;17.03.2022;3
108;36;666;05.03.2022;08.03.2022;1,5
109;37;384;05.03.2022;11.03.2022;3
110;37;429;05.03.2022;05.03.2022;0
111;37;620;05.03.2022;05.03.2022;0
112;38;215;05.03.2022;10.03.2022;2,5
113;38;376;05.03.2022;13.03.2022;3
114;38;464;05.03.2022;11.03.2022;3
115;39;69;05.03.2022;05.03.2022;0
116;39;372;05.03.2022;17.03.2022;3
117;39;432;05.03.2022;14.03.2022;3
118;40;487;05.03.2022;06.03.2022;0,5
119;40;528;05.03.2022;17.03.2022;3
120;40;679;05.03.2022;05.03.2022;0
121;41;191;05.03.2022;16.03.2022;3
122;41;502;05.03.2022;19.03.2022;3
123;41;565;05.03.2022;05.03.2022;0
124;42;516;05.03.2022;14.03.2022;3
125;42;718;05.03.2022;10.03.2022;2,5
126;42;747;05.03.2022;17.03.2022;3
127;43;109;05.03.2022;18.03.2022;3
128;43;628;05.03.2022;19.03.2022;3
129;43;680;05.03.2022;05.03.2022;0
130;44;159;05.03.2022;05.03.2022;0
131;44;705;05.03.2022;05.03.2022;0
132;44;731;05.03.2022;17.03.2022;3
133;45;48;05.03.2022;14.03.2022;3
134;45;143;05.03.2022;12.03.2022;3
135;45;727;05.03.2022;05.03.2022;0
136;46;32;05.03.2022;07.03.2022;1
137;46;368;05.03.2022;06.03.2022;0,5
138;46;456;05.03.2022;08.03.2022;1,5
139;47;6;05.03.2022;14.03.2022;3
140;47;331;05.03.2022;10.03.2022;2,5
141;47;424;05.03.2022;14.03.2022;3
142;48;210;05.03.2022;05.03.2022;0
143;48;326;05.03.2022;18.03.2022;3
144;48;777;05.03.2022;08.03.2022;1,5
145;49;507;05.03.2022;05.03.2022;0
146;49;523;05.03.2022;13.03.2022;3
147;49;641;05.03.2022;17.03.2022;3
148;50;355;05.03.2022;15.03.2022;3
149;50;358;05.03.2022;07.03.2022;1
150;50;533;05.03.2022;05.03.2022;0
151;51;19;05.03.2022;09.03.2022;2
152;51;252;05.03.2022;14.03.2022;3
153;51;277;05.03.2022;11.03.2022;3
154;52;336;05.03.2022;14.03.2022;3
155;52;401;05.03.2022;15.03.2022;3
156;52;789;05.03.2022;14.03.2022;3
157;53;170;05.03.2022;10.03.2022;2,5
158;53;398;05.03.2022;09.03.2022;2
159;53;463;05.03.2022;17.03.2022;3
160;54;28;05.03.2022;15.03.2022;3
161;54;290;05.03.2022;15.03.2022;3
162;54;606;05.03.2022;17.03.2022;3
163;55;90;05.03.2022;05.03.2022;0
164;55;496;05.03.2022;19.03.2022;3
165;55;497;05.03.2022;05.03.2022;0
166;56;117;05.03.2022;17.03.2022;3
167;56;650;05.03.2022;15.03.2022;3
168;56;744;05.03.2022;17.03.2022;3
169;57;78;05.03.2022;17.03.2022;3
170;57;269;05.03.2022;15.03.2022;3
171;57;471;05.03.2022;11.03.2022;3
172;58;45;05.03.2022;05.03.2022;0
173;58;323;05.03.2022;09.03.2022;2
174;58;573;05.03.2022;17.03.2022;3
175;59;265;05.03.2022;15.03.2022;3
176;59;524;05.03.2022;09.03.2022;2
177;59;710;05.03.2022;05.03.2022;0
178;60;437;05.03.2022;16.03.2022;3
179;60;520;05.03.2022;10.03.2022;2,5
180;60;765;05.03.2022;05.03.2022;0
181;61;342;05.03.2022;17.03.2022;3
182;61;580;05.03.2022;10.03.2022;2,5
183;61;752;05.03.2022;11.03.2022;3
184;62;11;05.03.2022;19.03.2022;3
185;62;552;05.03.2022;05.03.2022;0
186;62;717;05.03.2022;17.03.2022;3
187;63;66;05.03.2022;17.03.2022;3
188;63;448;05.03.2022;19.03.2022;3
189;63;609;05.03.2022;11.03.2022;3
190;64;18;05.03.2022;05.03.2022;0
191;64;138;05.03.2022;08.03.2022;1,5
192;64;412;05.03.2022;14.03.2022;3
193;65;421;05.03.2022;18.03.2022;3
194;65;613;05.03.2022;07.03.2022;1
195;65;738;05.03.2022;05.03.2022;0
196;66;127;05.03.2022;12.03.2022;3
197;66;156;05.03.2022;17.03.2022;3
198;66;549;05.03.2022;17.03.2022;3
199;67;445;05.03.2022;15.03.2022;3
200;67;662;05.03.2022;15.03.2022;3
201;67;757;05.03.2022;17.03.2022;3
202;68;545;05.03.2022;10.03.2022;2,5
203;68;570;05.03.2022;05.03.2022;0
204;68;675;05.03.2022;05.03.2022;0
205;69;39;05.03.2022;05.03.2022;0
206;69;188;05.03.2022;18.03.2022;3
207;69;189;05.03.2022;08.03.2022;1,5
208;70;217;05.03.2022;06.03.2022;0,5
209;70;529;05.03.2022;16.03.2022;3
210;70;778;05.03.2022;05.03.2022;0
211;71;58;05.03.2022;18.03.2022;3
212;71;122;05.03.2022;09.03.2022;2
213;71;569;05.03.2022;17.03.2022;3
214;72;261;05.03.2022;14.03.2022;3
215;72;365;05.03.2022;15.03.2022;3
216;72;440;05.03.2022;05.03.2022;0
217;73;53;05.03.2022;16.03.2022;3
218;73;720;05.03.2022;05.03.2022;0
219;73;723;05.03.2022;17.03.2022;3
221;74;306;05.03.2022;11.03.2022;3
222;74;659;05.03.2022;08.03.2022;1,5
223;75;150;05.03.2022;05.03.2022;0
224;75;278;05.03.2022;12.03.2022;3
225;75;504;05.03.2022;05.03.2022;0
226;76;400;05.03.2022;15.03.2022;3
227;76;592;05.03.2022;19.03.2022;3
228;76;773;05.03.2022;14.03.2022;3
229;77;203;05.03.2022;07.03.2022;1
230;77;503;05.03.2022;15.03.2022;3
231;77;685;05.03.2022;05.03.2022;0
232;78;361;05.03.2022;12.03.2022;3
233;78;476;05.03.2022;18.03.2022;3
234;78;693;05.03.2022;17.03.2022;3
235;79;24;05.03.2022;05.03.2022;0
236;79;667;05.03.2022;07.03.2022;1
237;79;780;05.03.2022;05.03.2022;0
238;80;266;05.03.2022;13.03.2022;3
239;80;654;05.03.2022;11.03.2022;3
240;80;770;05.03.2022;05.03.2022;0
241;81;21;05.03.2022;11.03.2022;3
242;81;177;05.03.2022;14.03.2022;3
243;81;472;05.03.2022;11.03.2022;3
244;82;71;05.03.2022;19.03.2022;3
245;82;74;05.03.2022;15.03.2022;3
246;82;79;05.03.2022;14.03.2022;3
247;83;175;05.03.2022;15.03.2022;3
248;83;492;05.03.2022;11.03.2022;3
249;83;544;05.03.2022;11.03.2022;3
250;84;132;05.03.2022;05.03.2022;0
251;84;360;05.03.2022;05.03.2022;0
252;84;766;05.03.2022;17.03.2022;3
253;85;101;05.03.2022;13.03.2022;3
254;85;579;05.03.2022;11.03.2022;3
255;85;701;05.03.2022;05.03.2022;0
256;86;237;05.03.2022;17.03.2022;3
257;86;622;05.03.2022;19.03.2022;3
258;86;625;05.03.2022;05.03.2022;0
259;87;2;05.03.2022;13.03.2022;3
260;87;67;05.03.2022;10.03.2022;2,5
261;87;318;05.03.2022;08.03.2022;1,5
262;88;193;05.03.2022;06.03.2022;0,5
263;88;224;05.03.2022;12.03.2022;3
264;88;273;05.03.2022;17.03.2022;3
265;89;81;05.03.2022;05.03.2022;0
266;89;399;05.03.2022;14.03.2022;3
267;89;681;05.03.2022;17.03.2022;3
268;90;128;05.03.2022;19.03.2022;3
269;90;221;05.03.2022;09.03.2022;2
270;90;521;05.03.2022;05.03.2022;0
271;91;208;05.03.2022;18.03.2022;3
272;91;229;05.03.2022;13.03.2022;3
273;91;634;05.03.2022;17.03.2022;3
274;92;310;05.03.2022;15.03.2022;3
275;92;596;05.03.2022;15.03.2022;3
276;92;683;05.03.2022;08.03.2022;1,5
277;93;113;05.03.2022;16.03.2022;3
278;93;315;05.03.2022;05.03.2022;0
279;93;548;05.03.2022;17.03.2022;3
280;94;145;05.03.2022;15.03.2022;3
281;94;373;05.03.2022;13.03.2022;3
282;94;779;05.03.2022;08.03.2022;1,5
283;95;264;05.03.2022;17.03.2022;3
284;95;350;05.03.2022;15.03.2022;3
285;95;786;05.03.2022;05.03.2022;0
286;96;426;05.03.2022;11.03.2022;3
287;96;694;05.03.2022;13.03.2022;3
288;96;736;05.03.2022;08.03.2022;1,5
289;97;80;05.03.2022;10.03.2022;2,5
290;97;391;05.03.2022;10.03.2022;2,5
291;97;484;05.03.2022;14.03.2022;3
292;98;87;05.03.2022;14.03.2022;3
293;98;386;05.03.2022;18.03.2022;3
294;98;559;05.03.2022;11.03.2022;3
295;99;37;05.03.2022;15.03.2022;3
296;99;281;05.03.2022;06.03.2022;0,5
297;99;505;06.03.2022;06.03.2022;0
298;100;204;06.03.2022;18.03.2022;3
299;100;408;06.03.2022;18.03.2022;3
300;100;543;06.03.2022;06.03.2022;0
301;101;253;06.03.2022;19.03.2022;3
302;101;431;06.03.2022;13.03.2022;3
303;101;536;06.03.2022;09.03.2022;1,5
304;102;166;06.03.2022;10.03.2022;2
305;102;351;06.03.2022;06.03.2022;0
306;102;707;06.03.2022;18.03.2022;3
307;103;584;06.03.2022;14.03.2022;3
308;103;594;06.03.2022;18.03.2022;3
309;103;745;06.03.2022;06.03.2022;0
310;104;339;06.03.2022;06.03.2022;0
311;104;455;06.03.2022;16.03.2022;3
312;104;500;06.03.2022;06.03.2022;0
313;105;8;06.03.2022;20.03.2022;3
314;105;148;06.03.2022;08.03.2022;1
315;105;158;06.03.2022;06.03.2022;0
316;106;46;06.03.2022;07.03.2022;0,5
317;106;271;06.03.2022;08.03.2022;1
318;106;728;06.03.2022;15.03.2022;3
319;107;136;06.03.2022;10.03.2022;2
320;107;245;06.03.2022;16.03.2022;3
321;107;498;06.03.2022;09.03.2022;1,5
322;108;307;06.03.2022;10.03.2022;2
323;108;461;06.03.2022;19.03.2022;3
324;108;465;06.03.2022;06.03.2022;0
325;109;29;06.03.2022;11.03.2022;2,5
326;109;207;06.03.2022;18.03.2022;3
327;109;697;06.03.2022;15.03.2022;3
328;110;413;06.03.2022;20.03.2022;3
329;110;525;06.03.2022;06.03.2022;0
330;110;583;06.03.2022;06.03.2022;0
331;111;119;06.03.2022;20.03.2022;3
332;111;169;06.03.2022;14.03.2022;3
333;111;240;06.03.2022;06.03.2022;0
334;112;230;06.03.2022;11.03.2022;2,5
335;112;334;06.03.2022;11.03.2022;2,5
336;112;611;06.03.2022;12.03.2022;3
337;113;531;06.03.2022;18.03.2022;3
338;113;616;06.03.2022;14.03.2022;3
339;113;682;06.03.2022;09.03.2022;1,5
340;114;555;06.03.2022;06.03.2022;0
341;114;651;06.03.2022;12.03.2022;3
342;114;706;06.03.2022;18.03.2022;3
343;115;213;06.03.2022;15.03.2022;3
344;115;695;06.03.2022;16.03.2022;3
345;115;709;06.03.2022;06.03.2022;0
346;116;111;06.03.2022;12.03.2022;3
347;116;630;06.03.2022;06.03.2022;0
348;116;759;06.03.2022;18.03.2022;3
349;117;10;06.03.2022;16.03.2022;3
350;117;205;06.03.2022;11.03.2022;2,5
351;117;250;06.03.2022;06.03.2022;0
352;118;7;06.03.2022;10.03.2022;2
353;118;274;06.03.2022;08.03.2022;1
354;118;423;06.03.2022;18.03.2022;3
355;119;288;06.03.2022;06.03.2022;0
356;119;346;06.03.2022;17.03.2022;3
357;119;458;06.03.2022;12.03.2022;3
358;120;60;06.03.2022;06.03.2022;0
359;120;560;06.03.2022;16.03.2022;3
360;120;572;06.03.2022;06.03.2022;0
361;121;357;06.03.2022;18.03.2022;3
362;121;604;06.03.2022;14.03.2022;3
363;121;674;06.03.2022;18.03.2022;3
364;122;639;06.03.2022;12.03.2022;3
365;122;643;06.03.2022;11.03.2022;2,5
366;122;722;06.03.2022;18.03.2022;3
367;123;121;06.03.2022;13.03.2022;3
368;123;167;06.03.2022;07.03.2022;0,5
369;123;388;06.03.2022;18.03.2022;3
370;124;118;06.03.2022;16.03.2022;3
371;124;280;06.03.2022;11.03.2022;2,5
372;124;741;06.03.2022;18.03.2022;3
373;125;139;06.03.2022;13.03.2022;3
374;125;270;06.03.2022;06.03.2022;0
375;125;791;06.03.2022;06.03.2022;0
376;126;206;06.03.2022;17.03.2022;3
377;126;436;06.03.2022;08.03.2022;1
378;126;632;06.03.2022;12.03.2022;3
379;127;42;06.03.2022;09.03.2022;1,5
380;127;335;06.03.2022;16.03.2022;3
381;127;468;06.03.2022;09.03.2022;1,5
382;128;92;06.03.2022;20.03.2022;3
383;128;499;06.03.2022;08.03.2022;1
384;128;783;06.03.2022;18.03.2022;3
385;129;178;06.03.2022;16.03.2022;3
386;129;181;06.03.2022;17.03.2022;3
387;129;460;06.03.2022;06.03.2022;0
388;130;23;06.03.2022;20.03.2022;3
389;130;517;06.03.2022;14.03.2022;3
390;130;762;06.03.2022;06.03.2022;0
391;131;295;06.03.2022;16.03.2022;3
392;131;325;06.03.2022;11.03.2022;2,5
393;131;664;06.03.2022;18.03.2022;3
394;132;389;06.03.2022;17.03.2022;3
395;132;547;06.03.2022;11.03.2022;2,5
396;132;793;06.03.2022;09.03.2022;1,5
397;133;63;06.03.2022;12.03.2022;3
398;133;624;06.03.2022;18.03.2022;3
399;133;715;06.03.2022;06.03.2022;0
400;134;344;06.03.2022;11.03.2022;2,5
401;134;687;06.03.2022;18.03.2022;3
402;134;754;06.03.2022;09.03.2022;1,5
403;135;94;06.03.2022;13.03.2022;3
404;135;352;06.03.2022;14.03.2022;3
405;135;354;06.03.2022;06.03.2022;0
406;136;16;06.03.2022;07.03.2022;0,5
407;136;84;06.03.2022;09.03.2022;1,5
408;136;124;06.03.2022;18.03.2022;3
409;137;106;06.03.2022;10.03.2022;2
410;137;370;06.03.2022;11.03.2022;2,5
411;137;491;06.03.2022;12.03.2022;3
412;138;171;06.03.2022;18.03.2022;3
413;138;327;06.03.2022;12.03.2022;3
414;138;541;06.03.2022;15.03.2022;3
415;139;153;06.03.2022;06.03.2022;0
416;139;442;06.03.2022;08.03.2022;1
417;139;785;06.03.2022;06.03.2022;0
418;140;260;06.03.2022;11.03.2022;2,5
419;140;646;06.03.2022;20.03.2022;3
420;140;750;06.03.2022;06.03.2022;0
421;141;86;07.03.2022;18.03.2022;3
422;141;256;07.03.2022;09.03.2022;1
423;141;377;07.03.2022;13.03.2022;3
424;142;185;07.03.2022;12.03.2022;2,5
425;142;267;07.03.2022;07.03.2022;0
426;142;567;07.03.2022;19.03.2022;3
427;143;330;07.03.2022;07.03.2022;0
428;143;532;07.03.2022;18.03.2022;3
429;143;781;07.03.2022;16.03.2022;3
430;144;314;07.03.2022;12.03.2022;2,5
431;144;341;07.03.2022;08.03.2022;0,5
432;144;614;07.03.2022;10.03.2022;1,5
433;145;179;07.03.2022;09.03.2022;1
434;145;343;07.03.2022;09.03.2022;1
435;145;438;07.03.2022;07.03.2022;0
436;146;55;07.03.2022;17.03.2022;3
437;146;393;07.03.2022;13.03.2022;3
438;146;725;07.03.2022;07.03.2022;0
439;147;102;07.03.2022;10.03.2022;1,5
440;147;415;07.03.2022;12.03.2022;2,5
441;147;598;07.03.2022;10.03.2022;1,5
442;148;284;07.03.2022;15.03.2022;3
443;148;293;07.03.2022;11.03.2022;2
444;148;696;07.03.2022;16.03.2022;3
445;149;574;07.03.2022;17.03.2022;3
446;149;595;07.03.2022;12.03.2022;2,5
447;149;775;07.03.2022;07.03.2022;0
448;150;539;07.03.2022;09.03.2022;1
449;150;633;07.03.2022;19.03.2022;3
450;150;671;07.03.2022;07.03.2022;0
451;151;180;07.03.2022;07.03.2022;0
452;151;656;07.03.2022;14.03.2022;3
453;151;797;07.03.2022;13.03.2022;3
454;152;26;07.03.2022;21.03.2022;3
455;152;597;07.03.2022;07.03.2022;0
456;152;669;07.03.2022;16.03.2022;3
457;153;98;07.03.2022;18.03.2022;3
458;153;137;07.03.2022;08.03.2022;0,5
459;153;591;07.03.2022;16.03.2022;3
460;154;160;07.03.2022;17.03.2022;3
461;154;473;07.03.2022;20.03.2022;3
462;154;501;07.03.2022;19.03.2022;3
463;155;51;07.03.2022;10.03.2022;1,5
464;155;82;07.03.2022;15.03.2022;3
466;156;248;07.03.2022;15.03.2022;3
467;156;407;07.03.2022;11.03.2022;2
468;156;794;07.03.2022;19.03.2022;3
469;157;605;07.03.2022;12.03.2022;2,5
470;157;619;07.03.2022;12.03.2022;2,5
471;157;690;07.03.2022;07.03.2022;0
472;158;225;07.03.2022;07.03.2022;0
473;158;582;07.03.2022;13.03.2022;3
474;158;700;07.03.2022;07.03.2022;0
475;159;95;07.03.2022;12.03.2022;2,5
476;159;110;07.03.2022;17.03.2022;3
477;159;418;07.03.2022;13.03.2022;3
478;160;174;07.03.2022;19.03.2022;3
479;160;303;07.03.2022;19.03.2022;3
480;160;767;07.03.2022;07.03.2022;0
481;161;76;07.03.2022;08.03.2022;0,5
482;161;219;07.03.2022;10.03.2022;1,5
483;161;302;07.03.2022;13.03.2022;3
484;162;242;07.03.2022;15.03.2022;3
485;162;451;07.03.2022;12.03.2022;2,5
486;162;488;07.03.2022;10.03.2022;1,5
487;163;68;07.03.2022;18.03.2022;3
488;163;320;07.03.2022;17.03.2022;3
489;163;663;07.03.2022;19.03.2022;3
490;164;232;07.03.2022;17.03.2022;3
491;164;602;07.03.2022;14.03.2022;3
492;164;711;07.03.2022;19.03.2022;3
493;165;108;07.03.2022;16.03.2022;3
494;165;231;07.03.2022;16.03.2022;3
495;165;590;07.03.2022;07.03.2022;0
496;166;12;07.03.2022;19.03.2022;3
497;166;129;07.03.2022;10.03.2022;1,5
498;166;457;07.03.2022;13.03.2022;3
499;167;369;07.03.2022;13.03.2022;3
500;167;375;07.03.2022;07.03.2022;0
501;167;782;07.03.2022;19.03.2022;3
502;168;647;07.03.2022;21.03.2022;3
503;168;648;07.03.2022;16.03.2022;3
504;168;732;07.03.2022;10.03.2022;1,5
505;169;244;07.03.2022;17.03.2022;3
506;169;512;07.03.2022;14.03.2022;3
507;169;716;07.03.2022;19.03.2022;3
508;170;83;07.03.2022;21.03.2022;3
509;170;486;07.03.2022;16.03.2022;3
510;170;676;07.03.2022;07.03.2022;0
511;171;33;07.03.2022;10.03.2022;1,5
512;171;300;07.03.2022;07.03.2022;0
513;171;381;07.03.2022;10.03.2022;1,5
514;172;107;07.03.2022;15.03.2022;3
515;172;190;07.03.2022;12.03.2022;2,5
516;172;309;07.03.2022;16.03.2022;3
517;173;410;08.03.2022;13.03.2022;2,5
518;173;546;08.03.2022;11.03.2022;1,5
519;173;724;08.03.2022;14.03.2022;3
520;174;123;08.03.2022;08.03.2022;0
521;174;427;08.03.2022;10.03.2022;1
522;174;672;08.03.2022;17.03.2022;3
523;175;218;08.03.2022;22.03.2022;3
524;175;518;08.03.2022;15.03.2022;3
525;175;774;08.03.2022;08.03.2022;0
526;176;554;08.03.2022;22.03.2022;3
527;176;587;08.03.2022;12.03.2022;2
528;176;713;08.03.2022;17.03.2022;3
529;177;17;08.03.2022;16.03.2022;3
530;177;228;08.03.2022;08.03.2022;0
531;177;571;08.03.2022;14.03.2022;3
532;178;184;08.03.2022;21.03.2022;3
533;178;316;08.03.2022;16.03.2022;3
534;178;795;08.03.2022;08.03.2022;0
535;179;14;08.03.2022;13.03.2022;2,5
536;179;25;08.03.2022;13.03.2022;2,5
537;179;730;08.03.2022;08.03.2022;0
538;180;292;08.03.2022;09.03.2022;0,5
539;180;298;08.03.2022;10.03.2022;1
540;180;640;08.03.2022;08.03.2022;0
541;181;96;08.03.2022;14.03.2022;3
542;181;443;08.03.2022;09.03.2022;0,5
543;181;653;08.03.2022;17.03.2022;3
544;182;31;08.03.2022;12.03.2022;2
545;182;226;08.03.2022;13.03.2022;2,5
546;182;626;08.03.2022;14.03.2022;3
547;183;75;08.03.2022;08.03.2022;0
548;183;304;08.03.2022;10.03.2022;1
549;183;603;08.03.2022;20.03.2022;3
550;184;356;08.03.2022;13.03.2022;2,5
551;184;534;08.03.2022;17.03.2022;3
552;184;734;08.03.2022;11.03.2022;1,5
553;185;233;08.03.2022;22.03.2022;3
554;185;425;08.03.2022;18.03.2022;3
555;185;435;08.03.2022;08.03.2022;0
556;186;378;08.03.2022;11.03.2022;1,5
557;186;493;08.03.2022;19.03.2022;3
558;186;751;08.03.2022;11.03.2022;1,5
559;187;35;08.03.2022;13.03.2022;2,5
560;187;454;08.03.2022;13.03.2022;2,5
561;187;556;08.03.2022;14.03.2022;3
562;188;216;08.03.2022;20.03.2022;3
563;188;698;08.03.2022;12.03.2022;2
564;188;787;08.03.2022;11.03.2022;1,5
565;189;52;08.03.2022;18.03.2022;3
566;189;198;08.03.2022;11.03.2022;1,5
567;189;489;08.03.2022;11.03.2022;1,5
568;190;88;08.03.2022;12.03.2022;2
569;190;142;08.03.2022;16.03.2022;3
570;190;163;08.03.2022;08.03.2022;0
571;191;359;08.03.2022;22.03.2022;3
572;191;430;08.03.2022;13.03.2022;2,5
573;191;439;08.03.2022;20.03.2022;3
574;192;332;08.03.2022;16.03.2022;3
575;192;660;08.03.2022;08.03.2022;0
576;192;733;08.03.2022;11.03.2022;1,5
577;193;201;08.03.2022;20.03.2022;3
578;193;446;08.03.2022;21.03.2022;3
579;193;563;08.03.2022;20.03.2022;3
580;194;345;08.03.2022;08.03.2022;0
581;194;406;08.03.2022;19.03.2022;3
582;194;519;08.03.2022;11.03.2022;1,5
583;195;34;08.03.2022;15.03.2022;3
584;195;186;08.03.2022;17.03.2022;3
585;195;299;08.03.2022;08.03.2022;0
586;196;146;08.03.2022;19.03.2022;3
587;196;340;08.03.2022;13.03.2022;2,5
588;196;349;08.03.2022;20.03.2022;3
589;197;258;08.03.2022;20.03.2022;3
590;197;283;08.03.2022;13.03.2022;2,5
591;197;743;08.03.2022;11.03.2022;1,5
592;198;328;08.03.2022;09.03.2022;0,5
593;198;371;08.03.2022;21.03.2022;3
594;198;714;08.03.2022;14.03.2022;3
595;199;268;08.03.2022;18.03.2022;3
596;199;305;08.03.2022;18.03.2022;3
597;199;481;09.03.2022;21.03.2022;3
598;200;44;09.03.2022;11.03.2022;1
599;200;470;09.03.2022;19.03.2022;3
600;200;800;09.03.2022;09.03.2022;0
601;201;441;09.03.2022;15.03.2022;3
602;201;477;09.03.2022;18.03.2022;3
603;202;279;09.03.2022;21.03.2022;3
604;202;796;09.03.2022;13.03.2022;2
605;203;450;09.03.2022;09.03.2022;0
606;203;764;09.03.2022;18.03.2022;3
607;204;522;09.03.2022;18.03.2022;3
608;204;771;09.03.2022;12.03.2022;1,5
609;205;97;09.03.2022;12.03.2022;1,5
610;205;362;09.03.2022;14.03.2022;2,5
611;206;65;09.03.2022;19.03.2022;3
612;206;635;09.03.2022;09.03.2022;0
613;207;15;09.03.2022;09.03.2022;0
614;207;452;09.03.2022;22.03.2022;3
615;208;379;09.03.2022;09.03.2022;0
616;208;535;09.03.2022;19.03.2022;3
617;209;126;09.03.2022;21.03.2022;3
618;209;155;09.03.2022;09.03.2022;0
619;210;133;09.03.2022;16.03.2022;3
620;210;637;09.03.2022;14.03.2022;2,5
621;211;649;09.03.2022;18.03.2022;3
622;211;704;09.03.2022;17.03.2022;3
623;212;192;09.03.2022;15.03.2022;3
624;212;444;09.03.2022;15.03.2022;3
625;213;72;09.03.2022;09.03.2022;0
626;213;195;09.03.2022;09.03.2022;0
627;214;202;09.03.2022;18.03.2022;3
628;214;756;09.03.2022;12.03.2022;1,5
629;215;187;09.03.2022;17.03.2022;3
630;215;658;09.03.2022;09.03.2022;0
631;216;194;09.03.2022;23.03.2022;3
632;216;661;09.03.2022;11.03.2022;1
633;217;5;09.03.2022;09.03.2022;0
634;217;380;09.03.2022;14.03.2022;2,5
635;218;182;09.03.2022;19.03.2022;3
636;218;692;09.03.2022;21.03.2022;3
637;219;367;09.03.2022;13.03.2022;2
638;219;510;09.03.2022;09.03.2022;0
639;220;57;09.03.2022;12.03.2022;1,5
640;220;557;09.03.2022;14.03.2022;2,5
641;221;296;09.03.2022;10.03.2022;0,5
642;221;699;09.03.2022;12.03.2022;1,5
643;222;540;09.03.2022;09.03.2022;0
644;222;748;09.03.2022;11.03.2022;1
645;223;385;09.03.2022;09.03.2022;0
646;223;608;09.03.2022;17.03.2022;3
647;224;183;09.03.2022;15.03.2022;3
648;224;746;09.03.2022;12.03.2022;1,5
649;225;255;09.03.2022;09.03.2022;0
650;225;478;09.03.2022;14.03.2022;2,5
651;226;116;09.03.2022;15.03.2022;3
652;226;409;09.03.2022;22.03.2022;3
653;227;475;09.03.2022;14.03.2022;2,5
654;227;553;09.03.2022;21.03.2022;3
655;228;366;09.03.2022;09.03.2022;0
656;228;772;09.03.2022;11.03.2022;1
657;229;434;09.03.2022;12.03.2022;1,5
658;229;629;09.03.2022;11.03.2022;1
659;230;621;09.03.2022;18.03.2022;3
660;230;739;09.03.2022;09.03.2022;0
661;231;49;09.03.2022;13.03.2022;2
662;231;272;09.03.2022;13.03.2022;2
663;232;420;09.03.2022;09.03.2022;0
664;232;719;09.03.2022;20.03.2022;3
665;233;40;09.03.2022;14.03.2022;2,5
666;233;769;09.03.2022;18.03.2022;3
667;234;134;09.03.2022;17.03.2022;3
668;234;527;10.03.2022;11.03.2022;0,5
669;235;20;10.03.2022;10.03.2022;0
670;235;585;10.03.2022;10.03.2022;0
671;236;47;10.03.2022;17.03.2022;3
672;236;322;10.03.2022;19.03.2022;3
673;237;73;10.03.2022;14.03.2022;2
674;237;740;10.03.2022;20.03.2022;3
675;238;243;10.03.2022;10.03.2022;0
676;238;790;10.03.2022;20.03.2022;3
677;239;131;10.03.2022;17.03.2022;3
678;239;347;10.03.2022;16.03.2022;3
679;240;319;10.03.2022;11.03.2022;0,5
680;240;760;10.03.2022;15.03.2022;2,5
681;241;91;10.03.2022;16.03.2022;3
682;241;684;10.03.2022;13.03.2022;1,5
683;242;151;10.03.2022;18.03.2022;3
684;242;515;10.03.2022;10.03.2022;0
685;243;41;10.03.2022;15.03.2022;2,5
686;243;428;10.03.2022;23.03.2022;3
687;244;168;10.03.2022;16.03.2022;3
688;244;236;10.03.2022;18.03.2022;3
689;245;70;10.03.2022;15.03.2022;2,5
690;245;311;10.03.2022;10.03.2022;0
691;246;61;10.03.2022;11.03.2022;0,5
692;246;511;10.03.2022;12.03.2022;1
693;247;257;10.03.2022;16.03.2022;3
694;247;642;10.03.2022;13.03.2022;1,5
695;248;317;10.03.2022;20.03.2022;3
696;248;459;10.03.2022;19.03.2022;3
697;249;152;10.03.2022;24.03.2022;3
698;249;223;10.03.2022;24.03.2022;3
699;250;294;10.03.2022;16.03.2022;3
700;250;479;10.03.2022;15.03.2022;2,5
701;251;247;10.03.2022;12.03.2022;1
702;251;798;10.03.2022;16.03.2022;3
703;252;467;10.03.2022;21.03.2022;3
704;252;688;10.03.2022;12.03.2022;1
705;253;196;10.03.2022;10.03.2022;0
706;253;612;10.03.2022;22.03.2022;3
707;254;99;10.03.2022;13.03.2022;1,5
708;254;655;10.03.2022;10.03.2022;0
709;255;249;10.03.2022;16.03.2022;3
710;255;404;10.03.2022;20.03.2022;3
711;256;235;10.03.2022;10.03.2022;0
712;256;753;10.03.2022;16.03.2022;3
713;257;508;10.03.2022;24.03.2022;3
714;257;702;10.03.2022;13.03.2022;1,5
715;258;561;10.03.2022;10.03.2022;0
716;258;703;10.03.2022;18.03.2022;3
717;259;54;10.03.2022;13.03.2022;1,5
718;259;390;10.03.2022;10.03.2022;0
719;260;3;10.03.2022;22.03.2022;3
720;260;537;10.03.2022;10.03.2022;0
721;261;4;10.03.2022;14.03.2022;2
722;261;578;10.03.2022;11.03.2022;0,5
723;262;312;10.03.2022;16.03.2022;3
724;262;374;10.03.2022;21.03.2022;3
725;263;144;10.03.2022;10.03.2022;0
726;263;165;10.03.2022;10.03.2022;0
727;264;211;10.03.2022;17.03.2022;3
728;264;761;10.03.2022;23.03.2022;3
729;265;462;10.03.2022;13.03.2022;1,5
730;265;668;10.03.2022;15.03.2022;2,5
731;266;220;10.03.2022;15.03.2022;2,5
732;266;566;11.03.2022;23.03.2022;3
733;267;62;11.03.2022;22.03.2022;3
734;267;115;11.03.2022;16.03.2022;2,5
735;268;135;11.03.2022;11.03.2022;0
736;268;562;11.03.2022;18.03.2022;3
737;269;114;11.03.2022;14.03.2022;1,5
738;269;364;11.03.2022;23.03.2022;3
739;270;212;11.03.2022;19.03.2022;3
740;270;394;11.03.2022;16.03.2022;2,5
741;271;157;11.03.2022;23.03.2022;3
742;271;405;11.03.2022;11.03.2022;0
743;272;176;11.03.2022;24.03.2022;3
744;272;282;11.03.2022;14.03.2022;1,5
745;273;241;11.03.2022;21.03.2022;3
746;273;395;11.03.2022;21.03.2022;3
747;274;329;11.03.2022;14.03.2022;1,5
748;274;480;11.03.2022;11.03.2022;0
749;275;402;11.03.2022;14.03.2022;1,5
750;275;799;11.03.2022;11.03.2022;0
751;276;466;11.03.2022;12.03.2022;0,5
752;276;689;11.03.2022;24.03.2022;3
753;277;197;11.03.2022;17.03.2022;3
754;277;353;11.03.2022;13.03.2022;1
755;278;100;11.03.2022;16.03.2022;2,5
756;278;558;11.03.2022;14.03.2022;1,5
757;279;161;11.03.2022;13.03.2022;1
758;279;550;11.03.2022;16.03.2022;2,5
759;280;286;11.03.2022;20.03.2022;3
760;280;301;11.03.2022;21.03.2022;3
761;281;382;11.03.2022;13.03.2022;1
762;281;538;11.03.2022;17.03.2022;3
763;282;333;11.03.2022;20.03.2022;3
764;282;737;11.03.2022;24.03.2022;3
765;283;416;11.03.2022;11.03.2022;0
766;283;449;11.03.2022;25.03.2022;3
767;284;575;11.03.2022;21.03.2022;3
768;284;617;11.03.2022;17.03.2022;3
769;285;38;11.03.2022;13.03.2022;1
770;285;172;11.03.2022;16.03.2022;2,5
771;286;485;11.03.2022;11.03.2022;0
772;286;708;11.03.2022;17.03.2022;3
773;287;254;11.03.2022;18.03.2022;3
774;287;758;11.03.2022;23.03.2022;3
775;288;262;11.03.2022;21.03.2022;3
776;288;618;11.03.2022;14.03.2022;1,5
777;289;9;11.03.2022;14.03.2022;1,5
778;289;513;11.03.2022;20.03.2022;3
779;290;59;11.03.2022;12.03.2022;0,5
780;290;383;11.03.2022;11.03.2022;0
781;291;149;11.03.2022;25.03.2022;3
782;291;348;11.03.2022;17.03.2022;3
783;292;645;11.03.2022;11.03.2022;0
784;292;729;11.03.2022;17.03.2022;3
785;293;209;11.03.2022;21.03.2022;3
786;293;509;11.03.2022;20.03.2022;3
787;294;419;11.03.2022;19.03.2022;3
788;294;677;11.03.2022;12.03.2022;0,5
789;295;30;11.03.2022;11.03.2022;0
790;295;673;11.03.2022;21.03.2022;3
791;296;387;11.03.2022;23.03.2022;3
792;296;610;11.03.2022;11.03.2022;0
793;297;141;11.03.2022;14.03.2022;1,5
794;297;542;11.03.2022;24.03.2022;3
795;298;105;11.03.2022;11.03.2022;0
796;298;324;11.03.2022;20.03.2022;3
797;299;246;11.03.2022;23.03.2022;3
798;299;411;11.03.2022;14.03.2022;1,5
799;300;337;11.03.2022;24.03.2022;3
800;300;600;11.03.2022;11.03.2022;0
